date,chrome-version,chrome-interop-2025-anchor-positioning,chrome-interop-2025-core-web-vitals,chrome-interop-2025-modules,chrome-interop-2025-navigation,chrome-interop-2025-backdrop-filter,chrome-interop-2023-events,chrome-interop-2024-layout,chrome-interop-2025-remove-mutation-events,chrome-interop-2025-scrollend,chrome-interop-2025-storageaccess,chrome-interop-2025-details,chrome-interop-2025-textdecoration,chrome-interop-2025-scope,chrome-interop-2025-urlpattern,chrome-interop-2025-view-transitions,chrome-interop-2025-webassembly,chrome-interop-2025-writingmodes,chrome-interop-2025-webcompat,chrome-interop-2025-webrtc,edge-version,edge-interop-2025-anchor-positioning,edge-interop-2025-core-web-vitals,edge-interop-2025-modules,edge-interop-2025-navigation,edge-interop-2025-backdrop-filter,edge-interop-2023-events,edge-interop-2024-layout,edge-interop-2025-remove-mutation-events,edge-interop-2025-scrollend,edge-interop-2025-storageaccess,edge-interop-2025-details,edge-interop-2025-textdecoration,edge-interop-2025-scope,edge-interop-2025-urlpattern,edge-interop-2025-view-transitions,edge-interop-2025-webassembly,edge-interop-2025-writingmodes,edge-interop-2025-webcompat,edge-interop-2025-webrtc,firefox-version,firefox-interop-2025-anchor-positioning,firefox-interop-2025-core-web-vitals,firefox-interop-2025-modules,firefox-interop-2025-navigation,firefox-interop-2025-backdrop-filter,firefox-interop-2023-events,firefox-interop-2024-layout,firefox-interop-2025-remove-mutation-events,firefox-interop-2025-scrollend,firefox-interop-2025-storageaccess,firefox-interop-2025-details,firefox-interop-2025-textdecoration,firefox-interop-2025-scope,firefox-interop-2025-urlpattern,firefox-interop-2025-view-transitions,firefox-interop-2025-webassembly,firefox-interop-2025-writingmodes,firefox-interop-2025-webcompat,firefox-interop-2025-webrtc,safari-version,safari-interop-2025-anchor-positioning,safari-interop-2025-core-web-vitals,safari-interop-2025-modules,safari-interop-2025-navigation,safari-interop-2025-backdrop-filter,safari-interop-2023-events,safari-interop-2024-layout,safari-interop-2025-remove-mutation-events,safari-interop-2025-scrollend,safari-interop-2025-storageaccess,safari-interop-2025-details,safari-interop-2025-textdecoration,safari-interop-2025-scope,safari-interop-2025-urlpattern,safari-interop-2025-view-transitions,safari-interop-2025-webassembly,safari-interop-2025-writingmodes,safari-interop-2025-webcompat,safari-interop-2025-webrtc,interop-version,interop-interop-2025-anchor-positioning,interop-interop-2025-core-web-vitals,interop-interop-2025-modules,interop-interop-2025-navigation,interop-interop-2025-backdrop-filter,interop-interop-2023-events,interop-interop-2024-layout,interop-interop-2025-remove-mutation-events,interop-interop-2025-scrollend,interop-interop-2025-storageaccess,interop-interop-2025-details,interop-interop-2025-textdecoration,interop-interop-2025-scope,interop-interop-2025-urlpattern,interop-interop-2025-view-transitions,interop-interop-2025-webassembly,interop-interop-2025-writingmodes,interop-interop-2025-webcompat,interop-interop-2025-webrtc
2025-01-01,133.0.6929.0,988,978,955,992,884,876,998,0,821,622,804,911,1000,1000,980,0,985,823,832,133.0.3014.0,962,790,955,978,434,876,998,0,821,532,804,911,965,1000,897,0,985,823,832,135.0a1,151,573,100,5,768,925,956,0,750,905,403,991,110,1,68,0,939,655,758,210 preview,159,41,824,5,782,816,942,0,17,243,555,738,839,1,882,0,220,613,751,-,147,41,100,5,437,787,911,0,21,197,501,738,110,1,57,0,222,631,589
2025-01-02,133.0.6933.0,988,978,955,992,884,876,998,0,821,622,804,911,1000,1000,980,0,985,823,832,133.0.3014.0,962,790,955,976,434,876,998,0,821,532,804,911,965,1000,908,0,985,823,832,135.0a1,151,573,100,5,768,901,956,0,750,909,403,991,110,1,68,0,939,655,758,210 preview,159,41,818,5,782,816,942,0,26,243,555,738,839,1,882,0,220,613,751,-,147,41,100,5,437,763,911,0,32,197,501,738,110,1,57,0,222,631,589
2025-01-03,133.0.6935.0,988,978,955,992,884,876,998,0,821,622,804,911,1000,1000,977,0,985,823,832,133.0.3014.0,962,790,955,978,434,876,998,0,821,532,804,911,965,1000,923,0,985,823,832,135.0a1,151,582,100,5,768,901,956,0,750,905,403,991,110,1,68,0,939,655,758,210 preview,159,41,818,5,782,816,942,0,26,243,555,738,839,1,882,0,220,613,751,-,147,41,100,5,437,763,911,0,32,197,501,738,110,1,57,0,222,631,589
2025-01-04,133.0.6936.0,988,978,955,992,884,876,998,0,821,622,804,911,1000,1000,984,0,985,823,832,133.0.3014.0,962,790,955,981,434,876,998,0,821,532,804,911,965,1000,920,0,985,823,832,135.0a1,151,582,100,5,768,925,955,0,750,902,403,991,110,1,68,0,939,655,758,210 preview,159,41,818,5,782,816,941,0,17,243,555,738,839,1,882,0,220,613,751,-,147,41,100,5,437,787,910,0,21,197,501,738,110,1,57,0,222,631,589
2025-01-06,133.0.6941.0,988,978,955,992,884,876,998,0,821,622,804,911,1000,1000,984,0,985,823,832,133.0.3014.0,962,790,955,984,434,876,998,0,821,532,804,911,965,1000,920,0,985,823,832,135.0a1,151,582,100,5,768,925,956,0,750,905,403,991,110,1,68,0,939,655,758,210 preview,159,41,824,5,782,816,942,0,26,243,555,738,839,1,878,0,220,613,751,-,147,41,100,5,437,787,911,0,32,197,501,738,110,1,57,0,222,631,589
2025-01-07,133.0.6943.0,988,969,955,992,884,876,998,0,821,622,804,911,1000,1000,984,0,985,823,832,133.0.3014.0,962,790,955,976,434,876,998,0,821,532,804,911,965,1000,908,0,985,823,832,136.0a1,151,573,100,5,768,901,956,0,750,905,403,991,110,1,68,0,939,655,758,210 preview,159,41,818,5,782,816,942,0,26,243,555,738,839,1,882,0,220,613,751,-,147,41,100,5,437,763,910,0,32,197,501,738,110,1,57,0,222,631,589
2025-01-08,134.0.6944.0,988,978,955,992,884,876,998,0,821,622,804,911,1000,1000,979,0,985,823,832,133.0.3054.1,966,986,955,973,434,900,998,0,821,532,804,911,1000,1000,916,0,985,823,832,136.0a1,151,582,100,5,768,925,956,0,750,909,403,991,110,1,68,0,939,655,758,210 preview,159,41,818,5,782,816,942,0,26,243,555,738,839,1,882,0,220,613,751,-,151,41,100,5,437,787,911,0,32,197,501,738,110,1,57,0,222,631,589
2025-01-09,134.0.6946.0,988,969,955,992,956,880,998,0,821,622,804,911,1000,1000,980,0,985,823,809,133.0.3054.1,966,986,955,978,492,904,998,0,821,532,804,911,1000,1000,927,0,985,823,832,136.0a1,151,573,100,5,840,905,956,0,750,905,403,991,110,1,68,0,939,655,758,210 preview,159,41,824,5,840,820,942,0,26,243,555,738,839,1,882,0,220,613,751,-,151,41,100,5,449,767,911,0,32,197,501,738,110,1,57,0,222,631,589
2025-01-10,134.0.6948.0,992,978,955,992,956,880,998,0,821,622,804,911,1000,1000,984,0,985,847,832,133.0.3054.1,971,978,955,981,492,904,998,0,821,532,804,911,1000,1000,927,0,985,847,832,136.0a1,151,573,100,5,840,905,956,0,750,905,403,991,110,1,68,0,939,679,758,210 preview,159,41,824,5,840,820,943,0,26,243,555,738,839,1,882,0,220,637,751,-,151,41,100,5,449,767,911,0,32,197,501,738,110,1,57,0,222,642,589
2025-01-11,134.0.6949.0,992,978,955,992,956,880,998,0,821,622,804,911,1000,1000,977,0,985,847,816,133.0.3054.1,971,986,955,978,492,904,998,0,821,532,804,911,1000,1000,920,0,985,847,832,136.0a1,151,582,100,5,840,905,956,0,750,909,403,991,110,1,68,0,939,679,758,210 preview,159,41,818,5,840,820,941,0,26,243,555,738,839,1,882,0,220,637,751,-,151,41,100,5,449,767,911,0,32,197,501,738,110,1,57,0,222,642,589
2025-01-12,134.0.6950.0,992,969,955,992,956,880,998,0,821,622,804,911,1000,1000,973,0,985,847,832,133.0.3054.1,971,986,955,973,492,904,998,0,821,532,804,911,1000,1000,920,0,985,847,832,136.0a1,151,573,100,5,840,905,956,0,750,909,403,991,110,1,68,0,939,679,758,210 preview,159,41,818,5,840,820,941,0,26,243,555,738,839,1,882,0,220,637,751,-,151,41,100,5,449,767,911,0,32,197,501,738,110,1,57,0,222,642,589
2025-01-13,134.0.6954.0,992,978,955,992,956,880,998,0,821,622,804,911,1000,1000,980,0,985,847,832,133.0.3054.1,971,986,955,981,492,904,998,0,821,532,804,911,1000,1000,920,0,985,847,832,136.0a1,151,573,100,5,840,929,956,0,339,905,403,991,110,1,68,0,939,679,758,210 preview,159,41,818,5,840,820,942,0,17,243,555,738,839,1,882,0,220,637,751,-,151,41,100,5,449,791,911,0,10,197,501,738,110,1,57,0,222,642,589
2025-01-14,134.0.6956.0,992,978,955,992,956,880,998,0,821,622,804,911,1000,1000,980,0,985,847,832,133.0.3054.1,971,986,955,981,492,904,998,0,821,532,804,911,1000,1000,923,0,985,847,832,136.0a1,151,573,100,5,840,929,956,0,339,909,403,991,110,1,68,0,939,679,758,210 preview,159,41,824,5,840,820,942,0,26,243,555,738,839,1,882,0,220,637,751,-,151,41,100,5,449,791,910,0,10,197,501,738,110,1,57,0,222,642,589
2025-01-24,134.0.6976.0,992,978,955,992,956,880,998,0,821,622,847,911,1000,1000,987,0,985,847,832,134.0.3081.2,971,978,955,976,492,904,998,0,821,532,847,911,1000,1000,922,0,985,847,832,136.0a1,151,573,100,5,840,905,959,0,339,909,468,991,110,1,68,0,939,679,804,212 preview,159,41,818,5,840,820,943,0,26,243,599,738,839,1,887,0,702,637,751,-,151,41,100,5,449,767,916,0,10,197,552,738,110,1,57,0,688,642,589
2025-01-25,134.0.6978.0,992,969,955,992,956,880,998,0,821,622,847,911,1000,1000,987,0,985,847,832,134.0.3081.2,971,986,955,978,492,904,998,0,821,532,847,911,1000,1000,922,0,985,847,832,136.0a1,151,573,100,5,840,905,959,0,339,909,468,991,110,1,68,0,939,679,804,212 preview,159,41,824,5,840,820,942,0,17,243,599,738,839,1,887,0,697,637,751,-,151,41,100,5,449,767,914,0,10,197,552,738,110,1,57,0,683,642,589
2025-01-26,134.0.6980.0,992,969,955,992,956,880,998,0,821,622,847,911,1000,1000,980,0,985,847,832,134.0.3081.2,971,986,955,981,492,904,998,0,821,532,847,911,1000,1000,926,0,985,847,832,136.0a1,151,582,100,5,840,905,959,0,339,909,468,991,110,1,68,0,939,679,804,212 preview,159,41,818,5,840,820,943,0,26,243,599,738,839,1,887,0,697,637,751,-,151,41,100,5,449,767,914,0,10,197,552,738,110,1,57,0,683,642,589
2025-01-27,134.0.6982.0,992,978,955,992,956,880,998,0,821,622,847,911,1000,1000,983,0,985,847,832,134.0.3081.2,971,986,955,981,492,904,998,0,821,532,847,911,1000,1000,926,0,985,847,832,136.0a1,151,582,100,5,840,905,959,0,339,909,468,991,110,1,68,0,939,679,804,212 preview,159,41,818,5,840,820,943,0,17,243,599,738,839,1,887,0,697,637,751,-,151,41,100,5,449,767,915,0,10,197,552,738,110,1,57,0,683,642,589
2025-01-29,134.0.6985.0,992,978,955,992,956,904,998,0,821,622,847,911,1000,1000,979,0,985,847,832,134.0.3096.1,971,986,955,976,492,928,998,0,821,532,847,911,1000,1000,914,0,985,847,832,136.0a1,151,573,100,5,840,953,959,0,339,905,468,991,110,1,68,0,939,691,804,212 preview,159,41,824,5,840,820,942,0,17,243,599,738,839,1,883,0,697,649,751,-,151,41,100,5,449,772,915,0,10,197,552,738,110,1,53,0,683,633,589
2025-01-30,134.0.6988.0,992,969,955,992,956,904,998,0,821,622,847,911,1000,1000,987,0,985,847,832,134.0.3096.1,971,986,955,973,492,928,998,0,821,532,847,911,1000,1000,911,0,985,847,832,136.0a1,151,582,100,5,840,929,959,0,339,909,468,991,110,1,68,0,939,691,804,212 preview,159,41,818,5,840,820,942,0,17,243,599,738,839,1,883,0,697,649,751,-,151,41,100,5,449,748,914,0,10,197,552,738,110,1,53,0,683,633,589
2025-01-31,134.0.6990.2,992,978,955,992,956,904,998,0,821,622,847,911,1000,1000,979,0,985,847,832,134.0.3096.1,971,986,955,976,492,928,998,0,821,532,847,911,1000,1000,930,0,985,847,741,136.0a1,151,590,100,5,840,929,959,0,339,909,468,991,110,1,68,0,939,691,804,212 preview,159,41,818,5,840,796,942,0,26,243,599,738,839,1,883,0,697,649,751,-,151,41,100,5,449,725,915,0,10,197,552,738,110,1,57,0,683,633,589
2025-02-01,134.0.6991.0,992,978,955,992,956,904,998,0,821,622,847,911,1000,1000,982,0,985,847,832,134.0.3096.1,971,986,955,981,492,928,998,0,821,532,847,911,1000,1000,914,0,985,847,832,136.0a1,151,573,100,5,840,929,959,0,339,909,468,991,110,1,68,0,939,691,804,212 preview,159,41,824,5,840,820,942,0,26,243,599,738,839,1,883,0,697,649,751,-,151,41,100,5,449,748,915,0,10,197,552,738,110,1,57,0,683,633,589
2025-02-02,134.0.6993.0,992,978,955,992,956,904,998,0,821,622,847,911,1000,1000,979,0,985,847,832,134.0.3096.1,971,986,955,978,492,928,998,0,821,532,847,911,1000,1000,926,0,985,847,832,136.0a1,151,582,100,5,840,953,959,0,339,909,468,991,110,1,68,0,939,691,804,212 preview,159,41,818,5,840,820,943,0,26,243,599,738,839,1,879,0,697,649,751,-,151,41,100,5,449,772,915,0,10,197,552,738,110,1,53,0,683,633,589
2025-02-03,134.0.6996.0,992,978,955,992,956,904,998,1000,821,622,847,911,1000,1000,975,0,985,847,832,134.0.3096.1,971,986,955,976,492,928,998,1000,821,532,847,911,1000,1000,914,0,985,847,832,136.0a1,151,582,100,5,840,929,959,400,339,905,468,991,110,1,68,0,939,691,804,212 preview,159,41,818,5,840,820,942,300,26,243,599,738,839,1,879,0,697,649,751,-,151,41,100,5,449,748,915,300,10,197,552,738,110,1,53,0,683,633,589
2025-02-04,134.0.6998.0,992,978,955,992,956,904,998,1000,821,622,847,911,1000,1000,983,0,985,847,832,134.0.3109.0,971,986,955,976,492,928,998,1000,821,532,847,911,1000,1000,918,0,985,847,832,137.0a1,151,573,100,5,840,953,959,400,339,909,468,991,110,1,68,0,939,691,804,212 preview,159,41,818,5,840,820,942,300,17,243,599,738,839,1,883,0,697,649,751,-,151,41,100,5,449,772,914,300,10,197,552,738,110,1,53,0,683,633,589
2025-02-05,135.0.6999.0,992,978,955,992,956,904,998,1000,821,622,847,911,1000,1000,979,0,985,853,741,134.0.3109.0,971,986,955,976,492,928,998,1000,821,532,847,911,1000,1000,930,0,985,847,832,137.0a1,151,590,100,5,840,929,959,400,339,909,468,991,110,1,68,0,939,691,804,212 preview,159,41,818,5,840,820,942,300,26,243,599,738,839,1,883,0,697,649,751,-,151,41,100,5,449,748,914,300,10,197,552,738,110,1,53,0,683,633,589
2025-02-06,135.0.7000.0,992,978,955,992,956,904,998,1000,821,622,847,911,1000,1000,987,0,985,853,832,134.0.3109.0,971,986,955,981,492,928,998,1000,821,532,847,911,1000,1000,918,0,985,847,832,137.0a1,151,599,100,5,840,953,959,400,339,909,468,991,110,1,68,0,939,691,804,212 preview,159,41,824,5,840,820,941,300,17,243,599,738,839,1,887,0,697,649,751,-,151,41,100,5,449,772,915,300,10,197,552,738,110,1,57,0,683,633,589
2025-02-07,135.0.7003.0,992,978,955,992,956,904,998,1000,821,622,847,911,1000,1000,987,0,985,853,832,134.0.3109.0,971,986,955,981,492,928,998,1000,821,532,847,911,1000,1000,914,0,985,847,832,137.0a1,151,582,100,5,840,953,959,400,339,897,468,991,110,1,68,0,945,691,804,212 preview,159,41,818,5,840,820,942,300,17,243,599,738,839,1,887,0,697,649,751,-,151,41,100,5,449,772,915,300,10,197,552,738,110,1,57,0,679,633,589
2025-02-08,135.0.7005.0,992,978,955,992,956,904,998,1000,821,622,847,911,1000,1000,979,0,985,853,832,134.0.3109.0,971,986,955,976,492,928,998,1000,821,532,847,911,1000,1000,918,0,985,847,832,137.0a1,151,573,100,5,840,929,959,400,339,897,468,991,110,1,68,0,945,691,804,212 preview,159,41,818,5,840,820,943,300,17,243,599,738,839,1,883,0,697,649,751,-,151,41,100,5,449,748,915,300,10,197,552,738,110,1,53,0,679,633,589
2025-02-09,135.0.7006.0,992,969,955,992,956,904,998,1000,821,622,847,911,1000,1000,979,0,985,853,832,134.0.3109.0,971,986,955,978,492,928,998,1000,821,532,847,911,1000,1000,922,0,985,847,832,137.0a1,151,590,100,5,840,929,959,400,339,897,468,991,110,1,68,0,945,691,804,212 preview,159,41,818,5,840,820,942,300,26,243,599,738,839,1,887,0,697,649,751,-,151,41,100,5,449,748,915,300,10,197,552,738,110,1,57,0,679,633,589
2025-02-10,135.0.7009.0,992,969,955,992,956,904,998,1000,821,622,847,911,1000,1000,987,0,985,853,832,134.0.3109.0,971,986,955,970,492,928,998,1000,821,532,847,911,1000,1000,926,0,985,847,832,137.0a1,151,590,100,5,840,929,959,400,339,897,468,991,110,1,68,0,945,691,804,212 preview,159,41,824,5,840,820,942,300,26,243,599,738,839,1,883,0,697,649,751,-,151,41,100,5,449,748,915,300,10,197,552,738,110,1,53,0,679,633,589
2025-02-11,135.0.7011.0,992,978,955,992,956,904,998,1000,821,622,847,911,1000,1000,987,0,985,853,832,134.0.3109.0,971,986,955,976,492,928,998,1000,821,532,847,911,1000,1000,918,0,985,847,832,137.0a1,151,590,100,5,840,929,959,400,339,894,468,991,110,1,68,0,945,691,804,212 preview,159,41,818,5,840,820,943,300,26,243,599,738,839,1,887,0,697,649,751,-,151,41,100,5,449,748,915,300,10,197,552,738,110,1,57,0,679,633,589
2025-02-12,135.0.7013.2,992,978,955,992,956,904,998,1000,821,622,847,911,1000,1000,987,500,1000,853,832,134.0.3124.5,971,986,955,976,492,928,998,1000,821,532,847,911,1000,1000,922,500,985,847,832,137.0a1,151,573,100,5,840,953,959,400,339,897,468,991,110,1,68,500,945,691,804,212 preview,159,41,818,5,840,820,943,300,26,243,599,738,839,1,883,0,697,649,751,-,151,41,100,5,449,772,915,300,10,197,552,738,110,1,53,0,679,633,589
2025-02-13,135.0.7015.0,992,978,955,992,956,904,998,1000,821,622,847,911,1000,1000,979,500,1000,853,809,134.0.3124.5,971,986,955,970,492,928,998,1000,821,532,847,911,1000,1000,934,500,985,847,832,137.0a1,151,573,100,5,840,929,959,400,339,897,468,991,110,1,68,500,945,691,804,213 preview,150,41,818,5,840,820,943,300,17,243,599,738,845,1000,883,0,716,649,751,-,151,41,100,5,449,748,916,300,10,197,552,738,110,1,53,0,697,633,589
2025-02-14,135.0.7017.0,992,969,955,992,956,904,998,1000,821,622,847,911,1000,1000,979,500,1000,853,832,134.0.3124.5,971,986,955,981,492,928,998,1000,821,532,847,911,1000,1000,918,500,985,847,832,137.0a1,151,573,100,5,840,929,959,400,339,897,468,991,110,1,68,500,945,691,804,213 preview,150,41,818,5,840,820,943,300,26,243,599,738,845,1000,887,0,716,649,751,-,151,41,100,5,449,748,915,300,10,197,552,738,110,1,57,0,697,633,589
2025-02-15,135.0.7019.0,992,978,955,992,956,904,998,1000,821,622,847,911,1000,1000,987,500,1000,853,832,134.0.3124.5,971,986,955,976,492,928,998,1000,821,532,847,911,1000,1000,926,500,985,847,832,137.0a1,151,590,100,5,840,953,959,400,339,891,468,991,110,1,68,500,945,691,804,213 preview,150,41,824,5,840,820,943,300,26,243,599,738,845,1000,883,0,716,649,751,-,151,41,100,5,449,772,916,300,10,197,552,738,110,1,53,0,697,633,589
2025-02-16,135.0.7019.0,992,969,955,992,956,904,998,1000,821,622,847,911,1000,1000,987,500,1000,853,741,134.0.3124.5,971,986,955,984,492,928,998,1000,821,532,847,911,1000,1000,930,500,985,847,832,137.0a1,151,582,100,5,840,929,959,400,339,897,468,991,110,1,68,500,945,691,804,213 preview,150,41,818,5,840,820,943,300,17,243,599,738,845,1000,883,0,716,649,751,-,151,41,100,5,449,748,915,300,10,197,552,738,110,1,53,0,697,633,589
2025-02-17,135.0.7020.0,992,978,955,992,956,904,998,1000,821,622,847,911,1000,1000,987,500,1000,975,832,134.0.3124.5,971,986,955,984,492,928,998,1000,821,532,847,911,1000,1000,922,500,985,969,832,137.0a1,151,582,100,5,840,929,959,400,339,897,468,991,110,1,68,500,945,691,804,213 preview,150,41,818,5,840,820,943,300,17,243,599,738,845,1000,887,0,716,698,751,-,151,41,100,5,449,748,915,300,10,197,552,738,110,1,57,0,697,556,589
2025-02-18,135.0.7021.0,992,978,955,992,956,904,998,1000,821,622,847,911,1000,1000,983,500,1000,975,832,134.0.3124.5,971,986,955,978,492,928,998,1000,821,532,847,911,1000,1000,926,500,985,969,832,137.0a1,151,590,100,5,840,929,959,400,339,891,468,991,110,1,68,500,945,691,804,213 preview,150,41,818,5,840,820,943,300,17,243,599,738,845,1000,883,0,716,698,751,-,151,41,100,5,449,748,916,300,10,197,552,738,110,1,53,0,697,556,589
2025-02-19,135.0.7023.0,992,978,944,992,956,904,998,1000,821,622,847,911,1000,1000,979,500,1000,975,832,134.0.3124.5,971,986,944,981,492,928,998,1000,821,532,847,911,1000,1000,918,500,985,969,832,137.0a1,151,590,111,5,840,929,959,400,339,897,468,991,110,1,68,500,945,691,804,213 preview,150,41,818,5,840,820,943,300,26,243,599,738,845,1000,879,0,716,698,751,-,151,41,111,5,449,748,915,300,10,197,552,738,110,1,57,0,697,556,589
2025-02-20,135.0.7025.0,992,978,944,992,956,904,998,1000,821,622,847,911,1000,1000,979,500,1000,975,832,135.0.3140.0,971,986,944,976,492,904,998,1000,821,532,847,911,1000,1000,918,500,985,975,832,137.0a1,151,573,111,5,840,929,959,400,339,897,468,991,110,1,68,500,945,691,804,213 preview,150,41,818,5,840,820,943,300,26,243,599,738,845,1000,871,0,716,698,751,-,151,41,111,5,449,748,915,300,10,197,552,738,110,1,53,0,697,562,589
2025-02-21,135.0.7026.0,992,978,944,992,956,904,998,1000,821,622,847,911,1000,1000,983,500,1000,975,832,135.0.3140.0,971,995,944,984,492,904,998,1000,821,532,847,911,1000,1000,926,500,985,975,832,137.0a1,151,573,111,5,840,953,959,400,339,897,468,991,110,1,68,500,945,691,804,213 preview,150,41,818,5,840,820,943,300,26,243,599,738,845,1000,871,0,716,698,751,-,151,41,111,5,449,772,915,300,10,197,552,738,110,1,53,0,697,562,589
2025-02-22,135.0.7029.0,992,986,944,992,956,904,998,1000,821,622,847,911,1000,1000,979,500,1000,975,832,135.0.3140.0,971,995,944,978,492,904,998,1000,821,532,847,911,1000,1000,918,500,985,975,832,137.0a1,151,582,111,5,840,929,959,400,339,897,468,991,110,1,68,500,945,691,804,213 preview,150,41,818,5,840,820,943,300,17,243,599,738,845,1000,871,0,716,698,751,-,151,41,111,5,449,748,915,300,10,197,552,738,110,1,53,0,697,562,589
2025-02-24,135.0.7033.0,992,986,944,992,956,904,998,1000,821,622,847,911,1000,1000,979,500,1000,975,832,135.0.3140.0,971,995,944,978,492,904,998,1000,821,532,847,911,1000,1000,918,500,985,975,832,137.0a1,151,582,111,5,840,929,960,400,339,897,468,991,110,1,68,500,945,691,804,213 preview,150,41,818,5,840,820,943,300,26,243,599,738,845,1000,875,0,716,698,751,-,151,41,111,5,449,748,916,300,10,197,552,738,110,1,57,0,697,562,589
2025-02-25,135.0.7035.0,992,986,944,992,956,904,998,1000,821,622,847,911,1000,1000,979,500,1000,975,832,135.0.3140.0,968,995,944,978,492,904,998,1000,821,532,847,911,1000,1000,922,500,985,975,832,137.0a1,151,573,111,5,840,929,960,400,339,891,468,991,110,1,68,500,945,691,804,213 preview,150,41,818,5,840,820,943,300,26,243,599,738,845,1000,871,0,716,698,751,-,151,41,111,5,449,748,916,300,10,197,552,738,110,1,53,0,697,562,589
2025-02-26,135.0.7037.0,992,986,944,992,956,904,998,1000,821,649,847,911,1000,1000,983,500,1000,975,832,135.0.3140.0,968,995,944,978,492,904,998,1000,821,559,847,911,1000,1000,922,500,985,975,832,137.0a1,151,582,111,5,840,929,960,400,339,897,468,991,110,1,68,500,945,679,804,213 preview,150,41,818,5,855,820,943,300,17,299,599,738,845,1000,871,0,716,698,751,-,151,41,111,5,463,748,916,300,10,254,552,738,110,1,53,0,697,562,589
2025-02-27,135.0.7038.0,992,986,944,992,956,904,998,1000,821,649,847,911,1000,1000,983,500,1000,975,832,135.0.3140.0,968,995,944,978,492,904,998,1000,821,559,847,911,1000,1000,922,500,985,975,832,137.0a1,151,573,111,5,840,929,960,400,339,897,468,991,110,1,68,500,945,691,804,213 preview,150,41,818,5,855,820,943,300,26,299,599,738,845,1000,875,0,716,698,751,-,151,41,111,5,463,748,916,300,10,254,552,738,110,1,57,0,697,562,589
2025-02-28,135.0.7041.2,992,986,944,992,956,904,998,1000,821,696,847,911,1000,1000,979,500,1000,975,832,135.0.3154.3,968,995,944,981,623,904,998,1000,821,637,847,911,1000,1000,930,500,1000,975,832,137.0a1,151,573,111,5,840,953,960,400,339,988,468,991,858,1,68,500,970,691,804,214 preview,150,41,818,5,855,820,943,900,17,330,599,738,845,1000,871,0,736,698,751,-,151,41,111,5,550,772,916,400,10,284,552,738,787,1,53,0,730,562,589
2025-03-04,135.0.7048.0,992,986,944,992,956,904,998,1000,821,696,847,911,1000,1000,979,500,1000,975,832,135.0.3154.3,968,995,944,978,623,904,998,1000,821,637,847,911,1000,1000,918,500,1000,975,832,138.0a1,151,590,111,5,840,953,960,400,339,988,468,1000,862,1,68,500,970,691,804,214 preview,150,41,818,5,855,820,943,900,26,330,599,738,845,1000,871,0,736,698,751,-,151,41,111,5,550,772,916,400,10,284,552,738,787,1,53,0,730,562,589
2025-03-05,135.0.7049.3,992,991,944,992,956,904,998,1000,821,696,847,911,1000,1000,983,500,1000,975,832,135.0.3154.3,968,999,944,981,623,904,998,1000,821,637,847,911,1000,1000,922,500,1000,975,832,138.0a1,151,586,1000,5,840,929,960,400,339,985,468,1000,862,1,68,500,970,813,804,214 preview,150,46,818,5,855,820,943,900,26,330,599,738,845,1000,871,0,736,698,751,-,151,46,796,5,550,748,916,400,10,284,552,738,787,1,53,0,730,610,589
2025-03-06,136.0.7052.0,992,982,944,992,956,904,998,1000,821,696,847,911,1000,1000,979,500,1000,975,832,135.0.3168.2,971,999,944,978,623,904,998,1000,821,637,847,911,1000,1000,907,500,1000,975,832,138.0a1,151,578,1000,5,840,929,960,1000,339,988,468,1000,862,1,68,500,970,813,804,214 preview,150,46,818,5,855,820,943,900,17,330,599,738,845,1000,879,0,736,698,751,-,151,46,796,5,550,748,916,900,10,284,552,738,787,1,57,0,730,610,589
2025-03-07,136.0.7053.0,992,991,944,992,956,904,998,1000,821,696,847,911,1000,999,979,500,1000,975,832,135.0.3168.2,971,999,944,976,623,904,998,1000,821,637,847,911,1000,1000,911,500,1000,975,832,138.0a1,151,586,1000,5,840,929,960,1000,339,988,468,1000,862,1,68,500,970,801,804,214 preview,150,46,824,5,855,820,943,900,26,330,599,738,845,1000,875,0,736,698,751,-,151,46,802,5,550,748,916,900,10,284,552,738,787,1,53,0,730,610,589
2025-03-08,136.0.7056.0,992,991,944,992,956,904,998,1000,821,696,847,911,1000,986,979,500,1000,975,832,135.0.3168.2,971,999,944,976,623,904,998,1000,821,637,847,911,1000,986,915,500,1000,926,832,138.0a1,151,578,1000,5,840,929,960,1000,339,988,468,1000,862,1,68,500,970,850,804,214 preview,150,46,818,5,855,820,943,900,26,330,599,738,845,986,879,0,736,649,751,-,151,46,796,5,550,748,916,900,10,284,552,738,787,1,57,0,730,610,589
2025-03-11,136.0.7061.0,992,991,944,992,956,904,998,1000,821,696,847,911,1000,986,975,500,1000,975,832,135.0.3168.2,971,999,944,978,623,904,998,1000,821,637,847,911,1000,986,907,500,1000,926,832,138.0a1,151,595,1000,5,840,929,960,1000,339,988,468,1000,862,1,68,500,970,864,804,214 preview,150,46,818,5,855,820,943,900,17,330,599,738,845,986,879,0,736,649,751,-,151,46,796,5,550,748,916,900,10,284,552,738,787,1,57,0,730,613,589
2025-03-12,136.0.7063.0,992,991,944,992,956,904,998,1000,821,696,847,911,1000,986,964,500,1000,975,832,135.0.3179.7,971,999,944,981,623,904,998,1000,821,637,847,911,1000,986,918,500,1000,926,832,138.0a1,151,586,1000,5,840,929,960,1000,339,988,468,1000,862,1,68,500,970,864,804,214 preview,150,46,818,5,855,820,943,900,26,330,599,738,845,986,879,0,736,649,751,-,151,46,796,5,550,748,916,900,10,284,552,738,787,1,57,0,730,613,589
2025-03-15,136.0.7069.0,992,991,944,992,956,904,998,1000,821,696,869,911,1000,986,968,500,1000,975,832,135.0.3179.11,971,999,944,978,623,904,998,1000,821,637,847,911,1000,986,911,500,1000,926,832,138.0a1,151,578,1000,5,840,929,960,1000,339,988,468,1000,862,1,45,500,976,864,804,214 preview,150,46,818,5,855,820,943,900,26,330,599,738,845,986,879,0,736,649,751,-,151,46,796,5,550,748,914,900,10,284,538,738,787,1,41,0,736,613,589
2025-03-16,136.0.7070.0,992,991,944,992,956,904,998,1000,821,696,869,911,1000,986,975,500,1000,975,726,135.0.3179.11,971,999,944,981,623,904,998,1000,821,637,847,911,1000,986,907,500,1000,926,832,138.0a1,151,586,1000,5,840,929,960,1000,339,985,468,1000,862,1,45,500,976,852,804,214 preview,150,46,818,5,855,820,943,900,26,330,599,738,845,986,875,0,736,649,751,-,151,46,796,5,550,748,914,900,10,284,538,738,787,1,38,0,736,613,589
2025-03-17,136.0.7073.0,992,991,944,992,956,904,998,1000,821,696,869,911,1000,986,972,500,1000,975,832,135.0.3179.11,971,999,944,981,623,904,998,1000,821,637,847,911,1000,986,915,500,1000,926,832,138.0a1,151,586,1000,5,840,929,960,1000,339,988,468,1000,862,1,45,500,976,864,804,214 preview,150,46,818,5,855,820,943,900,26,330,599,738,845,986,875,0,736,649,751,-,151,46,796,5,550,748,914,900,10,284,538,738,787,1,38,0,736,613,589
2025-03-18,136.0.7075.0,992,991,944,992,956,904,998,1000,821,696,869,911,1000,986,975,500,1000,975,832,135.0.3179.11,971,999,944,978,623,904,997,1000,821,637,847,911,1000,986,918,500,1000,926,832,138.0a1,151,578,1000,5,840,929,959,1000,339,988,468,1000,862,1,45,500,982,864,804,215 preview,613,46,818,5,855,820,944,1000,17,330,599,738,845,986,879,0,736,649,751,-,139,46,796,5,550,748,914,1000,10,284,538,738,787,1,41,0,736,613,589
2025-03-19,136.0.7077.0,992,991,944,992,956,904,998,1000,1000,696,869,911,1000,986,975,500,1000,975,832,135.0.3179.11,971,999,944,978,623,904,997,1000,1000,637,847,911,1000,986,915,500,1000,926,832,138.0a1,151,586,1000,5,840,929,959,1000,410,988,468,1000,862,1,45,500,982,864,804,215 preview,613,46,818,5,855,820,944,1000,26,330,599,738,845,986,879,0,736,649,751,-,139,46,796,5,550,748,914,1000,8,284,538,738,787,1,41,0,736,613,589
2025-03-20,136.0.7078.0,992,991,944,992,956,904,998,1000,1000,696,869,911,1000,984,956,500,1000,975,741,136.0.3193.0,971,999,944,976,623,904,997,1000,1000,637,847,911,1000,984,911,500,1000,926,832,138.0a1,151,586,1000,5,840,929,959,1000,410,985,468,1000,862,1,45,500,982,852,804,215 preview,613,46,818,5,855,820,944,1000,26,330,599,738,845,984,879,0,736,649,751,-,139,46,796,5,550,748,914,1000,8,284,538,738,787,1,41,0,736,613,589
2025-03-21,136.0.7081.0,980,991,944,992,956,904,998,1000,1000,696,869,911,1000,984,968,500,1000,975,832,136.0.3193.0,959,999,944,984,623,904,997,1000,1000,637,847,911,1000,984,915,500,1000,926,832,138.0a1,154,586,1000,5,840,929,959,1000,410,985,468,1000,862,1,45,500,982,864,804,215 preview,602,46,818,5,855,820,944,1000,26,330,599,738,845,984,879,0,736,649,751,-,142,46,796,5,550,748,914,1000,8,284,538,738,787,1,41,0,736,613,589
2025-03-22,136.0.7082.0,980,991,944,992,956,904,998,1000,1000,696,869,911,1000,984,972,500,1000,975,832,136.0.3193.0,959,999,944,981,623,904,997,1000,1000,637,847,911,1000,984,922,500,1000,926,832,138.0a1,154,586,1000,5,840,929,959,1000,410,985,468,1000,862,1,45,500,982,864,804,215 preview,602,46,818,5,855,820,944,1000,26,330,599,738,845,984,875,0,736,649,751,-,142,46,796,5,550,748,914,1000,8,284,538,738,787,1,38,0,736,613,589
2025-03-23,136.0.7085.0,980,991,944,992,956,904,998,1000,1000,696,869,911,1000,984,970,500,1000,975,832,136.0.3193.0,959,999,944,978,623,904,997,1000,1000,637,847,911,1000,984,907,500,1000,926,832,138.0a1,154,578,1000,5,840,929,959,1000,410,988,468,1000,862,1,45,500,982,877,804,215 preview,602,46,818,5,855,820,944,1000,17,330,599,738,845,984,879,0,736,649,751,-,142,46,796,5,550,748,914,1000,8,284,538,738,787,1,41,0,736,613,589
2025-03-24,136.0.7087.0,980,991,944,992,956,904,998,1000,1000,696,869,911,1000,977,972,500,1000,975,832,136.0.3193.0,959,999,944,984,623,904,997,1000,1000,637,847,911,1000,977,907,500,1000,926,832,138.0a1,154,586,1000,5,840,953,959,1000,410,988,468,1000,862,1,45,500,982,889,804,215 preview,602,46,818,5,855,820,944,1000,26,330,599,738,845,977,875,0,736,649,751,-,142,46,796,5,550,772,914,1000,8,284,538,738,787,1,38,0,736,613,589
2025-03-25,136.0.7088.0,980,991,944,992,956,904,998,1000,1000,696,869,911,1000,977,972,500,1000,975,832,136.0.3193.0,959,999,944,981,623,904,997,1000,1000,637,847,911,1000,977,922,500,1000,926,832,138.0a1,154,586,1000,5,840,929,959,1000,410,985,468,1000,862,1,45,500,982,877,804,215 preview,602,46,818,5,855,820,944,1000,26,330,599,738,845,977,875,0,736,649,751,-,142,46,796,5,550,748,914,1000,8,284,538,738,787,1,38,0,736,613,589
2025-03-26,136.0.7091.0,980,991,944,992,956,904,998,1000,1000,696,869,911,1000,977,968,500,1000,975,832,136.0.3209.2,916,999,944,976,623,904,962,1000,1000,637,869,911,1000,977,861,500,856,926,832,138.0a1,154,586,1000,5,840,929,959,1000,928,985,468,1000,862,1,45,500,982,877,804,215 preview,602,46,851,5,855,820,944,1000,17,330,599,738,845,977,875,0,736,649,751,-,142,46,796,5,550,748,882,1000,17,284,538,738,787,1,38,0,640,613,589
2025-03-27,136.0.7093.0,980,991,944,992,956,904,998,1000,1000,696,869,911,1000,977,960,500,1000,975,832,136.0.3209.2,912,999,944,981,623,904,962,1000,1000,637,869,911,1000,977,861,500,856,926,832,138.0a1,150,595,1000,5,840,929,959,1000,928,988,468,1000,862,1,45,500,982,889,804,215 preview,598,46,851,5,855,820,944,1000,26,330,599,738,845,977,879,0,736,649,751,-,138,46,796,5,550,748,882,1000,26,284,538,738,787,1,41,0,640,613,589
2025-03-28,136.0.7095.0,980,991,944,992,956,904,998,1000,1000,696,869,911,1000,977,964,500,1000,975,832,136.0.3209.2,912,999,944,978,623,904,962,1000,1000,637,869,911,1000,977,873,500,856,926,832,138.0a1,150,586,1000,5,840,929,960,1000,928,985,468,1000,862,1,45,500,982,889,804,215 preview,598,46,851,5,855,820,944,1000,26,330,599,738,845,977,879,0,736,649,751,-,138,46,796,5,550,748,882,1000,26,284,538,738,787,1,41,0,640,613,589
2025-03-29,136.0.7096.0,980,982,944,992,956,904,998,1000,1000,696,869,911,1000,977,963,500,1000,975,832,136.0.3209.2,912,999,944,984,623,904,962,1000,1000,637,869,911,1000,977,865,500,856,926,832,138.0a1,150,586,1000,5,840,929,960,1000,928,985,468,1000,862,1,45,500,982,889,804,215 preview,598,46,851,5,855,820,944,1000,17,330,599,738,845,977,879,0,736,649,751,-,138,46,796,5,550,748,882,1000,17,284,538,738,787,1,41,0,640,613,589
2025-03-31,136.0.7101.0,980,991,944,992,956,904,998,1000,1000,696,869,911,1000,977,975,500,1000,975,832,136.0.3209.2,912,999,944,978,623,904,962,1000,1000,637,869,911,1000,977,880,500,856,926,832,138.0a1,150,595,1000,5,840,929,960,1000,928,988,468,1000,862,1,45,500,982,889,804,215 preview,598,46,851,5,855,820,944,1000,26,330,599,738,845,977,875,0,736,649,751,-,138,46,796,5,550,748,882,1000,26,284,538,738,787,1,38,0,640,613,589
2025-04-02,137.0.7104.0,988,991,944,992,956,904,999,1000,1000,696,869,911,1000,977,972,500,1000,975,832,136.0.3209.2,908,999,944,978,623,904,962,1000,1000,637,869,911,1000,977,869,500,856,926,832,139.0a1,150,741,1000,5,840,929,960,1000,928,988,468,1000,862,1,45,500,994,889,804,215 preview,598,46,858,5,855,820,944,1000,26,330,599,738,845,977,875,0,736,649,751,-,138,46,802,5,550,748,883,1000,26,284,538,738,787,1,34,0,640,613,589
2025-04-03,137.0.7104.0,988,991,944,992,956,904,999,1000,1000,696,869,911,1000,977,963,500,1000,975,832,136.0.3227.1,908,999,944,978,623,904,962,1000,1000,637,869,911,1000,977,880,500,856,926,832,139.0a1,150,733,1000,5,840,953,960,1000,928,988,512,1000,862,1,45,500,994,889,804,215 preview,598,46,858,5,855,820,944,1000,26,330,599,738,845,977,875,0,736,649,751,-,138,46,802,5,550,772,883,1000,26,284,538,738,787,1,38,0,640,613,589
2025-04-04,137.0.7107.0,988,982,944,992,956,904,999,1000,1000,696,869,911,1000,977,968,500,1000,975,832,136.0.3227.1,908,999,944,981,623,904,962,1000,1000,637,869,911,1000,977,899,500,856,926,832,139.0a1,150,733,1000,5,840,953,960,1000,928,985,533,1000,862,1,45,500,994,889,804,216 preview,656,46,851,5,855,820,944,1000,26,330,599,784,845,1000,879,0,736,649,751,-,142,46,796,5,550,772,883,1000,26,284,563,784,787,1,41,0,640,613,589
2025-04-05,137.0.7108.0,988,991,944,992,956,904,999,1000,1000,696,869,911,1000,977,972,500,1000,975,832,136.0.3227.1,908,999,944,981,623,904,962,1000,1000,637,869,911,1000,977,896,500,856,926,832,139.0a1,150,724,1000,5,840,929,960,1000,928,988,717,1000,862,1,45,500,994,889,804,216 preview,656,46,858,5,855,820,944,1000,26,330,598,784,845,1000,875,0,736,649,751,-,142,46,802,5,550,748,883,1000,26,284,563,784,787,1,38,0,640,613,589
2025-04-07,137.0.7113.0,988,982,944,992,956,904,999,1000,1000,696,869,911,1000,977,968,500,1000,975,832,136.0.3227.1,908,999,944,981,623,904,962,1000,1000,637,869,911,1000,977,899,500,856,926,832,139.0a1,150,733,1000,5,840,929,960,1000,928,988,717,1000,862,1,45,500,994,889,804,216 preview,656,46,851,5,855,820,944,1000,26,330,598,784,845,1000,879,0,736,649,751,-,142,46,796,5,550,748,883,1000,26,284,563,784,787,1,41,0,640,613,589
2025-04-08,137.0.7115.0,988,982,944,992,956,904,999,1000,1000,696,869,911,1000,977,972,500,1000,975,832,136.0.3227.1,908,999,944,981,623,904,962,1000,1000,637,869,911,1000,977,899,500,856,926,832,139.0a1,150,741,1000,5,840,929,960,1000,928,988,717,1000,862,1,45,500,994,889,804,216 preview,656,46,851,5,855,820,944,1000,26,330,598,784,845,1000,875,0,736,649,751,-,142,46,796,5,550,748,883,1000,26,284,563,784,787,1,38,0,640,613,589
2025-04-09,137.0.7116.0,988,991,944,992,956,904,999,1000,1000,696,869,911,1000,977,975,500,1000,975,832,136.0.3227.1,908,999,944,978,623,904,962,1000,1000,637,869,911,1000,977,899,500,856,926,832,139.0a1,150,733,1000,5,840,929,960,1000,928,988,717,1000,862,1,45,500,994,889,804,216 preview,656,46,851,5,855,820,944,1000,26,330,598,784,845,1000,879,0,736,649,751,-,142,46,796,5,550,748,883,1000,26,284,563,784,787,1,41,0,640,613,589
2025-04-10,137.0.7119.0,988,991,944,992,956,904,999,1000,1000,696,869,911,1000,977,964,500,1000,975,832,136.0.3240.4,925,999,944,976,623,904,963,1000,1000,637,869,911,1000,977,899,500,856,926,832,139.0a1,150,733,1000,5,840,929,960,1000,928,985,717,1000,862,1,45,500,994,889,804,216 preview,656,46,858,5,855,820,944,1000,26,330,598,784,845,1000,879,0,736,649,751,-,142,46,802,5,550,748,884,1000,26,284,563,784,787,1,41,0,640,613,589
2025-04-11,137.0.7121.0,988,991,944,992,956,904,999,1000,1000,696,869,911,1000,977,972,500,1000,975,832,136.0.3240.8,925,999,944,981,623,904,963,1000,1000,637,869,911,1000,977,899,500,856,926,832,139.0a1,150,741,1000,5,840,929,960,1000,928,988,717,1000,862,1,45,500,994,889,804,216 preview,656,46,851,5,855,820,944,1000,26,330,598,784,845,1000,879,0,736,649,751,-,142,46,796,5,550,748,883,1000,26,284,563,784,787,1,41,0,640,613,589
2025-04-14,137.0.7123.0,988,991,944,992,956,904,999,1000,1000,696,869,911,1000,977,968,500,1000,975,832,136.0.3240.8,925,999,944,981,623,904,963,1000,1000,637,869,911,1000,977,899,500,856,926,832,139.0a1,150,741,1000,5,840,929,960,1000,928,988,717,1000,862,1,45,500,1000,889,804,216 preview,656,46,851,5,855,820,944,1000,26,330,598,784,845,1000,875,0,736,649,751,-,142,46,796,5,550,748,883,1000,26,284,563,784,787,1,38,0,640,613,589
2025-04-15,137.0.7123.0,988,991,944,992,956,904,999,1000,1000,696,869,911,1000,977,972,500,1000,975,832,136.0.3240.8,925,999,944,978,623,904,963,1000,1000,607,869,911,1000,977,896,500,856,926,832,139.0a1,150,750,1000,5,840,929,960,1000,928,985,717,1000,862,1,45,500,1000,889,804,216 preview,656,46,851,5,855,796,944,1000,26,330,598,784,845,1000,875,0,736,649,751,-,142,46,796,5,550,725,883,1000,26,284,563,784,787,1,38,0,640,613,589
2025-04-16,137.0.7127.0,988,991,944,992,956,904,999,1000,1000,696,869,911,1000,977,979,500,1000,975,832,137.0.3255.0,925,999,944,984,623,904,963,1000,1000,607,869,911,1000,977,907,500,856,926,832,139.0a1,150,741,1000,5,840,953,961,1000,928,988,717,1000,862,1,45,500,1000,889,804,217 preview,676,46,858,5,855,820,944,1000,17,443,598,784,846,1000,879,0,736,698,839,-,142,46,802,5,550,772,883,1000,17,376,563,784,787,1,41,0,640,613,621
2025-04-17,137.0.7128.0,988,982,944,992,956,904,999,1000,1000,696,869,911,1000,977,975,500,1000,975,809,137.0.3255.0,925,999,944,978,623,904,963,1000,1000,607,869,911,1000,977,896,500,856,926,832,139.0a1,150,750,1000,5,840,929,961,1000,928,988,717,1000,862,1,45,500,1000,889,804,217 preview,676,46,851,5,855,820,944,1000,26,443,598,784,846,1000,875,0,736,698,839,-,142,46,796,5,550,748,883,1000,26,376,563,784,787,1,38,0,640,613,598
2025-04-18,137.0.7131.0,988,991,944,992,956,904,999,1000,1000,696,869,911,1000,977,975,500,1000,975,832,137.0.3255.0,925,999,944,978,623,904,963,1000,1000,607,869,911,1000,977,896,500,856,926,832,139.0a1,150,741,1000,5,840,929,961,1000,928,988,717,1000,862,1,45,500,1000,889,804,217 preview,676,46,851,5,855,820,944,1000,17,443,598,784,846,1000,879,0,736,698,839,-,142,46,796,5,550,748,883,1000,17,376,563,784,787,1,41,0,640,613,621
2025-04-19,137.0.7132.0,988,991,944,992,956,904,999,1000,1000,696,869,911,1000,977,979,500,1000,975,809,137.0.3255.0,925,999,944,976,623,904,963,1000,1000,607,869,911,1000,977,899,500,856,926,832,139.0a1,150,741,1000,5,840,929,961,1000,928,988,717,1000,862,1,45,500,1000,889,804,217 preview,676,46,851,5,855,820,944,1000,26,443,598,784,846,1000,879,0,736,698,839,-,142,46,796,5,550,748,883,1000,26,376,563,784,787,1,38,0,640,613,598
2025-04-21,137.0.7137.0,988,991,944,992,956,904,999,1000,1000,696,869,911,1000,977,975,500,1000,975,832,137.0.3255.0,925,999,944,981,623,904,963,1000,1000,607,869,911,1000,977,903,500,856,926,832,139.0a1,150,741,1000,5,840,929,961,1000,928,985,717,1000,862,1,45,500,1000,889,804,217 preview,676,46,851,5,855,820,944,1000,26,443,598,784,846,1000,875,0,736,698,839,-,142,46,796,5,550,748,883,1000,26,376,563,784,787,1,38,0,640,613,621
2025-04-22,137.0.7139.0,987,991,944,992,956,904,999,1000,1000,696,869,911,1000,977,983,500,1000,975,832,137.0.3255.0,923,999,944,981,623,904,963,1000,1000,607,869,911,1000,977,899,500,856,926,832,139.0a1,150,750,1000,5,840,929,961,1000,928,988,717,1000,862,1,45,816,1000,889,804,217 preview,675,46,858,5,855,820,944,1000,17,443,598,784,846,1000,875,0,736,698,839,-,142,46,802,5,550,748,883,1000,17,376,563,784,787,1,38,0,640,613,621
2025-04-23,137.0.7139.0,987,982,944,992,956,904,999,1000,1000,696,869,911,1000,977,979,500,1000,975,832,137.0.3269.1,923,999,944,984,623,904,963,1000,1000,607,869,911,1000,977,907,500,856,926,832,139.0a1,150,741,1000,5,840,929,961,1000,928,988,717,1000,862,1,45,816,1000,889,804,217 preview,675,46,851,5,855,820,944,1000,26,443,598,784,846,1000,879,0,736,698,839,-,142,46,796,5,550,748,883,1000,26,376,563,784,787,1,41,0,640,613,621
2025-04-24,137.0.7143.0,987,991,944,992,956,904,999,1000,1000,696,869,911,1000,977,965,500,1000,975,816,137.0.3269.1,923,999,944,984,623,904,963,1000,1000,607,869,911,1000,977,903,500,856,926,816,139.0a1,150,741,1000,5,840,929,961,1000,928,985,717,1000,862,1,45,816,1000,889,796,217 preview,675,46,851,5,855,820,944,1000,26,443,598,784,846,1000,879,0,736,698,854,-,142,46,796,5,550,748,883,1000,26,376,563,784,787,1,41,0,640,613,621
2025-04-25,137.0.7144.0,987,991,944,992,956,904,999,1000,1000,696,869,911,1000,977,979,500,1000,975,816,137.0.3269.1,923,999,944,981,623,904,963,1000,1000,607,869,911,1000,977,903,500,856,926,816,139.0a1,150,741,1000,5,840,929,961,1000,928,988,717,1000,862,1,45,816,1000,889,796,217 preview,675,46,851,5,855,820,944,1000,26,443,598,784,846,1000,875,0,736,698,854,-,142,46,796,5,550,748,883,1000,26,376,563,784,787,1,38,0,640,613,621
2025-04-26,137.0.7145.0,987,991,944,992,956,904,999,1000,1000,696,869,911,1000,977,975,500,1000,975,816,137.0.3269.1,923,999,944,981,623,904,963,1000,1000,607,869,911,1000,977,903,500,856,926,816,139.0a1,150,741,1000,5,840,929,961,1000,928,988,717,1000,862,1,512,816,1000,889,796,217 preview,675,46,851,5,855,820,944,1000,26,443,598,784,846,1000,875,0,736,698,854,-,142,46,796,5,550,748,883,1000,26,376,563,784,787,1,432,0,640,613,621
2025-04-28,137.0.7148.0,987,991,944,992,956,904,999,1000,1000,696,869,911,1000,977,979,500,1000,975,816,137.0.3269.1,923,999,944,976,623,904,963,1000,1000,607,869,911,1000,977,903,500,856,926,816,139.0a1,150,741,1000,5,840,953,961,1000,928,988,717,1000,862,1,512,816,1000,889,796,217 preview,675,46,851,5,855,796,944,1000,26,443,598,784,846,1000,875,0,736,698,854,-,142,46,796,5,550,748,883,1000,26,376,563,784,787,1,435,0,640,613,621
2025-04-29,137.0.7151.0,987,991,944,992,956,928,999,1000,1000,696,869,911,1000,977,972,500,1000,975,816,137.0.3282.1,923,999,944,976,623,928,963,1000,1000,607,869,911,1000,977,903,500,856,926,816,140.0a1,150,741,1000,5,840,929,961,1000,928,988,717,1000,862,1,512,816,1000,877,796,217 preview,675,46,851,5,855,796,944,1000,17,443,598,784,846,1000,879,0,736,698,854,-,142,46,796,5,550,772,883,1000,17,376,563,784,787,1,428,0,640,613,621
2025-04-30,137.0.7151.3,987,991,944,992,956,928,999,1000,1000,696,869,911,1000,977,972,500,1000,975,816,137.0.3282.1,923,999,944,981,623,928,963,1000,1000,607,869,911,1000,977,899,500,856,926,816,140.0a1,150,750,1000,5,840,929,961,1000,928,988,717,1000,862,1,512,816,1000,877,796,217 preview,675,46,851,5,855,796,944,1000,26,443,598,784,846,1000,879,0,736,698,854,-,142,46,796,5,550,772,883,1000,26,376,563,784,787,1,428,0,640,613,621
2025-05-01,138.0.7153.0,987,991,944,992,956,928,999,1000,1000,696,869,911,1000,977,964,500,1000,975,816,137.0.3282.1,923,999,944,981,623,928,963,1000,1000,607,869,911,1000,977,903,500,856,926,816,140.0a1,150,741,1000,5,840,929,961,1000,928,988,717,1000,862,1,512,816,1000,877,796,218 preview,682,46,851,5,855,796,944,1000,26,443,598,784,846,1000,879,0,736,698,890,-,142,46,796,5,550,772,883,1000,26,376,563,784,787,1,424,0,640,613,621
2025-05-02,138.0.7156.0,987,991,944,992,956,928,999,1000,1000,696,869,911,1000,977,945,500,1000,975,816,137.0.3282.1,923,999,944,981,623,928,963,1000,1000,607,869,911,1000,977,903,500,856,926,816,140.0a1,150,750,1000,5,840,929,961,1000,928,988,717,1000,862,1,512,816,1000,877,796,218 preview,682,46,858,5,855,796,944,1000,26,443,598,784,846,1000,883,0,736,698,890,-,142,46,802,5,550,772,884,1000,26,376,563,784,787,1,401,0,640,613,621
2025-05-03,138.0.7156.0,987,991,944,992,956,928,999,1000,1000,696,869,911,1000,977,964,500,1000,975,816,137.0.3282.1,923,999,944,978,623,928,963,1000,1000,607,869,911,1000,977,911,500,856,926,816,140.0a1,150,750,1000,5,840,929,961,1000,928,988,717,1000,862,1,512,816,1000,877,796,218 preview,682,46,851,5,855,796,944,1000,26,443,598,784,846,1000,887,0,736,698,890,-,142,46,796,5,550,772,884,1000,26,376,563,784,787,1,420,0,640,613,621
2025-05-04,138.0.7158.0,987,991,944,992,956,928,999,1000,1000,696,869,911,1000,977,975,500,1000,975,816,137.0.3282.1,923,999,944,978,623,928,963,1000,1000,607,869,911,1000,977,911,500,856,926,816,140.0a1,150,750,1000,5,840,929,961,1000,928,985,717,1000,862,1,512,816,1000,877,796,218 preview,682,46,858,5,855,796,944,1000,17,443,598,784,846,1000,887,0,736,698,890,-,142,46,802,5,550,772,884,1000,17,376,563,784,787,1,432,0,640,613,621
2025-05-05,138.0.7158.0,987,982,944,992,956,928,999,1000,1000,696,869,911,1000,977,972,500,1000,975,816,137.0.3282.1,923,999,944,984,623,928,963,1000,1000,607,869,911,1000,977,903,500,856,926,816,140.0a1,150,750,1000,5,840,929,961,1000,928,988,717,1000,862,1,512,816,1000,877,796,218 preview,682,46,851,5,855,796,944,1000,26,443,598,784,846,1000,887,0,736,698,890,-,142,46,796,5,550,772,884,1000,26,376,563,784,787,1,432,0,640,613,621
2025-05-09,138.0.7169.0,987,991,944,992,956,928,999,1000,1000,696,869,911,1000,977,977,500,1000,975,816,137.0.3296.4,917,999,944,978,623,928,964,1000,1000,607,869,911,1000,977,911,500,856,926,816,140.0a1,150,921,1000,5,840,929,961,1000,928,988,717,1000,862,1,607,816,1000,877,796,218 preview,684,46,851,5,855,796,944,1000,26,443,598,784,846,1000,883,0,736,698,890,-,142,46,796,5,550,772,884,1000,26,376,563,784,787,1,514,0,640,613,621
2025-05-10,138.0.7171.0,987,991,944,992,956,928,999,1000,1000,696,869,911,1000,977,980,500,1000,975,801,137.0.3296.4,917,999,944,978,623,928,964,1000,1000,607,869,911,1000,977,911,500,856,926,816,140.0a1,150,921,1000,5,840,929,961,1000,928,988,717,1000,862,1,611,816,1000,877,796,218 preview,684,46,858,5,855,796,944,1000,26,443,598,784,846,1000,887,0,736,698,890,-,142,46,802,5,550,772,884,1000,26,376,563,784,787,1,523,0,640,613,606
2025-05-12,138.0.7174.0,987,991,944,992,956,928,999,1000,1000,696,869,911,1000,977,984,500,1000,975,816,137.0.3296.4,917,999,944,976,623,928,964,1000,1000,607,869,911,1000,977,911,500,856,926,816,140.0a1,150,921,1000,5,840,945,961,1000,928,988,717,1000,862,1,611,816,1000,877,796,218 preview,684,46,851,5,855,796,944,1000,26,443,598,784,846,1000,887,0,736,698,890,-,142,46,796,5,550,772,884,1000,26,376,563,784,787,1,527,0,640,613,621
2025-05-13,138.0.7175.0,987,991,944,992,956,928,999,1000,1000,696,869,911,1000,977,973,500,1000,975,726,137.0.3296.4,917,999,944,981,623,928,964,1000,1000,607,869,911,1000,977,903,500,856,926,816,140.0a1,150,921,1000,5,840,945,961,1000,928,985,717,1000,862,1,611,816,1000,877,796,218 preview,684,46,851,5,855,796,944,1000,17,443,598,784,846,1000,887,0,736,698,890,-,142,46,796,5,550,772,884,1000,17,376,563,784,787,1,519,0,640,613,621
2025-05-14,138.0.7178.0,987,991,944,992,956,928,999,1000,1000,696,869,911,1000,977,961,500,1000,975,816,137.0.3296.4,917,999,944,976,623,928,964,1000,1000,637,869,911,1000,977,911,500,856,926,816,140.0a1,150,921,1000,5,840,945,961,1000,928,954,717,1000,862,1,611,816,1000,877,796,218 preview,684,46,851,5,855,796,944,1000,17,443,598,784,846,1000,883,0,736,698,890,-,142,46,796,5,550,772,884,1000,17,376,563,784,787,1,503,0,640,613,621
2025-05-15,138.0.7179.0,987,991,944,992,956,928,999,1000,1000,696,869,911,1000,977,973,500,1000,975,794,138.0.3309.1,917,999,944,984,623,928,964,1000,1000,637,869,911,1000,977,912,500,856,926,816,140.0a1,150,921,1000,5,840,945,961,1000,928,951,717,1000,862,1,611,816,1000,877,796,219 preview,690,46,851,5,855,796,946,1000,26,443,598,784,846,1000,887,0,736,698,890,-,142,46,796,5,550,772,886,1000,26,376,563,784,787,1,515,0,640,613,598
2025-05-16,138.0.7181.0,987,991,944,992,956,928,999,1000,1000,696,869,911,1000,977,965,500,1000,987,798,138.0.3309.1,917,999,944,981,623,928,964,1000,1000,637,869,911,1000,977,904,500,856,926,798,140.0a1,150,921,1000,5,840,946,961,1000,928,954,717,1000,862,1,611,816,1000,877,796,219 preview,690,46,858,5,855,796,946,1000,26,443,598,784,846,1000,894,0,736,698,890,-,142,46,802,5,550,772,886,1000,26,376,563,784,787,1,504,0,640,613,603
2025-05-17,138.0.7183.3,987,991,944,992,956,928,999,1000,1000,696,869,911,1000,977,977,500,1000,987,798,138.0.3309.2,917,999,944,984,623,928,964,1000,1000,637,869,911,1000,977,908,500,856,926,798,140.0a1,150,921,1000,5,840,946,961,1000,928,951,717,1000,862,1,611,816,1000,877,796,219 preview,690,46,851,5,855,796,946,1000,17,443,598,784,846,1000,898,0,736,698,890,-,142,46,796,5,550,772,886,1000,17,376,563,784,787,1,522,0,640,613,603
2025-05-19,138.0.7188.0,987,991,944,992,956,928,999,1000,1000,696,869,911,1000,977,973,500,1000,987,798,138.0.3309.2,917,999,944,981,623,928,964,1000,1000,637,869,911,1000,977,904,500,856,926,798,140.0a1,150,921,1000,5,840,969,961,1000,928,954,717,1000,862,1,619,816,1000,877,796,219 preview,690,46,858,5,855,796,946,1000,26,443,598,784,846,1000,894,0,736,698,890,-,142,46,802,5,550,772,886,1000,26,376,563,784,787,1,515,0,640,613,603
2025-05-20,138.0.7190.0,987,991,944,989,956,928,999,1000,1000,696,869,911,1000,977,973,500,1000,987,798,138.0.3309.2,917,999,944,981,623,928,964,1000,1000,637,869,911,1000,977,912,500,856,926,798,140.0a1,150,929,1000,5,840,969,961,1000,928,951,717,1000,862,1,619,816,1000,877,796,219 preview,690,46,858,5,855,796,946,1000,26,443,598,784,846,1000,894,0,736,698,890,-,142,46,802,5,550,772,886,1000,26,376,563,784,787,1,526,0,640,613,603
2025-05-21,138.0.7190.0,987,991,944,992,956,928,999,1000,1000,696,869,911,1000,977,961,500,1000,987,798,138.0.3309.2,917,999,944,981,623,928,964,1000,1000,637,869,911,1000,977,904,500,856,926,798,140.0a1,150,921,1000,5,840,969,961,1000,928,954,717,1000,862,1,619,816,1000,877,796,219 preview,690,46,858,5,855,796,946,1000,26,443,598,784,846,1000,898,0,736,698,890,-,142,46,802,5,550,772,886,1000,26,376,563,784,787,1,512,0,640,613,603
2025-05-22,138.0.7194.0,987,991,944,992,956,928,999,1000,1000,696,869,911,1000,977,977,500,1000,987,798,138.0.3324.1,923,999,944,981,623,928,964,1000,1000,637,869,911,1000,977,904,500,856,926,798,140.0a1,150,921,1000,5,840,975,972,1000,928,954,717,1000,862,1,619,816,1000,877,796,219 preview,690,46,858,5,855,796,946,1000,26,443,598,784,846,1000,898,0,742,698,890,-,142,46,802,5,550,772,890,1000,26,376,563,784,787,1,526,0,646,613,603
2025-05-23,138.0.7195.0,987,991,944,992,956,928,999,1000,1000,696,869,911,1000,977,984,500,1000,987,798,138.0.3324.1,923,999,944,984,623,928,964,1000,1000,637,869,911,1000,977,912,500,856,926,798,140.0a1,150,929,1000,5,840,999,972,1000,928,954,717,1000,862,1,619,816,1000,877,796,219 preview,690,46,858,5,855,796,946,1000,26,443,598,784,846,1000,894,0,742,698,890,-,142,46,802,5,550,772,890,1000,26,376,563,784,787,1,531,0,646,613,603
2025-05-24,138.0.7198.0,987,991,944,992,985,928,999,1000,1000,696,869,911,1000,977,973,500,1000,987,798,138.0.3324.1,923,999,944,981,623,928,964,1000,1000,637,869,911,1000,977,912,500,856,926,798,140.0a1,150,921,1000,5,840,999,972,1000,928,951,717,1000,862,1,619,816,1000,877,796,219 preview,690,46,851,5,855,796,946,1000,26,443,598,784,846,1000,894,0,742,698,890,-,142,46,796,5,550,772,890,1000,26,376,563,784,787,1,523,0,646,613,603
2025-05-25,138.0.7200.0,987,991,944,992,985,928,999,1000,1000,696,869,911,1000,977,984,500,1000,987,798,138.0.3324.1,923,999,944,984,623,928,964,1000,1000,637,869,911,1000,977,912,500,856,926,798,140.0a1,150,921,1000,5,840,999,972,1000,928,954,717,1000,862,1,619,816,1000,877,796,219 preview,690,46,851,5,855,796,946,1000,26,443,598,784,846,1000,898,0,742,698,890,-,142,46,796,5,550,772,890,1000,26,376,563,784,787,1,537,0,646,613,603
2025-05-26,138.0.7201.0,987,991,944,992,985,928,999,1000,1000,696,869,911,1000,977,980,500,1000,987,798,138.0.3324.1,923,999,944,978,623,928,964,1000,1000,637,869,911,1000,977,912,500,856,926,798,140.0a1,150,921,1000,5,840,999,972,1000,928,954,717,1000,862,1,619,816,1000,877,796,219 preview,690,46,851,5,855,796,946,1000,26,443,598,784,846,1000,894,0,742,698,890,-,142,46,796,5,550,772,890,1000,26,376,563,784,787,1,527,0,646,613,603
2025-05-27,138.0.7204.0,987,991,944,992,985,928,999,1000,1000,696,869,911,1000,977,980,500,1000,987,798,138.0.3324.1,923,999,944,978,623,928,964,1000,1000,637,869,911,1000,977,912,500,856,926,798,141.0a1,150,921,1000,5,840,999,972,1000,928,954,717,1000,862,1,619,816,1000,901,796,219 preview,690,46,851,5,855,796,946,1000,26,443,598,784,846,1000,898,0,742,698,890,-,142,46,796,5,550,772,890,1000,26,376,563,784,787,1,527,0,646,613,603
2025-05-28,138.0.7204.2,987,982,944,992,985,928,999,1000,1000,696,869,911,1000,977,973,500,1000,975,798,138.0.3324.1,923,999,944,981,623,928,964,1000,1000,637,869,911,1000,977,908,500,856,914,798,141.0a1,150,963,1000,5,840,1000,972,1000,928,954,717,1000,862,1,619,816,1000,986,796,219 preview,690,46,858,5,855,796,946,1000,26,443,598,784,846,1000,898,0,742,686,890,-,142,46,802,5,550,772,890,1000,26,376,563,784,787,1,519,0,646,613,603
2025-05-29,139.0.7206.2,987,991,944,992,985,928,999,1000,1000,696,869,911,1000,977,996,500,1000,987,798,138.0.3338.1,923,999,944,981,623,928,964,1000,1000,637,869,911,1000,977,916,500,856,926,798,141.0a1,150,980,1000,5,840,1000,972,1000,928,954,717,1000,862,1,623,816,1000,986,796,220 preview,690,46,851,5,855,796,946,1000,26,443,598,784,846,1000,898,0,742,686,890,-,142,46,796,5,550,772,890,1000,26,376,563,784,787,1,554,0,646,613,603
2025-05-31,139.0.7211.0,987,991,955,992,985,928,999,1000,1000,696,869,911,1000,977,996,500,1000,987,798,138.0.3338.1,923,999,943,981,623,928,964,1000,1000,637,869,911,1000,977,916,500,856,926,798,141.0a1,150,980,991,5,840,1000,972,1000,928,951,717,1000,862,1,638,816,1000,986,796,220 preview,689,46,843,5,855,796,946,1000,26,443,598,784,846,1000,898,0,742,686,890,-,142,46,786,5,550,772,890,1000,26,376,563,784,787,1,565,0,646,613,603
2025-06-01,139.0.7213.0,987,991,955,992,985,928,999,1000,1000,696,869,911,1000,977,996,500,1000,987,798,138.0.3338.1,923,999,943,984,623,928,964,1000,1000,637,869,911,1000,977,916,500,856,926,798,141.0a1,150,980,991,5,840,1000,972,1000,928,954,717,1000,862,1,638,816,1000,986,796,220 preview,689,46,843,5,855,796,946,1000,26,443,598,784,846,1000,898,0,742,686,890,-,142,46,786,5,550,772,890,1000,26,376,563,784,787,1,565,0,646,613,603
2025-06-03,139.0.7217.0,987,991,955,992,985,928,999,1000,1000,696,869,911,1000,977,996,500,1000,987,798,138.0.3351.8,923,999,943,981,652,928,964,1000,1000,637,869,911,1000,977,916,500,856,926,798,141.0a1,150,980,991,5,840,1000,972,1000,928,951,717,1000,862,1,680,816,1000,986,796,220 preview,689,46,849,5,855,796,946,1000,26,443,598,784,846,1000,902,0,742,686,890,-,142,46,792,5,550,772,890,1000,26,376,563,784,787,1,584,0,646,613,603
2025-06-04,139.0.7219.0,987,991,955,992,985,928,999,1000,1000,696,869,911,1000,977,996,500,1000,987,798,138.0.3351.8,923,999,943,984,652,928,964,1000,1000,637,869,911,1000,977,916,500,856,926,798,141.0a1,150,980,991,5,840,1000,972,1000,928,954,717,1000,862,1,676,816,1000,986,796,220 preview,689,46,843,5,855,796,946,1000,26,443,598,784,846,1000,902,0,742,686,890,-,142,46,786,5,550,772,890,1000,26,376,563,784,787,1,580,0,646,613,603
2025-06-05,139.0.7220.0,987,991,955,992,985,928,999,1000,1000,696,869,911,1000,977,996,500,1000,987,798,138.0.3351.8,923,999,943,978,652,928,964,1000,1000,637,869,911,1000,977,916,500,856,926,798,141.0a1,150,980,1000,5,840,1000,972,1000,928,954,717,1000,862,1,683,816,1000,986,796,220 preview,689,46,843,5,855,772,946,1000,26,443,598,784,846,1000,902,0,742,686,890,-,142,46,786,5,550,748,890,1000,26,376,563,784,787,1,588,0,646,613,603
2025-06-06,139.0.7222.0,987,991,955,992,985,928,999,1000,1000,696,869,911,1000,977,996,500,1000,987,798,138.0.3351.14,923,999,943,981,652,928,964,1000,1000,637,869,911,1000,977,916,500,856,926,798,141.0a1,150,989,1000,5,840,1000,972,1000,928,954,717,1000,862,1,687,816,1000,986,796,220 preview,689,46,843,5,855,796,946,1000,26,443,598,784,846,1000,898,0,742,686,890,-,142,46,786,5,550,772,890,1000,26,376,563,784,787,1,588,0,646,613,603
2025-06-07,139.0.7222.0,987,991,955,992,985,928,999,1000,1000,696,869,911,1000,977,996,500,1000,987,798,138.0.3351.14,923,999,943,978,652,928,964,1000,1000,637,869,911,1000,977,916,500,856,926,798,141.0a1,150,980,1000,5,840,1000,972,1000,928,954,717,1000,862,1,687,816,1000,986,796,220 preview,689,46,843,5,855,796,946,1000,26,443,598,784,846,1000,898,0,742,686,890,-,142,46,786,5,550,772,890,1000,26,376,563,784,787,1,588,0,646,613,603
2025-06-09,139.0.7228.0,987,991,955,992,985,928,999,1000,1000,696,869,911,1000,977,996,500,1000,987,798,138.0.3351.14,923,999,943,981,652,928,964,1000,1000,637,869,911,1000,977,916,500,856,926,798,141.0a1,150,989,1000,5,840,1000,972,1000,928,954,717,1000,862,1,687,816,1000,986,796,220 preview,689,46,843,5,855,796,946,1000,26,443,598,784,846,1000,898,0,742,686,890,-,142,46,786,5,550,772,890,1000,26,376,563,784,787,1,588,0,646,613,603
2025-06-13,139.0.7236.0,987,991,955,992,985,928,1000,1000,1000,696,869,911,1000,977,992,500,1000,987,798,139.0.3365.2,923,999,955,973,652,928,964,1000,1000,637,869,911,1000,977,908,500,856,987,798,141.0a1,150,989,1000,5,840,1000,972,1000,928,954,717,1000,862,1,691,816,1000,986,796,221 preview,709,46,843,5,855,796,946,1000,26,443,598,784,852,1000,977,0,742,698,890,-,146,46,798,5,550,772,890,1000,26,376,563,784,793,1,629,0,646,674,603
2025-06-14,139.0.7238.0,987,991,955,992,985,928,1000,1000,1000,696,869,911,1000,977,996,500,1000,987,798,139.0.3365.2,923,999,955,981,652,928,964,1000,1000,637,869,911,1000,977,916,500,856,987,798,141.0a1,150,980,1000,5,840,1000,972,1000,928,954,717,1000,862,1,691,816,1000,986,796,221 preview,709,46,843,5,855,796,946,1000,17,443,598,784,852,1000,973,0,742,698,890,-,146,46,798,5,550,772,890,1000,17,376,563,784,793,1,629,0,646,674,603
2025-06-15,139.0.7239.0,987,991,955,992,985,928,1000,1000,1000,696,869,911,1000,977,996,500,1000,987,780,139.0.3365.2,923,999,955,981,652,928,964,1000,1000,637,869,911,1000,977,916,500,856,987,707,141.0a1,150,980,1000,5,840,1000,972,1000,928,954,717,1000,862,1,691,816,1000,986,796,221 preview,709,46,843,5,855,796,946,1000,26,443,598,784,852,1000,977,0,742,698,890,-,146,46,798,5,550,772,890,1000,26,376,563,784,793,1,632,0,646,674,584
2025-06-16,139.0.7242.0,987,991,955,992,985,928,1000,1000,1000,696,869,911,1000,977,996,500,1000,987,798,139.0.3365.2,923,999,955,978,652,928,964,1000,1000,637,869,911,1000,977,912,500,856,987,798,141.0a1,150,980,1000,5,840,1000,972,1000,928,954,717,1000,862,1,737,816,1000,986,796,221 preview,709,46,843,5,855,796,946,1000,26,443,598,784,852,1000,977,0,742,698,890,-,146,46,798,5,550,772,890,1000,26,376,563,784,793,1,674,0,646,674,603
2025-06-17,139.0.7243.0,987,991,955,992,985,928,1000,1000,1000,696,869,911,1000,977,996,500,1000,987,780,139.0.3365.2,923,999,955,978,652,928,964,1000,1000,637,869,911,1000,977,916,500,856,987,798,141.0a1,150,980,1000,5,840,1000,972,1000,928,954,717,1000,862,1,737,816,1000,986,796,221 preview,713,46,849,5,855,796,946,1000,17,443,598,784,852,1000,977,0,742,698,890,-,146,46,805,5,550,772,890,1000,17,376,563,784,793,1,678,0,646,674,584
2025-06-18,139.0.7245.0,987,991,955,992,985,928,1000,1000,1000,696,869,911,1000,977,996,500,1000,987,783,139.0.3380.1,987,999,955,984,869,928,999,1000,1000,637,869,911,1000,977,980,500,1000,987,783,141.0a1,150,980,1000,5,840,1000,972,1000,928,954,717,1000,862,1,725,816,1000,986,780,221 preview,713,46,843,5,855,796,946,1000,26,443,598,784,852,1000,973,0,742,698,875,-,146,46,798,5,753,772,924,1000,26,376,563,784,793,1,701,0,742,674,587
2025-06-19,139.0.7248.0,987,991,955,992,985,928,1000,1000,1000,696,869,911,1000,977,996,500,1000,987,783,139.0.3380.1,987,999,955,981,869,928,999,1000,1000,637,869,911,1000,977,973,500,1000,987,783,141.0a1,150,981,1000,5,840,1000,972,1000,928,954,717,1000,862,1,725,816,1000,986,818,221 preview,713,46,843,5,855,796,946,1000,26,443,598,784,852,1000,977,0,742,698,875,-,146,46,798,5,753,772,924,1000,26,376,563,784,793,1,705,0,742,674,587
2025-06-20,139.0.7249.0,987,991,955,992,985,928,1000,1000,1000,696,869,911,1000,977,996,500,1000,987,783,139.0.3380.1,987,999,955,984,869,928,999,1000,1000,637,869,911,1000,977,973,500,1000,987,783,141.0a1,150,981,1000,5,840,1000,972,1000,928,954,717,1000,862,1,725,816,1000,986,818,221 preview,713,46,843,5,855,772,946,1000,17,443,598,784,852,1000,977,0,742,698,875,-,146,46,798,5,753,748,924,1000,17,376,563,784,793,1,701,0,742,674,587
2025-06-21,139.0.7251.0,987,991,955,992,985,928,1000,1000,1000,696,869,911,1000,977,996,500,1000,987,783,139.0.3380.1,987,991,955,981,869,928,999,1000,1000,637,869,911,1000,977,984,500,1000,987,783,141.0a1,150,981,1000,5,840,1000,972,1000,928,954,717,1000,862,1,725,816,1000,986,818,221 preview,713,46,843,5,855,796,946,1000,17,443,598,784,852,1000,973,0,742,698,875,-,146,46,798,5,753,772,924,1000,17,376,563,784,793,1,701,0,742,674,587
2025-06-24,139.0.7258.0,987,991,955,992,985,928,1000,1000,1000,696,869,911,1000,977,992,500,1000,987,783,139.0.3394.0,987,999,955,981,869,928,999,1000,1000,637,869,911,1000,977,973,500,1000,987,783,142.0a1,150,981,1000,5,898,1000,972,1000,928,951,717,1000,862,1,729,816,1000,986,818,221 preview,713,46,849,5,855,766,947,1000,26,443,598,784,852,1000,973,0,736,698,875,-,146,46,805,5,797,742,925,1000,26,376,563,784,793,1,705,0,736,674,587
2025-06-25,140.0.7259.0,987,991,955,992,985,928,1000,1000,1000,696,869,911,1000,977,996,500,1000,987,765,139.0.3394.0,987,999,955,978,869,928,999,1000,1000,637,869,911,1000,977,973,500,1000,987,783,142.0a1,150,981,1000,5,898,1000,972,1000,928,951,717,1000,862,1,729,816,1000,986,818,221 preview,713,46,849,5,855,796,947,1000,26,443,598,784,852,1000,969,0,742,698,875,-,146,46,805,5,797,772,925,1000,26,376,563,784,793,1,701,0,742,674,569
2025-06-26,140.0.7261.0,987,991,955,992,985,928,1000,1000,1000,696,869,911,1000,977,996,500,1000,987,783,139.0.3394.0,987,999,955,981,869,928,999,1000,1000,637,869,911,1000,977,980,500,1000,987,783,142.0a1,150,981,1000,5,898,1000,972,1000,928,954,717,1000,862,971,729,816,1000,999,818,221 preview,713,38,843,5,855,796,947,1000,26,443,598,784,852,1000,969,0,742,698,875,-,146,38,798,5,797,772,925,1000,26,376,563,784,793,971,701,0,742,686,587
2025-06-27,140.0.7263.0,987,982,955,992,985,928,1000,1000,1000,696,869,911,1000,977,995,500,1000,987,783,139.0.3394.0,987,999,955,984,869,928,999,1000,1000,637,869,911,1000,977,980,500,1000,987,783,142.0a1,150,981,1000,5,898,1000,972,1000,928,954,717,1000,862,971,729,816,1000,986,818,221 preview,713,38,843,5,855,796,947,1000,26,443,598,784,852,1000,968,0,742,698,875,-,146,38,798,5,797,772,925,1000,26,376,563,784,793,971,700,0,742,674,587
2025-06-28,140.0.7265.0,987,991,955,992,985,928,1000,1000,1000,696,869,911,1000,977,995,500,1000,987,783,139.0.3394.0,987,999,955,978,869,928,999,1000,1000,637,869,911,1000,977,972,500,1000,987,783,142.0a1,150,981,1000,5,898,1000,972,1000,928,954,717,1000,862,971,729,816,1000,986,818,221 preview,713,38,843,5,855,796,947,1000,26,443,598,784,852,1000,972,0,742,698,875,-,146,38,798,5,797,772,925,1000,26,376,563,784,793,971,704,0,742,674,587
2025-06-29,140.0.7266.0,987,991,955,992,985,928,1000,1000,1000,696,869,911,1000,977,995,500,1000,987,783,139.0.3394.0,987,999,955,984,869,928,999,1000,1000,637,869,911,1000,977,972,500,1000,987,783,142.0a1,150,990,1000,5,898,1000,972,1000,928,954,717,1000,862,971,729,816,1000,986,818,221 preview,713,38,843,5,855,796,947,1000,26,443,598,784,852,1000,968,0,742,698,875,-,146,38,798,5,797,772,925,1000,26,376,563,784,793,971,700,0,742,674,587
2025-07-01,140.0.7269.0,987,991,955,992,985,928,1000,1000,1000,696,869,911,1000,977,995,500,1000,987,783,139.0.3394.0,987,999,955,978,884,928,999,1000,1000,637,869,911,1000,977,976,500,1000,987,783,142.0a1,150,981,1000,5,898,1000,972,1000,1000,954,717,1000,862,971,729,1000,1000,999,818,221 preview,713,38,843,5,869,796,947,1000,26,443,598,784,852,1000,972,0,742,698,875,-,146,38,798,5,797,772,925,1000,26,376,563,784,793,971,704,0,742,686,587
2025-07-02,140.0.7273.0,987,991,955,992,985,952,1000,1000,1000,696,869,911,1000,977,995,500,1000,987,783,139.0.3405.9,987,999,955,981,884,952,999,1000,1000,637,869,911,1000,977,984,500,1000,987,783,142.0a1,150,981,1000,5,913,976,972,1000,1000,951,717,1000,862,971,729,1000,1000,999,818,222 preview,726,38,849,5,869,790,947,1000,26,443,598,784,852,1000,976,0,742,698,966,-,146,38,805,5,811,766,925,1000,26,376,563,784,793,971,708,0,742,686,601
2025-07-03,140.0.7275.0,987,991,955,992,985,952,1000,1000,1000,696,869,911,1000,977,995,500,1000,987,783,139.0.3405.9,987,999,955,978,884,952,999,1000,1000,637,869,911,1000,977,984,500,1000,987,783,142.0a1,150,981,1000,5,971,976,973,1000,1000,954,717,1000,862,971,729,1000,1000,999,818,222 preview,726,38,843,5,869,790,947,1000,26,443,598,784,852,1000,976,0,742,698,966,-,146,38,798,5,826,766,926,1000,26,376,563,784,793,971,708,0,742,686,601
2025-07-04,140.0.7275.0,987,982,955,992,985,952,1000,1000,1000,696,869,911,1000,977,995,500,1000,987,783,139.0.3405.13,987,999,955,981,884,952,999,1000,1000,637,869,911,1000,977,976,500,1000,987,783,142.0a1,150,981,1000,5,971,976,973,1000,1000,951,717,1000,862,971,740,1000,1000,999,818,222 preview,726,38,843,5,869,790,947,1000,26,443,598,784,852,1000,975,0,742,698,966,-,146,38,798,5,826,766,926,1000,26,376,563,784,793,971,714,0,742,686,601
2025-07-07,140.0.7280.0,987,991,955,992,985,952,1000,1000,1000,696,869,911,1000,977,996,500,1000,1000,783,139.0.3405.13,987,999,955,981,884,952,999,1000,1000,637,869,911,1000,977,984,500,1000,987,783,142.0a1,150,981,1000,5,971,976,973,1000,1000,954,717,1000,862,971,740,1000,1000,999,818,222 preview,726,38,843,5,869,790,947,1000,26,443,598,784,852,1000,976,0,742,698,966,-,146,38,798,5,826,766,926,1000,26,376,563,784,793,971,716,0,742,686,601
2025-07-09,140.0.7284.0,987,982,955,992,985,928,1000,1000,1000,696,869,911,1000,977,996,500,1000,1000,768,140.0.3421.0,986,999,955,976,884,928,999,1000,1000,637,869,911,1000,977,987,500,1000,987,783,142.0a1,150,981,1000,5,971,1000,973,1000,1000,954,717,1000,862,971,740,1000,1000,999,818,222 preview,726,38,843,5,869,790,947,1000,26,443,598,784,852,1000,976,0,742,698,966,-,146,38,798,5,826,766,926,1000,26,376,563,784,793,971,716,0,742,686,586
2025-07-10,140.0.7287.0,987,982,1000,992,985,928,1000,1000,1000,696,869,911,1000,977,996,500,1000,1000,783,140.0.3421.0,984,999,955,981,884,928,999,1000,1000,637,869,911,1000,977,987,500,1000,987,783,142.0a1,150,981,1000,5,985,1000,973,1000,1000,954,717,1000,862,971,740,1000,1000,999,818,223 preview,726,38,843,5,869,790,948,1000,17,443,598,784,888,1000,980,0,742,698,966,-,146,38,798,5,826,766,926,1000,17,376,563,784,793,971,720,0,742,686,601
2025-07-11,140.0.7289.0,987,991,1000,992,971,928,1000,1000,1000,696,869,911,1000,977,996,500,1000,1000,783,140.0.3421.0,986,999,955,981,869,928,999,1000,1000,637,869,911,1000,977,984,500,1000,987,783,142.0a1,150,981,1000,5,985,1000,973,1000,1000,954,717,1000,862,971,740,1000,1000,999,818,223 preview,726,38,849,5,913,790,948,1000,26,443,598,784,888,1000,980,0,742,698,966,-,146,38,805,5,855,766,926,1000,26,376,563,784,793,971,720,0,742,686,601
2025-07-12,140.0.7291.0,987,991,1000,992,971,928,1000,1000,1000,696,869,911,1000,977,996,500,1000,1000,783,140.0.3421.0,986,999,955,981,869,928,999,1000,1000,637,869,911,1000,977,987,500,1000,987,783,142.0a1,150,981,1000,5,985,1000,973,1000,1000,954,717,1000,862,971,744,1000,1000,999,818,223 preview,726,38,843,5,913,790,948,1000,26,443,598,784,888,1000,980,0,742,698,966,-,146,38,798,5,855,766,926,1000,26,376,563,784,793,971,723,0,742,686,601
2025-07-14,140.0.7295.0,987,991,1000,992,971,928,1000,1000,1000,696,869,911,1000,977,996,500,1000,1000,783,140.0.3421.0,986,999,955,984,869,928,999,1000,1000,637,869,911,1000,977,987,500,1000,987,783,142.0a1,150,990,1000,5,985,1000,973,1000,1000,954,717,1000,862,971,744,1000,1000,999,818,223 preview,726,38,843,5,913,790,948,1000,26,443,598,784,888,1000,979,0,742,698,966,-,146,38,798,5,855,766,926,1000,26,376,563,784,793,971,722,0,742,686,601
2025-07-15,140.0.7296.0,987,991,1000,992,971,928,1000,1000,1000,696,869,911,1000,977,996,500,1000,1000,783,140.0.3421.0,986,999,955,981,869,928,999,1000,1000,637,869,911,1000,977,980,500,1000,987,783,142.0a1,150,990,1000,5,985,1000,973,1000,1000,951,717,1000,862,971,744,1000,1000,999,818,223 preview,726,38,843,5,913,790,948,1000,26,443,598,784,888,1000,980,0,742,698,966,-,146,38,798,5,855,766,926,1000,26,376,563,784,793,971,723,0,742,686,601
2025-07-25,140.0.7317.0,992,991,1000,992,971,928,1000,1000,1000,696,891,996,1000,977,996,500,1000,1000,783,140.0.3442.1,984,1000,1000,978,869,928,999,1000,1000,637,891,908,1000,977,984,500,1000,1000,783,143.0a1,150,990,1000,5,1000,1000,973,1000,1000,954,739,996,886,971,740,1000,1000,999,818,224 preview,775,38,843,5,985,790,954,1000,17,443,760,786,888,1000,980,0,742,698,966,-,146,38,843,5,855,766,932,1000,17,376,731,786,817,971,724,0,742,698,601
2025-07-28,140.0.7323.0,988,991,1000,992,971,928,1000,1000,1000,696,891,996,1000,977,996,500,1000,1000,783,140.0.3442.1,982,1000,1000,978,869,928,999,1000,1000,637,891,908,1000,977,980,500,1000,1000,783,143.0a1,150,981,1000,5,1000,1000,973,1000,1000,954,739,996,886,971,740,1000,1000,999,818,224 preview,773,38,843,5,985,790,954,1000,26,443,760,786,888,1000,980,0,742,698,966,-,146,38,843,5,855,766,932,1000,26,376,731,786,817,971,720,0,742,698,601
2025-07-29,140.0.7325.0,976,982,1000,992,971,928,1000,1000,1000,696,891,996,1000,977,996,500,1000,1000,783,140.0.3442.1,971,1000,1000,981,869,928,999,1000,1000,637,891,908,1000,977,984,500,1000,1000,783,143.0a1,150,990,1000,5,1000,1000,973,1000,1000,954,739,996,886,971,740,1000,1000,999,818,224 preview,779,38,843,5,985,790,954,1000,26,443,760,786,888,1000,980,0,742,698,966,-,146,38,843,5,855,766,932,1000,26,376,731,786,817,971,724,0,742,698,601
2025-07-31,140.0.7328.0,976,982,1000,992,971,928,1000,1000,1000,696,891,957,1000,977,996,500,1000,1000,768,140.0.3456.0,976,1000,1000,976,869,928,999,1000,1000,637,891,931,1000,977,988,500,1000,1000,768,143.0a1,150,981,1000,5,1000,1000,976,1000,1000,954,739,957,928,971,759,1000,1000,999,766,224 preview,779,38,843,5,985,790,954,1000,17,443,760,796,888,1000,979,0,742,698,951,-,146,38,843,5,855,766,935,1000,17,376,731,791,859,971,742,0,742,698,586
2025-08-04,140.0.7337.0,977,991,1000,984,971,928,1000,1000,1000,696,891,957,1000,977,996,500,1000,1000,768,140.0.3456.0,973,1000,1000,970,869,928,999,1000,1000,637,891,931,1000,977,988,500,1000,1000,768,143.0a1,150,981,1000,5,1000,1000,987,1000,1000,954,739,957,928,971,759,1000,1000,999,766,224 preview,778,38,849,5,985,790,954,1000,26,443,760,796,888,1000,980,0,742,698,951,-,146,38,849,5,855,766,945,1000,26,376,652,791,859,971,743,0,742,698,586
2025-08-06,141.0.7340.0,977,991,1000,984,971,928,1000,1000,1000,696,891,957,1000,977,996,500,1000,1000,768,140.0.3471.0,976,1000,1000,978,869,928,999,1000,1000,637,891,957,1000,977,988,500,1000,1000,768,143.0a1,150,981,1000,5,1000,1000,987,1000,1000,954,739,957,928,971,759,1000,1000,999,766,224 preview,778,38,843,5,985,790,954,1000,26,443,760,796,888,1000,980,0,742,698,951,-,146,38,843,5,855,766,945,1000,26,376,652,796,859,971,743,0,742,698,586
2025-08-07,141.0.7342.0,977,991,1000,984,971,928,1000,1000,1000,696,891,957,1000,977,996,500,1000,1000,768,140.0.3471.0,974,1000,1000,978,869,928,999,1000,1000,637,891,957,1000,977,984,500,1000,1000,768,143.0a1,150,998,1000,5,1000,1000,987,1000,1000,954,739,957,928,971,763,1000,1000,999,766,225 preview,778,38,843,5,985,748,955,1000,17,443,826,796,888,1000,984,0,754,698,951,-,146,38,843,5,855,725,946,1000,17,376,717,796,859,971,747,0,754,698,586
2025-08-08,141.0.7344.0,977,991,1000,984,971,928,1000,1000,1000,696,891,957,1000,977,996,500,1000,1000,768,140.0.3471.0,976,1000,1000,978,869,928,1000,1000,1000,637,891,957,1000,977,988,500,1000,1000,768,143.0a1,150,990,1000,5,1000,1000,987,1000,1000,951,739,957,928,971,763,1000,1000,996,766,225 preview,778,38,843,5,985,796,955,1000,26,443,826,796,888,1000,984,0,754,697,951,-,146,38,843,5,855,772,947,1000,26,376,717,796,859,971,747,0,754,697,586
2025-08-09,141.0.7346.0,977,991,1000,984,971,928,1000,1000,1000,696,891,957,1000,977,996,500,1000,1000,768,140.0.3471.0,976,1000,1000,981,869,928,999,1000,1000,637,891,957,1000,977,988,500,1000,1000,768,143.0a1,150,990,1000,5,1000,1000,987,1000,1000,951,847,957,928,971,763,1000,1000,996,766,225 preview,778,38,849,5,985,796,955,1000,17,443,826,796,888,1000,984,0,754,697,951,-,146,38,849,5,855,772,946,1000,17,376,717,796,859,971,747,0,754,697,586
2025-08-13,141.0.7353.0,977,991,1000,984,971,928,1000,1000,1000,696,891,1000,1000,977,996,500,1000,1000,768,140.0.3485.6,976,1000,1000,968,869,928,999,1000,1000,637,891,959,1000,977,988,500,1000,1000,768,143.0a1,150,981,1000,5,1000,1000,987,1000,1000,954,1000,1000,928,971,775,1000,1000,996,766,225 preview,778,38,849,5,985,796,955,1000,26,443,811,795,888,1000,983,0,754,697,951,-,146,38,849,5,855,772,946,1000,26,376,811,795,859,971,757,0,754,697,586
2025-08-19,141.0.7365.0,964,991,1000,986,971,928,1000,1000,1000,696,1000,1000,1000,977,996,500,1000,1000,768,141.0.3500.1,961,1000,1000,970,869,928,999,1000,1000,637,891,959,1000,977,988,500,1000,1000,768,144.0a1,150,990,1000,5,1000,1000,987,1000,1000,954,1000,1000,928,971,782,1000,1000,999,766,225 preview,785,38,843,5,985,796,955,1000,26,443,826,795,888,1000,984,0,754,697,951,-,146,38,843,5,855,772,946,1000,26,376,826,795,859,971,766,0,754,697,586
2025-08-21,141.0.7368.0,964,991,1000,986,971,928,1000,1000,1000,696,1000,1000,1000,971,996,500,1000,1000,768,141.0.3500.1,960,1000,1000,976,869,928,999,1000,1000,637,891,959,1000,971,988,500,1000,1000,768,144.0a1,150,990,1000,5,1000,1000,987,1000,1000,954,1000,1000,928,966,801,1000,1000,999,766,226 preview,829,38,986,939,985,808,956,1000,26,541,956,991,996,1000,979,0,796,719,1000,-,146,38,986,5,855,784,946,1000,26,474,847,950,924,966,780,0,796,718,586
2025-08-22,141.0.7370.0,964,991,947,986,971,928,1000,1000,1000,696,1000,1000,1000,971,996,500,1000,1000,768,141.0.3500.1,961,1000,947,973,869,928,999,1000,1000,637,891,959,1000,971,988,500,1000,1000,768,144.0a1,150,990,1000,5,1000,1000,987,1000,1000,951,1000,1000,928,966,805,1000,1000,999,818,226 preview,829,38,980,939,985,808,956,1000,26,541,956,991,996,1000,983,0,796,719,1000,-,146,38,927,5,855,784,946,1000,26,471,847,950,924,966,788,0,796,718,586
2025-08-26,141.0.7376.0,964,991,947,986,971,928,1000,1000,1000,696,1000,1000,1000,971,996,500,1000,1000,909,141.0.3500.1,960,1000,947,981,869,928,999,1000,1000,637,891,959,1000,891,988,500,1000,1000,677,144.0a1,150,981,1000,5,1000,1000,987,1000,1000,951,1000,1000,928,966,866,1000,1000,999,818,226 preview,829,38,973,941,985,808,956,1000,17,541,956,991,996,1000,980,0,850,719,1000,-,146,38,920,5,855,784,946,1000,17,471,847,950,924,886,846,0,850,718,495
2025-09-02,141.0.7389.0,958,991,947,986,971,952,1000,1000,714,696,1000,1000,1000,1000,996,500,1000,1000,909,141.0.3514.0,964,1000,947,973,869,952,999,1000,1000,637,1000,1000,1000,971,988,500,1000,1000,768,144.0a1,150,990,1000,5,1000,1000,987,1000,1000,951,1000,1000,928,966,870,1000,1000,999,818,226 preview,829,38,980,939,985,832,956,1000,17,541,956,991,996,1000,984,0,850,719,1000,-,146,38,927,5,855,808,946,1000,17,471,956,991,924,966,854,0,850,718,586
2025-09-07,142.0.7399.0,958,991,947,986,971,952,1000,1000,714,696,1000,1000,1000,1000,996,500,1000,1000,909,141.0.3525.0,964,1000,947,976,869,952,999,1000,1000,637,1000,1000,1000,971,988,500,1000,1000,909,144.0a1,150,990,1000,5,1000,1000,987,1000,1000,954,1000,1000,928,966,870,1000,1000,999,818,227 preview,897,38,1000,949,985,826,960,1000,946,541,956,991,1000,1000,984,0,875,719,1000,-,146,38,947,5,855,802,951,1000,660,474,956,991,928,966,854,0,875,718,727
2025-09-08,142.0.7400.0,958,991,947,986,971,952,1000,1000,714,696,1000,1000,1000,1000,996,500,1000,1000,890,141.0.3525.0,964,1000,947,978,869,952,999,1000,1000,637,1000,1000,1000,971,984,500,1000,1000,909,144.0a1,150,990,1000,5,1000,1000,987,1000,1000,951,1000,1000,928,966,870,1000,1000,999,818,227 preview,893,38,1000,949,985,826,960,1000,946,541,956,991,1000,1000,983,0,875,719,1000,-,146,38,947,5,855,802,951,1000,660,471,956,991,928,966,849,0,875,718,709
2025-09-09,142.0.7402.0,958,991,947,986,971,952,1000,1000,714,696,1000,1000,1000,1000,996,500,1000,1000,909,141.0.3525.0,964,1000,947,984,869,952,999,1000,1000,637,1000,1000,1000,971,988,500,1000,1000,909,144.0a1,150,990,1000,5,1000,1000,987,1000,1000,954,1000,1000,956,966,873,1000,1000,999,818,227 preview,901,38,1000,947,985,826,960,1000,964,541,956,991,1000,1000,983,0,875,719,1000,-,146,38,947,5,855,802,951,1000,678,474,956,991,956,966,856,0,875,718,727
2025-09-10,142.0.7405.0,958,982,947,986,971,952,1000,1000,714,696,1000,1000,1000,1000,996,500,1000,1000,909,141.0.3537.9,958,991,947,981,869,952,999,1000,1000,637,1000,1000,1000,1000,992,500,1000,1000,909,144.0a1,150,981,1000,5,1000,1000,987,1000,1000,954,1000,1000,956,966,873,1000,1000,999,909,227 preview,901,38,1000,947,985,826,960,1000,946,541,956,991,1000,1000,984,0,875,719,1000,-,146,38,947,5,855,802,951,1000,660,474,956,991,956,966,861,0,875,718,818
2025-09-12,142.0.7409.0,958,982,947,986,1000,964,1000,1000,857,696,1000,1000,993,1000,996,500,1000,1000,909,141.0.3537.9,958,1000,947,970,869,952,999,1000,1000,637,1000,1000,993,1000,988,500,1000,1000,909,144.0a1,150,990,1000,5,1000,1000,987,1000,1000,954,1000,1000,966,966,870,1000,1000,999,909,227 preview,897,38,1000,946,985,826,960,1000,946,541,956,991,993,1000,983,0,875,719,1000,-,146,38,947,5,869,802,951,1000,803,474,956,991,963,966,853,0,875,718,818
2025-09-17,142.0.7418.3,958,991,947,986,1000,964,1000,1000,857,696,1000,1000,993,1000,992,500,1000,1000,909,142.0.3558.0,958,991,947,976,869,952,999,1000,1000,637,1000,1000,993,1000,984,500,1000,1000,909,145.0a1,150,990,1000,5,1000,1000,987,1000,1000,954,1000,1000,967,966,874,1000,1000,999,909,227 preview,917,38,1000,947,985,826,960,1000,946,541,956,991,993,1000,979,0,899,719,1000,-,151,38,947,5,869,802,951,1000,803,474,956,991,964,966,853,0,899,718,818
2025-09-18,142.0.7420.0,959,991,947,992,1000,976,1000,1000,857,696,1000,1000,993,1000,992,500,1000,1000,909,142.0.3558.0,959,982,947,981,869,952,999,1000,1000,637,1000,1000,993,1000,984,500,1000,1000,909,145.0a1,150,990,1000,5,1000,1000,987,1000,1000,954,1000,1000,967,966,897,1000,1000,999,909,228 preview,928,38,1000,955,985,826,960,1000,955,541,956,991,993,1000,979,1000,899,731,1000,-,151,38,947,5,869,802,951,1000,812,474,956,991,964,966,876,500,899,730,818
2025-09-19,142.0.7421.0,959,991,947,992,1000,976,1000,1000,1000,696,1000,1000,993,1000,992,500,1000,1000,909,142.0.3558.0,959,1000,947,978,869,952,999,1000,1000,637,1000,1000,993,1000,984,500,1000,1000,909,145.0a1,150,990,1000,5,1000,1000,987,1000,1000,924,1000,1000,967,966,897,1000,1000,999,909,228 preview,928,38,1000,955,985,850,960,1000,964,541,956,991,993,1000,980,1000,899,731,1000,-,151,38,947,5,869,826,951,1000,964,474,956,991,964,966,877,500,899,730,818
2025-09-20,142.0.7423.0,959,991,1000,992,1000,976,1000,1000,1000,696,1000,1000,993,1000,992,500,1000,1000,909,142.0.3558.0,959,991,947,984,869,952,999,1000,1000,637,1000,1000,993,1000,984,500,1000,1000,909,145.0a1,150,990,1000,5,1000,1000,987,1000,1000,954,1000,1000,969,966,897,1000,1000,999,909,228 preview,928,38,1000,957,985,850,960,1000,946,541,920,991,959,1000,638,1000,899,804,1000,-,151,38,947,5,869,826,951,1000,946,474,920,991,940,966,587,500,899,803,818
2025-09-21,142.0.7426.0,959,974,1000,992,1000,976,1000,1000,1000,696,1000,1000,993,1000,992,500,1000,1000,909,142.0.3558.0,959,1000,947,978,869,952,999,1000,1000,637,1000,1000,993,1000,984,500,1000,1000,909,145.0a1,150,990,1000,5,1000,1000,987,1000,1000,951,1000,1000,969,966,897,1000,1000,999,909,228 preview,928,38,993,955,985,850,960,1000,955,541,956,991,993,1000,593,1000,901,804,1000,-,151,29,940,5,869,826,951,1000,955,471,956,991,966,966,538,500,901,803,818
2025-09-22,142.0.7428.0,959,982,1000,992,1000,976,999,1000,1000,696,1000,1000,993,1000,992,500,1000,1000,909,142.0.3558.0,959,1000,947,976,869,952,999,1000,1000,637,1000,1000,993,1000,984,500,1000,1000,909,145.0a1,150,990,1000,5,1000,1000,987,1000,1000,954,1000,1000,969,966,897,1000,992,999,909,228 preview,928,38,1000,955,985,850,960,1000,946,541,956,991,993,1000,596,1000,901,804,1000,-,151,38,947,5,869,826,950,1000,946,474,956,991,966,966,541,500,894,803,818
2025-09-23,142.0.7429.0,959,982,1000,992,1000,976,1000,1000,1000,696,1000,1000,993,1000,988,500,1000,1000,909,142.0.3568.0,959,1000,947,981,869,964,999,1000,1000,637,1000,1000,993,1000,984,500,1000,1000,909,145.0a1,150,990,1000,5,1000,1000,987,1000,1000,954,1000,1000,969,966,897,1000,1000,999,909,228 preview,932,38,1000,957,985,850,960,1000,964,541,956,991,993,1000,920,1000,901,804,1000,-,151,38,947,5,869,838,951,1000,964,474,956,991,966,966,824,500,901,803,818
2025-09-24,142.0.7431.0,957,991,1000,992,1000,976,1000,1000,1000,637,1000,1000,993,1000,992,500,1000,1000,909,142.0.3568.0,957,1000,947,981,869,964,999,1000,1000,637,1000,1000,993,1000,984,500,1000,1000,909,145.0a1,150,990,1000,5,1000,1000,987,1000,1000,951,1000,1000,969,966,897,1000,1000,999,909,228 preview,935,38,1000,955,985,850,960,1000,946,541,934,991,993,1000,920,1000,901,804,1000,-,151,38,947,5,869,838,951,1000,946,471,934,991,966,966,828,500,901,803,818
2025-09-25,142.0.7434.0,966,982,1000,992,1000,976,1000,1000,1000,637,1000,1000,993,1000,992,500,1000,1000,909,142.0.3568.0,966,1000,947,981,869,964,999,1000,1000,637,1000,1000,993,1000,984,500,1000,1000,909,145.0a1,150,998,1000,5,1000,1000,987,1000,1000,954,1000,1000,988,998,897,1000,1000,999,909,228 preview,932,38,993,955,985,850,960,1000,955,541,956,991,993,1000,920,1000,901,804,1000,-,151,38,940,5,869,838,951,1000,955,474,956,991,985,998,828,500,901,803,818
2025-09-26,142.0.7436.0,966,991,1000,992,1000,976,1000,1000,1000,637,1000,1000,993,1000,988,500,1000,1000,909,142.0.3568.0,966,1000,947,978,869,964,999,1000,1000,637,1000,1000,993,1000,984,500,1000,1000,909,145.0a1,150,998,1000,5,1000,1000,987,1000,1000,954,1000,1000,988,998,897,1000,1000,999,909,228 preview,932,38,993,957,985,856,960,1000,946,541,949,991,993,1000,920,1000,901,804,1000,-,151,38,940,5,869,844,951,1000,946,474,949,991,985,998,824,500,901,803,818
2025-09-27,142.0.7438.0,966,974,1000,992,1000,976,1000,1000,1000,637,1000,1000,993,1000,996,500,1000,1000,818,142.0.3568.0,966,1000,947,978,884,964,999,1000,1000,637,1000,1000,993,1000,984,500,1000,1000,909,145.0a1,600,990,1000,5,1000,1000,987,1000,1000,1000,1000,1000,988,998,897,1000,1000,999,909,228 preview,932,38,1000,955,985,856,960,1000,955,541,956,991,993,1000,954,1000,901,804,1000,-,584,38,947,5,869,844,951,1000,955,474,956,991,985,998,858,500,901,803,727
2025-09-28,142.0.7440.0,966,991,1000,992,1000,976,1000,1000,1000,637,1000,1000,993,1000,996,500,1000,1000,890,142.0.3568.0,966,1000,947,981,884,964,999,1000,1000,637,1000,1000,993,1000,984,500,1000,1000,909,145.0a1,622,981,1000,5,1000,1000,987,1000,1000,996,1000,1000,988,998,897,1000,1000,999,909,228 preview,932,38,993,955,985,856,960,1000,946,541,942,991,993,1000,954,1000,901,804,1000,-,606,38,940,5,869,844,951,1000,946,471,942,991,985,998,858,500,901,803,800
2025-09-29,142.0.7442.0,966,982,1000,992,1000,976,1000,1000,1000,637,1000,1000,993,1000,996,500,1000,1000,909,142.0.3568.0,966,1000,947,981,884,964,999,1000,1000,637,1000,1000,993,1000,984,500,1000,1000,909,145.0a1,622,990,1000,5,1000,1000,987,1000,1000,1000,1000,1000,988,998,897,1000,1000,999,909,228 preview,932,38,1000,955,985,856,960,1000,955,541,956,991,993,1000,953,1000,901,804,1000,-,606,38,947,5,869,844,951,1000,955,474,956,991,985,998,857,500,901,803,818
2025-09-30,142.0.7444.0,966,982,1000,992,1000,988,1000,1000,1000,637,1000,1000,993,1000,996,500,1000,1000,890,142.0.3581.0,966,1000,1000,981,884,976,999,1000,1000,637,1000,1000,993,1000,984,500,1000,1000,909,145.0a1,632,998,1000,5,1000,1000,987,1000,1000,1000,1000,1000,988,998,897,1000,1000,999,909,228 preview,932,38,1000,955,985,856,960,1000,946,541,949,991,993,1000,954,1000,901,804,1000,-,614,38,1000,5,869,856,951,1000,946,474,949,991,985,998,858,500,901,803,800
2025-10-01,142.0.7444.6,966,974,1000,992,1000,988,1000,1000,1000,637,1000,1000,993,1000,996,500,1000,1000,909,142.0.3581.0,966,1000,1000,981,884,976,999,1000,1000,637,1000,1000,993,1000,984,500,1000,1000,909,145.0a1,632,998,1000,5,1000,1000,987,1000,1000,1000,1000,1000,988,998,893,1000,1000,999,909,228 preview,932,38,1000,954,985,856,960,1000,946,541,956,991,993,1000,954,1000,901,804,1000,-,614,38,1000,5,869,856,951,1000,946,474,956,991,985,998,854,500,901,803,818
2025-10-02,143.0.7447.0,966,982,1000,992,1000,988,1000,1000,1000,637,1000,1000,993,1000,996,500,1000,1000,909,142.0.3581.0,966,1000,1000,976,884,976,999,1000,1000,637,1000,1000,993,1000,984,500,1000,1000,909,145.0a1,632,990,1000,5,1000,1000,987,1000,1000,996,1000,1000,988,998,897,1000,1000,999,909,229 preview,948,497,993,954,971,897,961,1000,991,988,956,1000,1000,1000,961,1000,997,804,518,-,617,488,993,5,869,897,952,1000,991,634,956,1000,985,998,862,500,997,803,381
2025-10-03,143.0.7449.0,966,991,1000,992,1000,988,1000,1000,1000,637,1000,1000,993,1000,996,500,1000,1000,818,142.0.3581.0,966,1000,1000,981,884,976,999,1000,1000,637,1000,1000,993,1000,984,500,1000,1000,909,145.0a1,626,973,1000,5,1000,1000,987,1000,1000,1000,1000,1000,988,998,897,1000,1000,999,909,229 preview,948,497,1000,955,985,897,962,1000,982,988,956,1000,1000,1000,961,1000,997,804,1000,-,612,480,1000,5,869,897,953,1000,982,637,956,1000,985,998,862,500,997,803,727
2025-10-04,143.0.7451.0,962,974,1000,992,1000,988,1000,1000,1000,637,1000,1000,993,1000,996,500,1000,1000,909,142.0.3581.0,962,1000,1000,981,884,976,999,1000,1000,637,1000,1000,993,1000,984,500,1000,1000,909,145.0a1,669,990,1000,5,1000,1000,987,1000,1000,1000,1000,1000,988,998,904,1000,1000,999,909,229 preview,945,497,1000,955,985,897,962,1000,982,988,956,1000,1000,1000,961,1000,997,804,1000,-,651,480,1000,5,869,897,953,1000,982,637,956,1000,985,998,870,500,997,803,818
2025-10-06,143.0.7455.0,962,982,1000,992,1000,988,1000,1000,1000,637,1000,1000,993,1000,996,500,1000,1000,909,142.0.3581.0,962,991,966,981,884,976,999,1000,1000,637,1000,1000,993,1000,984,500,1000,1000,909,145.0a1,669,990,1000,5,1000,1000,987,1000,1000,996,1000,1000,988,998,904,1000,1000,999,909,229 preview,945,497,1000,955,985,897,962,1000,982,988,956,1000,1000,1000,961,1000,997,804,1000,-,651,488,966,5,869,897,953,1000,982,634,956,1000,985,998,870,500,997,803,818
2025-10-07,143.0.7457.0,962,982,1000,992,1000,988,1000,1000,1000,637,1000,1000,993,1000,996,500,1000,1000,909,142.0.3581.0,962,982,1000,984,884,952,999,1000,1000,637,1000,1000,993,1000,984,500,1000,1000,909,145.0a1,669,990,1000,5,1000,1000,987,1000,1000,1000,1000,1000,988,998,904,1000,1000,999,909,229 preview,945,497,1000,957,985,897,962,1000,982,988,956,1000,1000,1000,960,1000,997,804,1000,-,651,488,1000,5,869,873,953,1000,982,637,956,1000,985,998,868,500,997,803,818
2025-10-08,143.0.7459.0,962,982,1000,984,1000,988,1000,1000,1000,637,1000,1000,991,1000,996,500,1000,1000,909,142.0.3595.7,962,1000,1000,968,884,988,999,1000,1000,637,1000,1000,991,1000,992,500,1000,1000,909,145.0a1,669,981,1000,5,1000,1000,987,1000,1000,1000,1000,1000,988,998,904,1000,1000,999,909,229 preview,945,497,1000,947,985,897,962,1000,982,988,956,1000,1000,1000,964,1000,997,804,1000,-,651,480,1000,5,869,897,953,1000,982,637,956,1000,982,998,880,500,997,803,818
2025-10-09,143.0.7461.0,962,974,1000,984,1000,988,1000,1000,1000,637,1000,1000,1000,1000,996,500,1000,1000,909,142.0.3595.7,962,982,966,978,884,988,999,1000,1000,637,1000,1000,991,1000,988,500,1000,1000,818,145.0a1,682,990,1000,5,1000,1000,987,1000,1000,1000,1000,1000,988,998,904,1000,1000,999,1000,229 preview,953,497,1000,949,985,897,962,1000,1000,988,956,1000,1000,1000,964,1000,997,804,1000,-,664,462,966,5,869,897,953,1000,1000,637,956,1000,982,998,876,500,997,803,818
2025-10-10,143.0.7463.0,962,991,1000,984,1000,1000,1000,1000,1000,637,1000,1000,1000,1000,996,500,1000,1000,909,142.0.3595.7,962,1000,1000,978,884,988,999,1000,1000,637,1000,1000,991,916,992,500,1000,1000,909,145.0a1,682,999,1000,5,1000,1000,987,1000,1000,1000,1000,1000,988,998,904,1000,1000,999,1000,229 preview,953,497,1000,947,985,897,962,1000,1000,988,956,1000,1000,1000,965,1000,997,804,1000,-,664,497,1000,5,869,897,953,1000,1000,637,956,1000,982,914,881,500,997,803,909
2025-10-11,143.0.7465.0,962,982,1000,984,1000,1000,1000,1000,1000,637,1000,1000,1000,1000,996,500,1000,1000,890,142.0.3595.7,962,1000,1000,970,884,988,999,1000,1000,637,1000,1000,991,1000,988,500,1000,1000,909,145.0a1,682,999,1000,5,1000,1000,987,1000,1000,996,1000,1000,988,998,904,1000,1000,999,1000,229 preview,953,497,1000,949,985,897,962,1000,991,988,956,1000,1000,1000,964,1000,997,804,1000,-,664,488,1000,5,869,897,953,1000,991,634,956,1000,982,998,876,500,997,803,890
2025-10-12,143.0.7466.0,962,982,1000,984,1000,1000,1000,1000,1000,637,1000,1000,1000,1000,996,500,1000,1000,909,142.0.3595.7,962,1000,1000,970,884,988,999,1000,1000,637,1000,1000,991,1000,988,500,1000,1000,909,145.0a1,682,999,1000,5,1000,1000,987,1000,1000,1000,1000,1000,988,998,904,1000,1000,999,1000,229 preview,953,497,1000,947,1000,897,962,1000,982,988,956,1000,1000,1000,965,1000,997,804,1000,-,664,488,1000,5,884,897,953,1000,982,637,956,1000,982,998,877,500,997,803,909
2025-10-13,143.0.7469.0,962,974,1000,984,1000,1000,1000,1000,1000,637,1000,1000,1000,1000,996,500,1000,1000,818,142.0.3595.7,962,1000,1000,968,884,988,999,1000,1000,592,1000,1000,991,1000,988,500,1000,1000,818,145.0a1,682,999,1000,5,1000,1000,987,1000,1000,996,1000,1000,988,998,904,1000,1000,999,1000,229 preview,953,497,1000,947,1000,897,962,1000,982,988,956,1000,1000,1000,965,1000,997,804,1000,-,664,480,1000,5,884,897,953,1000,982,588,956,1000,982,998,877,500,997,803,727
2025-10-14,143.0.7470.0,966,974,1000,984,1000,1000,1000,1000,1000,637,1000,1000,1000,1000,996,500,1000,1000,909,142.0.3595.7,962,1000,1000,973,884,964,999,1000,1000,637,1000,1000,991,1000,988,500,1000,1000,909,146.0a1,682,999,1000,5,1000,1000,987,1000,1000,969,1000,1000,988,998,904,1000,1000,999,1000,229 preview,953,497,1000,949,1000,897,962,1000,982,988,956,1000,1000,1000,964,1000,997,804,1000,-,664,480,1000,5,884,897,953,1000,982,607,956,1000,982,998,876,500,997,803,909
2025-10-15,143.0.7471.0,966,974,1000,984,1000,1000,1000,1000,1000,637,1000,1000,1000,1000,996,500,1000,1000,909,142.0.3595.7,962,1000,1000,960,884,988,999,1000,1000,637,1000,1000,991,1000,988,500,1000,1000,909,146.0a1,682,999,1000,5,1000,1000,987,1000,1000,996,1000,1000,992,998,904,1000,1000,999,1000,229 preview,953,497,993,949,1000,897,962,1000,991,988,956,1000,1000,1000,965,1000,997,804,1000,-,664,480,993,5,884,897,953,1000,991,634,956,1000,986,998,877,500,997,803,909
2025-10-17,143.0.7477.0,966,982,1000,984,1000,1000,1000,1000,1000,637,1000,1000,1000,1000,996,500,1000,1000,909,143.0.3614.1,962,1000,1000,978,884,988,999,1000,1000,637,1000,1000,1000,1000,988,500,1000,1000,909,146.0a1,683,999,1000,5,1000,1000,987,1000,1000,1000,1000,1000,992,998,904,1000,1000,999,1000,230 preview,980,965,1000,978,1000,957,962,1000,982,988,1000,1000,1000,1000,980,1000,997,804,1000,-,669,948,1000,5,884,957,953,1000,982,637,1000,1000,992,998,885,500,997,803,909
2025-10-18,143.0.7479.0,966,965,1000,984,1000,1000,1000,1000,1000,637,1000,1000,1000,1000,996,500,1000,1000,909,143.0.3614.1,962,1000,1000,978,884,988,999,1000,1000,637,1000,1000,1000,1000,988,500,1000,1000,909,146.0a1,692,999,1000,5,1000,1000,987,1000,1000,1000,1000,1000,992,998,904,1000,1000,999,1000,230 preview,980,965,1000,978,1000,957,962,1000,982,988,1000,1000,1000,1000,980,1000,997,804,1000,-,677,931,1000,5,884,957,953,1000,982,637,1000,1000,992,998,885,500,997,803,909
2025-10-19,143.0.7481.0,966,974,1000,984,1000,1000,1000,1000,1000,637,1000,1000,1000,1000,996,500,1000,1000,909,143.0.3614.1,962,1000,1000,976,884,988,999,1000,1000,637,1000,1000,1000,1000,988,500,1000,1000,909,146.0a1,692,999,1000,5,1000,1000,987,1000,1000,1000,1000,1000,992,998,904,1000,1000,999,1000,230 preview,980,965,1000,978,1000,957,962,1000,982,988,992,1000,1000,1000,980,1000,991,804,1000,-,677,940,1000,5,884,957,953,1000,982,637,992,1000,992,998,885,500,991,803,909
2025-10-20,143.0.7483.0,966,982,1000,984,1000,1000,1000,1000,1000,637,1000,1000,1000,1000,996,500,1000,1000,909,143.0.3614.1,962,1000,1000,973,884,988,999,1000,1000,637,1000,1000,1000,1000,988,500,1000,1000,909,146.0a1,692,999,1000,5,1000,1000,987,1000,1000,1000,1000,1000,992,998,904,1000,1000,999,1000,230 preview,980,965,1000,978,1000,957,962,1000,982,988,1000,1000,1000,1000,984,1000,997,804,1000,-,677,948,1000,5,884,957,953,1000,982,637,1000,1000,992,998,889,500,997,803,909
2025-10-21,143.0.7484.0,966,974,1000,984,1000,1000,1000,1000,1000,637,1000,1000,1000,1000,996,500,1000,1000,909,143.0.3624.0,966,991,1000,970,884,1000,999,1000,1000,637,1000,1000,1000,1000,988,500,1000,1000,909,146.0a1,699,990,1000,5,1000,1000,987,1000,1000,1000,1000,1000,992,998,904,1000,1000,999,1000,230 preview,980,974,1000,981,1000,957,962,1000,991,988,1000,1000,1000,1000,984,1000,997,804,1000,-,687,948,1000,5,884,957,953,1000,991,637,1000,1000,992,998,889,500,997,803,909
2025-10-22,143.0.7486.0,966,974,1000,984,1000,1000,1000,1000,1000,637,1000,1000,1000,1000,996,500,1000,1000,909,143.0.3624.0,966,991,1000,973,884,1000,999,1000,1000,637,1000,1000,1000,1000,988,500,1000,1000,909,146.0a1,699,998,1000,5,1000,1000,987,1000,1000,1000,1000,1000,992,998,904,1000,1000,999,1000,230 preview,980,974,1000,981,1000,957,962,1000,982,988,1000,1000,1000,1000,984,1000,997,804,1000,-,687,948,1000,5,884,957,953,1000,982,637,1000,1000,992,998,889,500,997,803,909
2025-10-23,143.0.7489.0,966,974,1000,984,1000,1000,1000,1000,1000,637,1000,1000,1000,1000,996,500,1000,1000,818,143.0.3624.0,966,991,966,976,884,1000,999,1000,1000,637,1000,1000,1000,1000,988,500,1000,1000,909,146.0a1,703,998,1000,5,1000,1000,987,1000,1000,996,1000,1000,997,998,904,1000,1000,999,1000,230 preview,984,974,993,981,1000,957,962,1000,982,988,1000,1000,1000,1000,984,1000,997,804,1000,-,692,948,960,5,884,957,953,1000,982,634,1000,1000,997,998,889,500,997,803,818
2025-10-24,143.0.7491.0,961,974,1000,984,1000,1000,1000,1000,1000,615,1000,1000,1000,1000,996,500,1000,1000,909,143.0.3624.0,961,982,966,973,884,976,999,1000,1000,615,1000,1000,1000,1000,988,500,1000,1000,909,146.0a1,703,998,1000,5,985,1000,987,1000,1000,1000,1000,1000,997,998,904,1000,1000,999,1000,230 preview,979,974,1000,978,1000,957,962,1000,982,727,1000,1000,1000,1000,984,1000,997,804,1000,-,688,939,966,5,869,933,953,1000,982,615,1000,1000,997,998,889,500,997,803,909
2025-10-25,143.0.7491.0,961,965,1000,984,1000,1000,1000,1000,1000,584,1000,1000,1000,1000,996,500,1000,1000,909,143.0.3624.0,961,991,1000,976,884,1000,999,1000,1000,615,1000,1000,1000,1000,984,500,1000,1000,818,146.0a1,703,998,1000,5,985,1000,987,1000,1000,1000,1000,1000,997,998,904,1000,1000,999,1000,230 preview,979,974,1000,978,1000,957,962,1000,982,727,1000,1000,1000,1000,984,1000,997,804,1000,-,688,939,1000,5,869,957,953,1000,982,584,1000,1000,997,998,885,500,997,803,818
2025-10-27,143.0.7497.0,957,965,1000,981,1000,1000,1000,1000,1000,637,1000,1000,1000,1000,996,500,1000,1000,818,143.0.3624.0,961,991,1000,973,884,1000,999,1000,1000,637,1000,1000,1000,1000,988,500,1000,1000,818,146.0a1,703,998,1000,5,985,1000,987,1000,1000,1000,1000,1000,997,998,904,1000,1000,999,1000,230 preview,979,974,993,978,1000,957,962,1000,982,988,1000,1000,1000,1000,984,1000,997,804,1000,-,688,939,993,5,869,957,953,1000,982,637,1000,1000,997,998,889,500,997,803,727
2025-10-28,143.0.7499.0,957,974,1000,984,1000,1000,1000,1000,1000,637,1000,1000,1000,1000,996,500,1000,1000,909,143.0.3624.0,961,991,1000,976,884,976,999,1000,1000,637,1000,1000,1000,1000,988,500,1000,1000,909,146.0a1,720,998,1000,2,985,1000,987,1000,1000,996,1000,1000,997,998,904,1000,1000,999,1000,230 preview,979,982,1000,975,1000,957,962,1000,982,988,1000,1000,1000,1000,984,1000,997,804,1000,-,705,956,1000,2,869,933,953,1000,982,634,1000,1000,997,998,889,500,997,803,909
2025-10-29,144.0.7500.0,980,974,1000,984,1000,1000,1000,1000,1000,637,1000,1000,1000,1000,996,500,1000,1000,909,143.0.3624.0,961,991,1000,962,884,1000,999,1000,1000,637,1000,1000,1000,1000,988,500,1000,1000,909,146.0a1,720,998,1000,2,985,1000,987,1000,1000,1000,1000,1000,997,998,904,1000,1000,999,1000,230 preview,979,982,1000,976,1000,957,962,1000,982,988,992,1000,1000,1000,983,1000,997,804,1000,-,705,956,1000,2,869,957,953,1000,982,637,992,1000,997,998,888,500,997,803,909
2025-10-30,144.0.7502.0,980,974,1000,984,1000,1000,1000,1000,1000,863,1000,1000,1000,1000,996,500,1000,1000,909,143.0.3638.1,961,991,1000,970,884,1000,999,1000,1000,818,1000,1000,1000,1000,988,500,1000,1000,909,146.0a1,727,998,1000,2,985,1000,987,1000,1000,996,1000,1000,998,998,904,1000,1000,999,1000,231 preview,982,991,1000,986,1000,957,964,1000,982,988,1000,1000,1000,1000,984,1000,1000,829,1000,-,711,965,1000,2,869,957,954,1000,982,814,1000,1000,998,998,889,500,1000,828,909
2025-10-31,144.0.7504.0,984,974,1000,989,1000,1000,1000,1000,1000,948,1000,1000,1000,1000,996,500,1000,1000,909,143.0.3638.1,957,991,1000,970,884,1000,999,1000,1000,772,1000,1000,1000,1000,984,500,1000,1000,909,146.0a1,728,998,1000,2,985,1000,987,1000,1000,1000,1000,1000,998,998,904,1000,1000,999,1000,231 preview,987,991,1000,986,1000,957,964,1000,991,988,985,1000,1000,1000,984,1000,1000,829,1000,-,711,965,1000,2,869,957,954,1000,991,772,985,1000,998,998,885,500,1000,828,909
2025-11-01,144.0.7505.0,984,974,1000,989,1000,1000,1000,1000,1000,863,1000,1000,1000,1000,996,500,1000,1000,909,143.0.3638.1,957,991,1000,973,884,1000,999,1000,1000,863,1000,1000,1000,1000,988,500,1000,1000,909,146.0a1,721,990,1000,2,985,1000,987,1000,1000,1000,1000,1000,998,998,904,1000,1000,999,1000,231 preview,987,991,1000,989,1000,957,964,1000,982,988,1000,1000,1000,1000,983,1000,1000,829,1000,-,709,956,1000,2,869,957,954,1000,982,863,1000,1000,998,998,888,500,1000,828,909
2025-11-03,144.0.7505.0,984,982,1000,989,1000,1000,1000,1000,1000,863,1000,1000,1000,1000,996,500,1000,1000,890,143.0.3638.1,957,991,1000,976,884,976,999,1000,1000,818,1000,1000,1000,1000,988,500,1000,1000,909,146.0a1,723,990,1000,857,985,1000,987,1000,1000,1000,1000,1000,998,998,904,1000,1000,1000,1000,231 preview,987,991,1000,986,1000,957,964,1000,982,988,1000,1000,1000,1000,984,1000,1000,828,1000,-,711,965,1000,843,869,933,954,1000,982,818,1000,1000,998,998,889,500,1000,828,890
2025-11-04,144.0.7508.0,984,974,1000,992,1000,1000,1000,1000,1000,948,1000,1000,1000,1000,996,500,1000,1000,890,143.0.3650.3,961,991,1000,970,1000,1000,999,1000,1000,772,1000,1000,1000,1000,988,500,1000,1000,818,146.0a1,723,998,1000,860,985,1000,987,1000,1000,1000,1000,1000,1000,998,904,1000,1000,1000,1000,231 preview,987,991,1000,984,1000,957,964,1000,991,988,1000,1000,1000,1000,984,1000,1000,828,1000,-,711,965,1000,838,985,957,954,1000,991,772,1000,1000,1000,998,889,500,1000,828,818
2025-11-05,144.0.7510.0,990,965,1000,992,1000,1000,1000,1000,1000,948,1000,1000,1000,1000,996,500,1000,1000,909,143.0.3650.3,961,991,1000,970,1000,1000,999,1000,1000,863,1000,1000,1000,1000,988,500,1000,1000,818,146.0a1,723,990,1000,860,985,1000,987,1000,1000,1000,1000,1000,1000,998,904,1000,1000,1000,1000,231 preview,987,991,993,984,1000,957,964,1000,982,988,1000,1000,1000,1000,983,1000,1000,828,1000,-,711,948,993,840,985,957,954,1000,982,863,1000,1000,1000,998,888,500,1000,828,818
2025-11-06,144.0.7512.1,991,974,1000,992,1000,1000,1000,1000,1000,954,1000,1000,1000,1000,996,500,1000,1000,909,143.0.3650.3,961,991,1000,962,1000,1000,999,1000,1000,818,1000,1000,1000,1000,984,500,1000,1000,909,146.0a1,723,998,1000,860,985,1000,987,1000,1000,1000,1000,1000,1000,998,904,1000,1000,1000,1000,231 preview,987,991,1000,981,1000,957,964,1000,982,988,1000,1000,1000,1000,983,1000,1000,828,1000,-,711,965,1000,838,985,957,954,1000,982,818,1000,1000,1000,998,884,500,1000,828,909
2025-11-07,144.0.7514.0,991,974,1000,992,1000,1000,1000,1000,1000,954,1000,1000,1000,1000,996,500,1000,1000,909,143.0.3650.3,961,991,1000,968,1000,1000,999,1000,1000,863,1000,1000,1000,1000,988,500,1000,1000,909,146.0a1,723,998,1000,865,985,1000,987,1000,1000,996,1000,1000,1000,998,904,1000,1000,1000,1000,231 preview,987,991,1000,978,1000,957,964,1000,982,988,1000,1000,1000,1000,983,1000,1000,828,1000,-,711,965,1000,846,985,957,954,1000,982,860,1000,1000,1000,998,888,500,1000,828,909
2025-11-08,144.0.7516.0,991,974,1000,992,1000,1000,1000,1000,1000,954,1000,1000,1000,1000,996,500,1000,1000,909,143.0.3650.3,961,991,1000,965,1000,1000,1000,1000,1000,863,1000,1000,1000,1000,988,500,1000,1000,909,146.0a1,727,998,1000,865,985,1000,987,1000,1000,1000,1000,1000,1000,998,904,1000,1000,1000,1000,231 preview,987,991,1000,978,1000,957,963,1000,982,988,1000,1000,1000,1000,983,1000,1000,828,1000,-,715,965,1000,845,985,957,955,1000,982,863,1000,1000,1000,998,888,500,1000,828,909
2025-11-10,144.0.7520.0,991,982,1000,992,1000,1000,1000,1000,1000,954,1000,1000,1000,1000,996,500,1000,1000,909,143.0.3650.3,961,991,1000,965,1000,1000,999,1000,964,863,1000,1000,1000,1000,992,500,1000,1000,909,146.0a1,727,990,1000,865,985,1000,987,1000,1000,1000,1000,1000,1000,998,904,1000,1000,1000,1000,231 preview,987,991,1000,978,1000,957,964,1000,982,988,1000,1000,1000,1000,983,1000,1000,828,1000,-,715,965,1000,846,985,957,954,1000,964,863,1000,1000,1000,998,891,500,1000,828,909
2025-11-11,144.0.7522.0,991,982,1000,992,1000,1000,1000,1000,1000,954,1000,1000,1000,1000,996,500,1000,1000,909,143.0.3650.3,961,991,1000,970,1000,1000,999,1000,1000,863,1000,1000,1000,1000,988,500,1000,1000,909,147.0a1,727,998,1000,871,985,1000,987,1000,1000,1000,1000,1000,1000,998,904,1000,1000,1000,1000,231 preview,987,991,993,978,1000,957,964,1000,1000,988,1000,1000,1000,1000,982,1000,1000,828,1000,-,715,974,993,854,985,957,954,1000,1000,863,1000,1000,1000,998,886,500,1000,828,909
2025-11-12,144.0.7524.0,991,974,1000,992,1000,1000,1000,1000,1000,954,1000,1000,1000,1000,996,500,1000,1000,909,143.0.3650.3,961,982,1000,968,1000,1000,999,1000,1000,863,1000,1000,1000,1000,988,500,1000,1000,909,147.0a1,727,998,1000,873,1000,1000,987,1000,1000,1000,1000,1000,1000,998,904,1000,1000,1000,1000,231 preview,987,991,1000,981,1000,957,964,1000,991,988,1000,1000,1000,1000,983,1000,1000,828,1000,-,715,956,1000,857,1000,957,954,1000,991,863,1000,1000,1000,998,888,500,1000,828,909
2025-11-13,144.0.7526.0,991,974,1000,992,1000,1000,1000,1000,1000,954,1000,1000,1000,1000,996,500,1000,1000,909,144.0.3664.1,984,991,1000,976,1000,1000,999,1000,1000,863,1000,1000,1000,1000,988,500,1000,1000,909,147.0a1,727,998,1000,879,1000,1000,987,1000,1000,996,1000,1000,1000,998,904,1000,1000,1000,1000,232 preview,990,991,1000,986,1000,957,964,1000,1000,988,1000,1000,1000,1000,988,1000,1000,984,1000,-,723,965,1000,865,1000,957,954,1000,1000,860,1000,1000,1000,998,893,500,1000,984,909
2025-11-14,144.0.7526.0,991,974,1000,992,1000,1000,1000,1000,1000,954,1000,1000,1000,1000,996,500,1000,1000,909,144.0.3664.1,984,991,1000,949,1000,1000,999,1000,1000,863,1000,1000,1000,1000,984,500,1000,1000,909,147.0a1,727,998,1000,879,1000,1000,987,1000,1000,1000,1000,1000,1000,998,904,1000,1000,1000,1000,232 preview,990,991,1000,986,1000,957,964,1000,991,988,1000,1000,1000,1000,988,1000,1000,984,1000,-,723,965,1000,841,1000,957,954,1000,991,863,1000,1000,1000,998,889,500,1000,984,909
2025-11-15,144.0.7528.0,991,974,1000,992,1000,1000,1000,1000,1000,954,1000,1000,1000,1000,996,500,1000,1000,909,144.0.3664.1,984,991,1000,981,1000,1000,999,1000,1000,863,1000,1000,1000,833,988,500,1000,1000,909,147.0a1,727,998,1000,879,1000,1000,987,1000,1000,1000,1000,1000,1000,998,904,1000,1000,1000,1000,232 preview,990,991,1000,986,1000,957,964,1000,1000,988,1000,1000,1000,1000,988,1000,1000,984,1000,-,723,965,1000,867,1000,957,954,1000,1000,863,1000,1000,1000,831,893,500,1000,984,909
2025-11-17,144.0.7529.0,991,974,1000,992,1000,1000,1000,1000,1000,954,1000,1000,1000,1000,996,500,1000,1000,909,144.0.3664.1,984,991,1000,978,1000,1000,999,1000,1000,840,1000,1000,1000,1000,984,500,1000,1000,909,147.0a1,727,998,1000,879,1000,1000,987,1000,1000,1000,1000,1000,1000,998,904,1000,1000,1000,1000,232 preview,990,991,993,986,1000,957,964,1000,1000,988,1000,1000,1000,1000,988,1000,1000,984,1000,-,723,965,993,864,1000,957,954,1000,1000,840,1000,1000,1000,998,889,500,1000,984,909
2025-11-19,144.0.7531.0,991,965,1000,992,1000,1000,1000,1000,1000,954,1000,1000,1000,1000,996,500,1000,1000,909,144.0.3677.0,991,991,1000,984,1000,1000,1000,1000,1000,863,1000,1000,1000,1000,984,500,1000,1000,909,147.0a1,727,981,1000,879,1000,1000,987,1000,1000,1000,1000,1000,1000,998,904,1000,1000,1000,1000,232 preview,989,991,993,986,1000,957,964,1000,991,988,1000,1000,1000,1000,988,1000,1000,984,1000,-,730,939,993,870,1000,957,955,1000,991,863,1000,1000,1000,998,889,500,1000,984,909
2025-11-20,144.0.7535.0,991,974,1000,992,1000,1000,1000,1000,1000,954,1000,1000,1000,1000,996,500,1000,1000,909,144.0.3677.0,991,991,1000,984,1000,976,999,1000,1000,863,1000,1000,1000,1000,984,500,1000,1000,909,147.0a1,727,998,1000,879,1000,1000,987,1000,1000,1000,1000,1000,1000,998,904,1000,1000,1000,1000,232 preview,989,991,1000,986,1000,957,964,1000,991,988,1000,1000,1000,1000,988,1000,1000,984,1000,-,730,965,1000,870,1000,933,954,1000,991,863,1000,1000,1000,998,889,500,1000,984,909
2025-11-21,144.0.7535.0,991,982,1000,992,1000,1000,1000,1000,1000,954,1000,1000,1000,1000,996,500,1000,1000,909,144.0.3677.0,991,991,1000,986,1000,1000,1000,1000,1000,863,1000,1000,1000,1000,992,500,1000,1000,909,147.0a1,727,998,1000,892,1000,1000,987,1000,1000,996,1000,1000,1000,998,904,1000,1000,1000,1000,232 preview,989,991,993,986,1000,957,964,1000,1000,988,1000,1000,1000,1000,988,1000,1000,984,1000,-,730,974,993,883,1000,957,955,1000,1000,860,1000,1000,1000,998,896,500,1000,984,909
2025-11-22,144.0.7535.0,991,965,1000,992,1000,1000,1000,1000,1000,954,1000,1000,1000,1000,996,500,1000,1000,909,144.0.3677.0,991,991,1000,984,1000,1000,999,1000,1000,863,1000,1000,1000,1000,988,500,1000,1000,818,147.0a1,727,998,1000,889,1000,1000,987,1000,1000,1000,1000,1000,1000,998,904,1000,1000,1000,1000,232 preview,989,991,993,989,1000,957,964,1000,991,988,1000,1000,1000,1000,988,1000,1000,984,1000,-,730,956,993,881,1000,957,954,1000,991,863,1000,1000,1000,998,893,500,1000,984,818
2025-11-23,144.0.7541.0,991,982,1000,992,1000,1000,1000,1000,1000,954,1000,1000,1000,1000,996,1000,1000,1000,909,144.0.3677.0,991,991,1000,986,1000,1000,1000,1000,1000,818,1000,1000,1000,1000,988,500,1000,1000,909,147.0a1,727,998,1000,892,1000,1000,987,1000,1000,1000,1000,1000,1000,998,904,1000,1000,1000,1000,232 preview,989,991,1000,986,1000,957,964,1000,991,988,1000,1000,1000,1000,988,1000,1000,984,1000,-,730,974,1000,885,1000,957,955,1000,991,818,1000,1000,1000,998,893,500,1000,984,909
2025-11-24,144.0.7543.0,991,965,1000,992,1000,1000,1000,1000,1000,954,1000,1000,1000,1000,996,1000,1000,1000,909,144.0.3677.0,991,991,1000,986,1000,1000,999,1000,1000,863,1000,1000,1000,1000,984,500,1000,1000,909,147.0a1,727,998,1000,892,1000,1000,987,1000,1000,1000,1000,1000,1000,998,904,1000,1000,1000,1000,232 preview,989,991,1000,988,1000,957,964,1000,991,988,1000,1000,1000,1000,988,1000,1000,984,1000,-,730,956,1000,888,1000,957,954,1000,991,863,1000,1000,1000,998,889,500,1000,984,909
2025-11-25,144.0.7545.0,991,974,1000,992,1000,1000,1000,1000,1000,954,1000,1000,1000,1000,996,1000,1000,1000,909,144.0.3677.0,897,854,900,883,898,857,892,1000,714,545,913,937,862,666,847,500,904,914,727,147.0a1,727,981,1000,895,1000,1000,987,1000,1000,996,1000,1000,1000,998,904,1000,1000,1000,1000,232 preview,989,991,993,986,1000,957,964,1000,991,988,1000,1000,1000,1000,988,1000,1000,984,1000,-,671,811,893,795,898,826,852,1000,705,545,913,937,862,665,767,500,904,913,727
2025-11-26,144.0.7545.0,991,974,1000,992,1000,1000,1000,1000,1000,954,1000,1000,1000,1000,996,1000,1000,1000,909,144.0.3677.0,991,991,1000,981,1000,1000,999,1000,1000,863,1000,1000,1000,1000,988,500,1000,1000,818,147.0a1,731,998,1000,895,1000,1000,987,1000,1000,996,1000,1000,1000,998,904,1000,1000,1000,1000,232 preview,989,991,1000,986,1000,957,964,1000,1000,988,1000,1000,1000,1000,988,1000,1000,984,1000,-,734,965,1000,880,1000,957,954,1000,1000,860,1000,1000,1000,998,893,500,1000,984,818
2025-11-27,144.0.7548.0,991,974,1000,992,1000,1000,1000,1000,1000,954,1000,1000,1000,1000,996,1000,1000,1000,909,144.0.3677.0,991,991,1000,965,1000,1000,999,1000,1000,863,1000,1000,1000,1000,988,500,1000,1000,909,147.0a1,753,990,1000,902,1000,1000,987,1000,1000,1000,1000,1000,1000,998,904,1000,1000,1000,1000,232 preview,989,991,1000,986,1000,957,964,1000,1000,988,1000,1000,1000,1000,988,1000,1000,984,1000,-,755,956,1000,875,1000,957,954,1000,1000,863,1000,1000,1000,998,893,500,1000,984,909
2025-11-28,144.0.7548.0,991,982,1000,992,1000,1000,1000,1000,1000,954,1000,1000,1000,1000,996,1000,1000,1000,909,144.0.3677.0,991,991,1000,986,1000,1000,999,1000,1000,863,1000,1000,1000,1000,988,500,1000,1000,909,147.0a1,753,998,1000,902,1000,1000,987,1000,1000,996,1000,1000,1000,998,904,1000,1000,1000,1000,232 preview,989,991,1000,986,1000,957,964,1000,1000,988,1000,1000,1000,1000,988,1000,1000,984,1000,-,755,974,1000,897,1000,957,954,1000,1000,860,1000,1000,1000,998,893,500,1000,984,909
2025-11-29,144.0.7548.0,991,974,1000,992,1000,1000,1000,1000,1000,954,1000,1000,1000,1000,996,1000,1000,1000,909,144.0.3677.0,991,991,1000,984,1000,1000,999,1000,1000,863,1000,1000,1000,1000,988,500,1000,1000,818,147.0a1,753,998,1000,902,1000,1000,987,1000,1000,1000,1000,1000,1000,998,904,1000,1000,1000,1000,232 preview,989,991,1000,986,1000,957,964,1000,1000,988,1000,1000,1000,1000,988,1000,1000,984,1000,-,755,965,1000,897,1000,957,954,1000,1000,863,1000,1000,1000,998,893,500,1000,984,818
2025-12-01,144.0.7557.0,991,974,1000,992,1000,1000,1000,1000,1000,954,1000,1000,1000,1000,996,1000,1000,1000,909,144.0.3677.0,991,991,1000,984,1000,1000,999,1000,1000,863,1000,1000,1000,1000,992,500,1000,1000,909,147.0a1,735,998,1000,902,1000,1000,987,1000,1000,1000,1000,1000,1000,998,904,1000,1000,1000,1000,232 preview,989,991,1000,986,1000,957,964,1000,1000,988,1000,1000,1000,1000,988,1000,1000,984,1000,-,737,965,1000,893,1000,957,954,1000,1000,863,1000,1000,1000,998,896,500,1000,984,909
2025-12-02,144.0.7559.2,991,965,1000,992,1000,1000,1000,1000,1000,954,1000,1000,1000,1000,996,1000,1000,1000,909,144.0.3677.0,991,991,1000,986,1000,1000,999,1000,1000,863,1000,1000,1000,1000,988,500,1000,1000,818,147.0a1,735,998,1000,902,1000,1000,987,1000,1000,1000,1000,1000,1000,998,904,1000,1000,1000,1000,232 preview,989,991,1000,986,1000,957,964,1000,991,988,1000,1000,1000,1000,988,1000,1000,984,1000,-,737,956,1000,897,1000,957,954,1000,991,863,1000,1000,1000,998,893,500,1000,984,818
2025-12-03,144.0.7559.3,991,974,1000,992,1000,1000,1000,1000,1000,954,1000,1000,1000,1000,996,1000,1000,1000,909,144.0.3705.0,991,991,1000,986,1000,1000,999,1000,1000,863,1000,1000,1000,1000,988,500,1000,1000,909,147.0a1,769,990,1000,913,1000,1000,987,1000,1000,1000,1000,1000,1000,998,904,1000,1000,1000,1000,232 preview,989,991,1000,986,1000,957,964,1000,1000,988,1000,1000,1000,1000,988,1000,1000,984,1000,-,771,956,1000,905,1000,957,954,1000,1000,863,1000,1000,1000,998,893,500,1000,984,909
2025-12-04,145.0.7561.0,991,974,1000,992,1000,1000,1000,1000,1000,954,1000,1000,1000,1000,996,1000,1000,1000,909,144.0.3705.0,991,991,1000,986,1000,1000,1000,1000,1000,863,1000,1000,1000,1000,992,500,1000,1000,909,147.0a1,806,982,1000,913,1000,1000,987,1000,1000,1000,1000,1000,1000,998,904,1000,1000,1000,1000,232 preview,981,999,1000,986,1000,957,940,1000,1000,988,1000,1000,1000,1000,988,1000,1000,984,1000,-,804,956,1000,907,1000,957,931,1000,1000,863,1000,1000,1000,998,896,500,1000,984,909
2025-12-05,145.0.7563.0,991,974,1000,992,1000,1000,1000,1000,1000,954,1000,1000,1000,1000,996,1000,1000,1000,890,144.0.3705.0,991,991,1000,978,1000,976,999,1000,1000,863,1000,1000,1000,1000,992,500,1000,1000,909,147.0a1,806,991,1000,913,1000,1000,987,1000,1000,1000,1000,1000,1000,998,904,1000,1000,1000,1000,232 preview,989,999,993,986,1000,957,964,1000,991,988,1000,1000,1000,1000,988,1000,1000,984,1000,-,808,965,993,901,1000,933,954,1000,991,863,1000,1000,1000,998,896,500,1000,984,890
2025-12-06,145.0.7565.0,991,974,1000,992,1000,1000,1000,1000,1000,954,1000,1000,1000,1000,996,1000,1000,1000,909,144.0.3705.0,991,991,1000,986,1000,1000,1000,1000,1000,863,1000,1000,1000,1000,988,500,1000,1000,909,147.0a1,810,991,1000,910,1000,1000,987,1000,1000,1000,1000,1000,1000,998,904,1000,1000,1000,1000,232 preview,989,999,1000,986,1000,957,964,1000,1000,988,1000,1000,1000,1000,988,1000,1000,984,1000,-,812,965,1000,905,1000,957,955,1000,1000,863,1000,1000,1000,998,893,500,1000,984,909
2025-12-07,145.0.7566.0,991,974,1000,992,1000,1000,1000,1000,1000,954,1000,1000,1000,1000,996,1000,1000,1000,909,144.0.3705.0,991,991,1000,981,1000,1000,999,1000,1000,863,1000,1000,1000,1000,992,500,1000,1000,727,147.0a1,815,991,1000,913,1000,1000,987,1000,1000,1000,1000,1000,1000,998,904,1000,1000,1000,1000,232 preview,989,999,1000,986,1000,957,964,1000,991,988,1000,1000,1000,1000,988,1000,1000,984,1000,-,817,965,1000,899,1000,957,954,1000,991,863,1000,1000,1000,998,896,500,1000,984,727
2025-12-11,145.0.7573.0,991,982,1000,992,1000,1000,1000,1000,1000,954,1000,1000,1000,1000,996,1000,1000,1000,909,144.0.3719.7,991,1000,1000,989,1000,1000,999,1000,1000,863,1000,1000,1000,1000,988,1000,1000,1000,909,148.0a1,818,991,1000,910,1000,1000,987,1000,1000,1000,1000,1000,1000,998,904,1000,1000,1000,1000,233 preview,989,999,993,989,1000,957,964,1000,1000,988,1000,1000,1000,1000,988,1000,1000,984,1000,-,820,974,993,905,1000,957,954,1000,1000,863,1000,1000,1000,998,893,1000,1000,984,909
2025-12-12,145.0.7575.2,991,982,1000,992,1000,1000,1000,1000,1000,954,1000,1000,1000,1000,996,1000,1000,1000,909,144.0.3719.7,991,1000,1000,984,1000,976,999,1000,1000,863,1000,1000,1000,1000,988,1000,1000,1000,909,148.0a1,818,991,1000,918,1000,1000,987,1000,1000,1000,1000,1000,1000,998,904,1000,1000,1000,1000,233 preview,989,999,1000,989,1000,957,964,1000,1000,988,1000,1000,1000,1000,988,1000,1000,984,1000,-,820,974,1000,910,1000,933,954,1000,1000,863,1000,1000,1000,998,893,1000,1000,984,909
2025-12-13,145.0.7575.2,991,982,1000,992,1000,1000,1000,1000,1000,954,1000,1000,1000,1000,996,1000,1000,1000,909,144.0.3719.7,991,1000,1000,989,1000,1000,1000,1000,1000,863,1000,1000,1000,833,992,1000,1000,1000,818,148.0a1,818,991,1000,916,1000,1000,987,1000,1000,1000,1000,1000,1000,998,901,1000,1000,1000,1000,233 preview,989,999,1000,989,1000,957,964,1000,1000,988,1000,1000,1000,1000,988,1000,1000,984,1000,-,820,974,1000,913,1000,957,955,1000,1000,863,1000,1000,1000,831,893,1000,1000,984,818
2025-12-14,145.0.7575.2,991,982,1000,992,1000,1000,1000,1000,1000,954,1000,1000,1000,1000,996,1000,1000,1000,909,144.0.3719.7,991,1000,1000,989,1000,1000,999,1000,1000,863,1000,1000,1000,1000,988,1000,1000,1000,818,148.0a1,818,991,1000,920,1000,1000,987,1000,1000,1000,1000,1000,1000,998,904,1000,1000,1000,1000,233 preview,989,999,1000,989,1000,957,964,1000,1000,988,1000,1000,1000,1000,988,1000,988,984,1000,-,820,974,1000,914,1000,957,954,1000,1000,863,1000,1000,1000,998,893,1000,988,984,818
2025-12-15,145.0.7578.0,991,982,1000,992,1000,1000,1000,1000,1000,954,1000,1000,1000,1000,996,1000,1000,1000,909,144.0.3719.7,991,1000,1000,984,1000,1000,999,1000,1000,863,1000,1000,1000,1000,988,1000,1000,1000,909,148.0a1,818,998,1000,920,1000,1000,987,1000,1000,996,1000,1000,1000,998,904,1000,1000,1000,1000,233 preview,989,999,1000,989,1000,957,964,1000,1000,988,1000,1000,1000,1000,988,1000,988,984,1000,-,820,981,1000,909,1000,957,954,1000,1000,860,1000,1000,1000,998,893,1000,988,984,909
2025-12-16,145.0.7579.0,991,982,1000,992,1000,1000,1000,1000,1000,954,1000,1000,1000,1000,996,1000,1000,1000,909,144.0.3719.7,991,1000,1000,978,1000,1000,999,1000,1000,818,1000,1000,1000,1000,984,1000,1000,1000,818,148.0a1,818,998,1000,917,1000,1000,987,1000,1000,1000,1000,1000,1000,998,904,1000,1000,1000,1000,233 preview,989,999,1000,989,1000,957,964,1000,1000,988,1000,1000,1000,1000,988,1000,1000,984,1000,-,820,981,1000,901,1000,957,954,1000,1000,818,1000,1000,1000,998,889,1000,1000,984,818
2025-12-17,145.0.7582.1,991,982,1000,992,1000,1000,1000,1000,1000,954,1000,1000,1000,1000,996,1000,1000,1000,909,145.0.3734.1,991,1000,1000,989,1000,1000,999,1000,1000,863,1000,1000,1000,1000,992,1000,1000,1000,909,148.0a1,832,990,1000,920,1000,1000,987,1000,1000,996,1000,1000,1000,998,904,1000,1000,1000,1000,233 preview,989,999,1000,989,1000,957,964,1000,991,988,1000,1000,1000,1000,988,1000,1000,984,1000,-,834,973,1000,914,1000,957,954,1000,991,860,1000,1000,1000,998,896,1000,1000,984,909
2025-12-18,145.0.7584.0,991,974,1000,992,1000,1000,999,1000,1000,954,1000,1000,1000,1000,996,1000,1000,1000,909,145.0.3734.1,991,1000,1000,989,1000,1000,999,1000,1000,863,1000,1000,1000,1000,988,1000,1000,1000,909,148.0a1,832,998,1000,920,1000,1000,987,1000,1000,1000,1000,1000,1000,998,904,1000,1000,1000,1000,233 preview,989,999,1000,989,1000,957,964,1000,1000,988,1000,1000,1000,1000,988,1000,1000,984,1000,-,834,973,1000,914,1000,957,953,1000,1000,863,1000,1000,1000,998,893,1000,1000,984,909
2025-12-19,145.0.7586.0,991,982,1000,992,1000,1000,1000,1000,1000,954,1000,1000,1000,1000,996,1000,1000,1000,909,145.0.3734.1,991,1000,1000,986,1000,952,999,1000,1000,863,1000,1000,1000,916,988,1000,1000,1000,909,148.0a1,849,998,1000,920,1000,1000,987,1000,1000,1000,1000,1000,1000,998,904,1000,1000,1000,1000,233 preview,989,999,1000,989,1000,957,964,1000,991,988,1000,1000,1000,1000,988,1000,1000,984,1000,-,851,981,1000,912,1000,909,954,1000,991,863,1000,1000,1000,914,893,1000,1000,984,909
2025-12-20,145.0.7587.2,991,982,1000,992,1000,1000,1000,1000,1000,954,1000,1000,1000,1000,996,1000,1000,1000,909,145.0.3734.1,991,1000,1000,981,1000,1000,999,1000,1000,863,1000,1000,1000,1000,988,1000,1000,1000,909,148.0a1,849,998,1000,920,1000,1000,987,1000,1000,996,1000,1000,1000,998,904,1000,1000,1000,1000,234 preview,989,999,1000,989,1000,957,962,1000,982,988,1000,1000,1000,1000,988,1000,997,972,1000,-,851,981,1000,909,1000,957,953,1000,982,860,1000,1000,1000,998,893,1000,997,972,909
2025-12-21,145.0.7589.0,991,982,1000,992,1000,1000,1000,1000,1000,954,1000,1000,1000,1000,996,1000,1000,1000,909,145.0.3734.1,991,1000,1000,989,1000,1000,999,1000,1000,863,1000,1000,1000,1000,988,1000,1000,1000,909,148.0a1,849,998,1000,920,1000,1000,987,1000,1000,1000,1000,1000,1000,998,904,1000,1000,1000,1000,234 preview,989,999,1000,989,1000,957,962,1000,991,988,1000,1000,1000,1000,988,1000,997,972,1000,-,851,981,1000,914,1000,957,952,1000,991,863,1000,1000,1000,998,893,1000,997,972,909
2025-12-22,145.0.7592.0,991,982,1000,992,1000,1000,1000,1000,1000,954,1000,1000,1000,1000,996,1000,1000,1000,909,145.0.3734.1,991,1000,1000,984,1000,1000,999,1000,1000,863,1000,1000,1000,1000,984,1000,1000,1000,909,148.0a1,849,981,1000,920,1000,1000,987,1000,1000,1000,1000,1000,1000,998,904,1000,1000,1000,1000,234 preview,989,999,1000,989,1000,957,962,1000,1000,988,1000,1000,1000,1000,988,1000,997,972,1000,-,851,964,1000,909,1000,957,953,1000,1000,863,1000,1000,1000,998,889,1000,997,972,909
2025-12-23,145.0.7594.0,991,982,1000,992,1000,1000,1000,1000,1000,954,1000,1000,1000,1000,996,1000,1000,1000,909,145.0.3734.1,991,1000,1000,989,1000,1000,999,1000,1000,863,1000,1000,1000,1000,988,1000,1000,1000,909,148.0a1,865,990,1000,920,1000,1000,987,1000,1000,996,1000,1000,1000,998,904,1000,1000,1000,1000,234 preview,989,999,993,989,1000,957,962,1000,991,988,1000,1000,1000,1000,988,1000,997,972,1000,-,867,973,993,914,1000,957,953,1000,991,860,1000,1000,1000,998,893,1000,997,972,909
2025-12-24,145.0.7595.0,991,982,1000,992,1000,1000,1000,1000,1000,954,1000,1000,1000,1000,996,1000,1000,1000,909,145.0.3734.1,991,991,1000,989,1000,1000,999,1000,1000,863,1000,1000,1000,1000,988,1000,1000,1000,909,148.0a1,865,990,1000,920,1000,1000,987,1000,1000,1000,1000,1000,1000,998,904,1000,1000,1000,937,234 preview,989,999,1000,989,1000,957,962,1000,1000,988,1000,1000,1000,1000,988,1000,997,972,1000,-,867,964,1000,914,1000,957,953,1000,1000,863,1000,1000,1000,998,893,1000,997,972,846
2025-12-25,145.0.7596.0,991,982,1000,992,1000,1000,1000,1000,1000,954,1000,1000,1000,1000,996,1000,1000,1000,909,145.0.3734.1,991,1000,1000,981,1000,1000,999,1000,1000,863,1000,1000,1000,1000,992,1000,1000,1000,909,148.0a1,865,998,1000,920,1000,1000,987,1000,1000,996,1000,1000,1000,998,904,1000,1000,1000,1000,234 preview,989,999,993,989,1000,957,962,1000,991,988,1000,1000,1000,1000,988,1000,997,972,1000,-,867,981,993,906,1000,957,953,1000,991,860,1000,1000,1000,998,896,1000,997,972,909
2025-12-26,145.0.7600.0,991,974,1000,992,1000,1000,1000,1000,1000,954,1000,1000,1000,1000,996,1000,1000,1000,909,145.0.3734.1,991,1000,1000,989,1000,1000,998,1000,1000,863,1000,1000,1000,1000,988,1000,1000,1000,909,148.0a1,865,998,1000,920,1000,1000,987,1000,1000,1000,1000,1000,1000,998,904,1000,1000,1000,918,234 preview,989,999,1000,989,1000,957,962,1000,991,988,1000,1000,1000,1000,988,1000,997,972,1000,-,867,973,1000,914,1000,957,952,1000,991,863,1000,1000,1000,998,893,1000,997,972,836
2025-12-27,145.0.7601.0,991,982,1000,992,1000,1000,1000,1000,1000,954,1000,1000,1000,1000,996,1000,1000,1000,909,145.0.3734.1,991,1000,1000,989,1000,1000,1000,1000,1000,863,1000,1000,1000,1000,988,1000,1000,1000,909,148.0a1,865,998,1000,920,1000,1000,987,1000,1000,1000,1000,1000,1000,998,904,1000,1000,1000,900,234 preview,989,999,993,989,1000,957,962,1000,1000,988,1000,1000,1000,1000,988,1000,997,972,1000,-,867,981,993,914,1000,957,953,1000,1000,863,1000,1000,1000,998,893,1000,997,972,818
2025-12-28,145.0.7603.0,991,982,1000,992,1000,1000,1000,1000,1000,954,1000,1000,1000,1000,996,1000,1000,1000,909,145.0.3734.1,991,1000,1000,989,1000,1000,999,1000,1000,863,1000,1000,1000,916,984,1000,1000,1000,909,148.0a1,887,990,1000,920,1000,1000,987,1000,1000,996,1000,1000,1000,998,904,1000,1000,1000,927,234 preview,989,999,993,989,1000,957,962,1000,1000,988,1000,1000,1000,1000,988,1000,997,972,1000,-,889,973,993,914,1000,957,953,1000,1000,860,1000,1000,1000,914,889,1000,997,972,836
2025-12-29,145.0.7605.0,991,982,1000,992,1000,1000,1000,1000,1000,954,1000,1000,1000,1000,996,1000,1000,1000,909,145.0.3734.1,991,1000,1000,981,1000,1000,999,1000,1000,863,1000,1000,1000,1000,988,1000,1000,1000,727,148.0a1,887,998,1000,915,1000,1000,987,1000,1000,996,1000,1000,1000,998,904,1000,1000,1000,1000,234 preview,989,999,1000,989,1000,957,962,1000,991,988,1000,1000,1000,1000,988,1000,997,972,1000,-,889,981,1000,901,1000,957,953,1000,991,860,1000,1000,1000,998,893,1000,997,972,727
2025-12-30,145.0.7608.0,991,982,1000,992,1000,1000,1000,1000,1000,954,1000,1000,1000,1000,996,1000,1000,1000,909,145.0.3734.1,991,1000,1000,984,1000,1000,999,1000,1000,863,1000,1000,1000,1000,988,1000,1000,1000,909,148.0a1,887,998,1000,920,1000,1000,987,1000,1000,1000,1000,1000,1000,998,904,1000,1000,1000,954,234 preview,989,999,993,989,1000,957,962,1000,991,988,1000,1000,1000,1000,988,1000,997,972,1000,-,889,981,993,909,1000,957,953,1000,991,863,1000,1000,1000,998,893,1000,997,972,863
2025-12-31,145.0.7610.0,991,982,1000,992,1000,1000,1000,1000,1000,954,1000,1000,1000,1000,996,1000,1000,1000,909,145.0.3734.1,991,1000,1000,989,1000,1000,999,1000,1000,818,1000,1000,1000,1000,992,1000,1000,1000,909,148.0a1,891,998,1000,920,1000,1000,987,1000,1000,996,1000,1000,1000,998,904,1000,1000,1000,836,234 preview,989,999,1000,989,1000,957,962,1000,1000,988,1000,1000,1000,1000,988,1000,997,972,1000,-,893,981,1000,914,1000,957,953,1000,1000,814,1000,1000,1000,998,896,1000,997,972,745
2026-01-02,145.0.7610.0,991,982,1000,992,1000,1000,1000,1000,1000,954,1000,1000,1000,1000,996,1000,1000,1000,909,145.0.3734.1,991,1000,1000,984,1000,1000,999,1000,1000,772,1000,1000,1000,1000,988,1000,1000,1000,909,148.0a1,903,998,1000,920,1000,1000,987,1000,1000,996,1000,1000,1000,998,901,1000,1000,1000,968,234 preview,989,999,1000,989,1000,957,962,1000,991,988,1000,1000,1000,1000,988,1000,997,972,1000,-,905,981,1000,909,1000,957,953,1000,991,769,1000,1000,1000,998,889,1000,997,972,886
2026-01-03,145.0.7614.0,991,982,1000,992,1000,1000,1000,1000,1000,954,1000,1000,1000,1000,996,1000,1000,1000,909,145.0.3734.1,991,1000,1000,986,1000,1000,999,1000,1000,863,1000,1000,1000,1000,988,1000,1000,1000,909,148.0a1,905,998,1000,920,1000,1000,987,1000,1000,1000,1000,1000,1000,998,904,1000,1000,1000,1000,234 preview,989,999,993,989,1000,957,962,1000,1000,988,1000,1000,1000,1000,988,1000,997,972,1000,-,907,981,993,912,1000,957,953,1000,1000,863,1000,1000,1000,998,893,1000,997,972,909
2026-01-04,145.0.7615.0,991,982,1000,992,1000,1000,1000,1000,1000,954,1000,1000,1000,1000,996,1000,1000,1000,909,145.0.3734.1,991,1000,1000,981,1000,1000,999,1000,1000,863,1000,1000,1000,1000,988,1000,1000,1000,909,148.0a1,905,998,1000,920,1000,1000,987,1000,1000,1000,1000,1000,1000,998,904,1000,1000,1000,879,234 preview,989,999,1000,989,1000,957,962,1000,1000,988,1000,1000,1000,1000,988,1000,997,972,1000,-,907,981,1000,906,1000,957,953,1000,1000,863,1000,1000,1000,998,893,1000,997,972,788
2026-01-05,145.0.7616.0,991,982,1000,992,1000,1000,1000,1000,1000,954,1000,1000,1000,1000,996,1000,1000,1000,909,145.0.3734.1,991,1000,1000,989,1000,1000,999,1000,1000,863,1000,1000,1000,1000,988,1000,1000,1000,909,148.0a1,905,998,1000,920,1000,1000,987,1000,1000,1000,1000,1000,1000,998,904,1000,1000,1000,1000,234 preview,989,999,1000,989,1000,957,962,1000,1000,988,1000,1000,1000,1000,988,1000,997,972,1000,-,907,981,1000,914,1000,957,953,1000,1000,863,1000,1000,1000,998,893,1000,997,972,909
2026-01-06,145.0.7618.0,991,982,1000,992,1000,1000,1000,1000,1000,954,1000,1000,1000,1000,996,1000,1000,1000,909,145.0.3775.0,991,1000,1000,986,1000,1000,999,1000,1000,863,1000,1000,1000,1000,988,1000,1000,1000,909,148.0a1,909,998,1000,920,1000,1000,987,1000,1000,996,1000,1000,1000,998,904,1000,1000,1000,1000,234 preview,989,999,1000,989,1000,957,962,1000,1000,988,1000,1000,1000,1000,988,1000,997,972,1000,-,911,981,1000,914,1000,957,952,1000,1000,860,1000,1000,1000,998,893,1000,997,972,909
2026-01-07,145.0.7619.0,991,982,1000,992,1000,1000,1000,1000,1000,954,1000,1000,1000,1000,996,1000,1000,1000,909,145.0.3775.0,991,1000,1000,981,1000,976,999,1000,1000,863,1000,1000,1000,1000,992,1000,1000,1000,909,148.0a1,911,998,1000,917,1000,1000,987,1000,1000,1000,1000,1000,1000,998,904,1000,1000,1000,966,234 preview,989,991,1000,989,1000,957,962,1000,991,988,1000,1000,1000,1000,988,1000,997,972,1000,-,913,973,1000,906,1000,933,953,1000,991,863,1000,1000,1000,998,896,1000,997,972,875
2026-01-08,145.0.7622.0,991,982,1000,992,1000,1000,1000,1000,1000,954,1000,1000,1000,1000,996,1000,1000,1000,909,145.0.3775.0,991,1000,1000,984,1000,1000,999,1000,1000,863,1000,1000,1000,1000,992,1000,1000,1000,818,148.0a1,911,990,1000,925,1000,1000,987,1000,1000,1000,1000,1000,1000,998,904,1000,1000,1000,990,234 preview,989,999,993,989,1000,957,962,1000,1000,988,1000,1000,1000,1000,988,1000,997,972,1000,-,913,973,993,917,1000,957,953,1000,1000,863,1000,1000,1000,998,896,1000,997,972,818
2026-01-09,145.0.7623.0,991,982,1000,992,1000,1000,1000,1000,1000,954,1000,1000,1000,1000,996,1000,1000,1000,909,145.0.3775.0,991,1000,1000,989,1000,1000,999,1000,1000,863,1000,1000,1000,1000,988,1000,1000,1000,909,148.0a1,911,998,1000,925,1000,1000,987,1000,1000,1000,1000,1000,1000,998,904,1000,1000,1000,927,234 preview,989,999,1000,989,1000,957,962,1000,1000,988,1000,1000,1000,1000,988,1000,997,972,1000,-,913,981,1000,920,1000,957,953,1000,1000,863,1000,1000,1000,998,893,1000,997,972,836
2026-01-10,145.0.7625.0,991,974,1000,992,1000,1000,1000,1000,1000,954,1000,1000,1000,1000,996,1000,1000,1000,909,145.0.3775.0,991,1000,1000,970,1000,1000,999,1000,1000,863,1000,1000,1000,1000,988,1000,1000,1000,909,148.0a1,915,990,1000,931,1000,1000,987,1000,1000,1000,1000,1000,1000,998,904,1000,1000,1000,990,234 preview,989,999,993,989,1000,957,962,1000,1000,988,1000,1000,1000,1000,988,1000,997,972,1000,-,917,964,993,906,1000,957,953,1000,1000,863,1000,1000,1000,998,893,1000,997,972,909
2026-01-11,145.0.7628.0,991,982,1000,992,1000,1000,1000,1000,1000,954,1000,1000,1000,1000,996,1000,1000,1000,909,145.0.3775.0,991,1000,1000,989,1000,952,999,1000,1000,863,1000,1000,1000,1000,988,1000,1000,1000,766,148.0a1,915,998,1000,925,1000,1000,987,1000,1000,1000,1000,1000,1000,998,904,1000,1000,1000,1000,234 preview,989,999,1000,989,1000,957,962,1000,1000,988,1000,1000,1000,1000,988,1000,997,972,1000,-,917,981,1000,920,1000,909,953,1000,1000,863,1000,1000,1000,998,893,1000,997,972,766
2026-01-12,145.0.7630.0,991,982,1000,992,1000,1000,1000,1000,1000,954,1000,1000,1000,1000,996,1000,1000,1000,909,145.0.3775.0,991,1000,1000,986,1000,1000,999,1000,1000,863,1000,1000,1000,1000,988,1000,1000,1000,818,148.0a1,915,998,1000,925,1000,1000,987,1000,1000,996,1000,1000,1000,998,904,1000,1000,1000,1000,234 preview,989,999,1000,989,1000,957,962,1000,1000,988,1000,1000,1000,1000,988,1000,997,972,1000,-,917,981,1000,917,1000,957,953,1000,1000,860,1000,1000,1000,998,893,1000,997,972,818
2026-01-15,146.0.7635.0,991,991,1000,992,1000,1000,1000,1000,1000,954,1000,1000,1000,1000,996,1000,1000,1000,909,145.0.3789.1,991,1000,1000,989,1000,952,999,1000,1000,863,1000,1000,1000,1000,988,1000,1000,1000,909,149.0a1,916,998,1000,931,1000,990,987,1000,1000,1000,1000,1000,1000,998,904,1000,1000,1000,1000,235 preview,989,999,993,989,1000,957,962,1000,991,988,1000,1000,1000,1000,988,1000,997,972,1000,-,918,990,993,925,1000,900,953,1000,991,863,1000,1000,1000,998,893,1000,997,972,909
2026-01-16,146.0.7637.0,991,991,1000,992,1000,1000,1000,1000,1000,954,1000,1000,1000,1000,996,1000,1000,1000,909,145.0.3789.1,991,1000,1000,984,1000,1000,999,1000,1000,863,1000,1000,1000,916,988,1000,1000,1000,909,149.0a1,920,998,1000,928,1000,1000,988,1000,1000,1000,1000,1000,1000,998,904,1000,1000,1000,1000,235 preview,989,999,993,989,1000,957,962,1000,1000,988,1000,1000,1000,1000,988,1000,997,972,1000,-,922,990,993,917,1000,957,954,1000,1000,863,1000,1000,1000,914,893,1000,997,972,909
2026-01-17,146.0.7638.0,991,991,1000,992,1000,1000,1000,1000,1000,954,1000,1000,1000,1000,996,1000,1000,1000,909,145.0.3789.1,991,1000,1000,986,1000,1000,999,1000,1000,863,1000,1000,1000,1000,992,1000,1000,1000,909,149.0a1,920,998,1000,931,1000,1000,988,1000,1000,1000,1000,1000,1000,998,904,1000,1000,987,1000,235 preview,989,999,1000,989,1000,957,962,1000,1000,988,1000,1000,1000,1000,988,1000,997,972,1000,-,922,990,1000,922,1000,957,954,1000,1000,863,1000,1000,1000,998,896,1000,997,960,909
2026-01-18,146.0.7639.0,991,991,1000,992,1000,1000,1000,1000,1000,954,1000,1000,1000,1000,996,1000,1000,1000,909,145.0.3789.1,991,1000,1000,928,1000,976,999,1000,1000,863,1000,1000,1000,1000,988,1000,1000,1000,909,149.0a1,920,998,1000,931,1000,1000,988,1000,1000,1000,1000,1000,1000,998,904,1000,1000,1000,1000,235 preview,989,999,1000,989,1000,957,962,1000,991,988,1000,1000,1000,1000,988,1000,997,972,1000,-,922,990,1000,867,1000,933,954,1000,991,863,1000,1000,1000,998,893,1000,997,972,909
2026-01-19,146.0.7643.0,991,991,1000,992,1000,1000,1000,1000,1000,954,1000,1000,1000,1000,996,1000,1000,1000,909,145.0.3789.1,991,1000,1000,970,1000,976,999,1000,1000,863,1000,1000,1000,1000,988,1000,1000,1000,909,149.0a1,920,998,1000,931,1000,1000,988,1000,1000,1000,1000,1000,1000,998,904,1000,1000,1000,930,235 preview,989,999,1000,989,1000,957,962,1000,1000,988,1000,1000,1000,1000,988,1000,997,972,1000,-,922,990,1000,909,1000,933,954,1000,1000,863,1000,1000,1000,998,893,1000,997,972,839
2026-01-21,146.0.7647.0,991,982,1000,992,1000,1000,1000,1000,1000,954,1000,1000,1000,1000,996,1000,1000,1000,909,145.0.3800.10,991,1000,1000,989,1000,1000,1000,1000,1000,863,1000,1000,1000,1000,988,1000,1000,1000,909,149.0a1,922,998,1000,931,1000,1000,988,1000,1000,1000,1000,1000,1000,998,904,1000,1000,1000,1000,235 preview,989,999,1000,989,1000,957,962,1000,991,988,1000,1000,1000,1000,988,1000,997,972,1000,-,924,981,1000,925,1000,957,954,1000,991,863,1000,1000,1000,998,893,1000,997,972,909
2026-01-22,146.0.7649.0,991,991,1000,992,1000,1000,1000,1000,1000,954,1000,1000,1000,1000,996,1000,1000,1000,909,145.0.3800.10,991,1000,1000,989,1000,1000,1000,1000,1000,863,1000,1000,1000,1000,992,1000,1000,1000,909,149.0a1,922,998,1000,931,1000,1000,988,1000,1000,1000,1000,1000,1000,998,904,1000,1000,1000,1000,235 preview,989,999,1000,989,1000,957,962,1000,991,988,1000,1000,1000,1000,988,1000,997,972,1000,-,924,990,1000,925,1000,957,954,1000,991,863,1000,1000,1000,998,896,1000,997,972,909
2026-01-23,146.0.7651.0,991,991,1000,992,1000,1000,1000,1000,1000,954,1000,1000,1000,1000,996,1000,1000,1000,909,145.0.3800.10,991,1000,1000,986,1000,1000,1000,1000,1000,863,1000,1000,1000,1000,984,1000,1000,1000,727,149.0a1,940,998,1000,931,1000,1000,988,1000,1000,1000,1000,1000,1000,998,904,1000,1000,1000,909,235 preview,989,999,1000,989,1000,957,962,1000,1000,988,1000,1000,1000,1000,988,1000,997,972,1000,-,942,990,1000,925,1000,957,954,1000,1000,863,1000,1000,1000,998,889,1000,997,972,636
2026-01-24,146.0.7651.0,991,991,1000,992,1000,1000,1000,1000,1000,954,1000,1000,1000,1000,996,1000,1000,1000,890,145.0.3800.10,991,1000,966,973,1000,1000,1000,1000,1000,863,1000,1000,1000,1000,988,1000,1000,1000,909,149.0a1,940,998,1000,931,1000,1000,988,1000,1000,1000,1000,1000,1000,998,912,1000,1000,1000,1000,235 preview,989,999,1000,989,1000,957,962,1000,1000,988,1000,1000,1000,1000,988,1000,997,972,1000,-,942,990,966,909,1000,957,954,1000,1000,863,1000,1000,1000,998,900,1000,997,972,890
2026-01-25,146.0.7651.0,991,991,1000,992,1000,1000,1000,1000,1000,954,1000,1000,1000,1000,996,1000,1000,1000,909,145.0.3800.10,991,1000,1000,976,1000,976,1000,1000,1000,863,1000,1000,1000,1000,988,1000,1000,1000,874,149.0a1,940,981,1000,931,1000,1000,988,1000,1000,1000,1000,1000,1000,998,912,1000,1000,1000,1000,235 preview,989,999,1000,989,1000,957,962,1000,991,988,1000,1000,1000,1000,988,1000,997,972,1000,-,942,973,1000,912,1000,933,954,1000,991,863,1000,1000,1000,998,900,1000,997,972,874
2026-01-26,146.0.7652.0,991,991,1000,992,1000,1000,1000,1000,1000,954,1000,1000,1000,1000,996,1000,994,1000,909,145.0.3800.10,991,1000,966,989,1000,1000,1000,1000,1000,863,1000,1000,1000,1000,988,1000,1000,1000,909,149.0a1,940,998,1000,931,1000,1000,988,1000,1000,1000,1000,1000,1000,998,916,1000,1000,1000,1000,235 preview,989,999,993,989,1000,957,962,1000,1000,988,1000,1000,1000,1000,988,1000,997,972,1000,-,942,990,960,925,1000,957,954,1000,1000,863,1000,1000,1000,998,904,1000,991,972,909
2026-01-27,146.0.7653.0,991,991,1000,992,1000,1000,1000,1000,1000,954,1000,1000,1000,1000,996,1000,1000,1000,909,145.0.3800.10,991,1000,1000,989,1000,1000,1000,1000,1000,863,1000,1000,1000,1000,988,1000,1000,1000,909,149.0a1,940,998,1000,928,1000,1000,988,1000,1000,996,1000,1000,1000,998,923,1000,1000,1000,1000,235 preview,989,999,1000,989,1000,957,962,1000,1000,988,1000,1000,1000,1000,988,1000,997,972,1000,-,942,990,1000,922,1000,957,954,1000,1000,860,1000,1000,1000,998,912,1000,997,972,909
2026-01-28,146.0.7655.0,991,991,1000,992,1000,1000,1000,1000,1000,954,1000,1000,1000,1000,996,1000,1000,1000,909,146.0.3818.0,991,1000,1000,989,1000,1000,1000,1000,1000,863,1000,1000,1000,1000,988,1000,1000,1000,857,149.0a1,940,998,1000,931,1000,1000,988,1000,1000,1000,1000,1000,1000,998,923,1000,1000,1000,1000,235 preview,989,999,1000,989,1000,957,962,1000,1000,988,1000,1000,1000,1000,988,1000,997,972,1000,-,942,990,1000,925,1000,957,954,1000,1000,863,1000,1000,1000,998,912,1000,997,972,857
2026-01-29,146.0.7657.0,991,991,1000,992,1000,1000,1000,1000,1000,954,1000,1000,1000,1000,996,1000,1000,1000,909,146.0.3818.0,991,991,966,968,1000,976,1000,1000,1000,863,1000,1000,1000,1000,992,1000,1000,1000,727,149.0a1,940,998,1000,931,1000,1000,988,1000,1000,1000,1000,1000,1000,998,923,1000,1000,1000,1000,235 preview,989,999,993,989,1000,957,962,1000,991,988,1000,1000,1000,1000,988,1000,997,972,1000,-,942,981,960,904,1000,934,954,1000,991,863,1000,1000,1000,998,916,1000,997,972,727
2026-01-30,146.0.7659.0,991,991,1000,992,1000,1000,1000,1000,1000,954,1000,1000,1000,1000,996,1000,1000,1000,909,146.0.3818.0,991,1000,1000,989,1000,1000,1000,1000,1000,863,1000,1000,1000,1000,988,1000,1000,1000,909,149.0a1,941,998,1000,931,1000,1000,988,1000,1000,1000,1000,1000,1000,1000,923,1000,1000,1000,1000,235 preview,989,999,1000,989,1000,957,962,1000,991,988,1000,1000,1000,1000,988,1000,997,972,1000,-,943,990,1000,925,1000,957,954,1000,991,863,1000,1000,1000,1000,912,1000,997,972,909
2026-01-31,146.0.7661.0,991,991,1000,992,1000,1000,1000,1000,1000,954,1000,1000,1000,1000,996,1000,1000,1000,909,146.0.3818.0,991,1000,1000,989,1000,976,1000,1000,1000,863,1000,1000,1000,1000,988,1000,1000,1000,909,149.0a1,941,998,1000,928,1000,1000,988,1000,1000,1000,1000,1000,1000,1000,923,1000,1000,1000,1000,235 preview,989,999,1000,989,1000,957,962,1000,1000,988,1000,1000,1000,1000,988,1000,997,972,1000,-,943,990,1000,922,1000,933,954,1000,1000,863,1000,1000,1000,1000,912,1000,997,972,909
2026-02-01,146.0.7663.0,991,991,1000,992,1000,1000,1000,1000,1000,954,1000,1000,1000,1000,996,1000,1000,1000,909,146.0.3818.0,991,1000,1000,986,1000,1000,1000,1000,1000,863,1000,1000,1000,1000,988,1000,1000,1000,909,149.0a1,941,998,1000,936,1000,1000,988,1000,1000,1000,1000,1000,1000,1000,923,1000,1000,1000,997,235 preview,989,999,1000,989,1000,957,962,1000,991,988,1000,1000,1000,1000,988,1000,997,972,1000,-,943,990,1000,928,1000,957,954,1000,991,863,1000,1000,1000,1000,912,1000,997,972,906
2026-02-02,146.0.7665.0,991,991,1000,992,1000,1000,1000,1000,1000,954,1000,1000,1000,1000,996,1000,1000,1000,909,146.0.3818.0,991,1000,1000,989,1000,976,1000,1000,1000,863,1000,1000,1000,1000,992,1000,1000,1000,909,149.0a1,941,998,1000,933,1000,1000,988,1000,1000,1000,1000,1000,1000,1000,923,1000,1000,1000,1000,235 preview,989,999,1000,989,1000,957,962,1000,1000,988,1000,1000,1000,1000,988,1000,997,972,1000,-,943,990,1000,928,1000,933,954,1000,1000,863,1000,1000,1000,1000,916,1000,997,972,909
2026-02-03,146.0.7667.0,991,991,1000,992,1000,1000,1000,1000,1000,954,1000,1000,1000,1000,996,1000,1000,1000,909,146.0.3818.0,991,1000,1000,989,1000,1000,1000,1000,1000,863,1000,1000,1000,1000,992,1000,1000,1000,909,149.0a1,941,956,1000,936,1000,1000,988,1000,1000,996,1000,1000,1000,1000,923,1000,1000,1000,1000,236 preview,989,999,1000,989,1000,957,964,1000,1000,988,1000,1000,1000,1000,988,1000,1000,972,1000,-,943,947,1000,930,1000,957,956,1000,1000,860,1000,1000,1000,1000,916,1000,1000,972,909
2026-02-04,146.0.7668.0,991,991,1000,992,1000,1000,1000,1000,1000,954,1000,1000,1000,1000,996,1000,1000,1000,909,146.0.3829.2,991,1000,1000,989,1000,1000,1000,1000,964,863,1000,1000,1000,1000,988,1000,1000,1000,909,149.0a1,941,998,1000,936,1000,1000,988,1000,1000,996,1000,1000,1000,1000,923,1000,1000,1000,1000,236 preview,989,999,1000,989,1000,957,964,1000,1000,988,1000,1000,1000,1000,988,1000,1000,972,1000,-,943,990,1000,930,1000,957,956,1000,964,860,1000,1000,1000,1000,912,1000,1000,972,909
2026-02-05,146.0.7670.0,991,991,1000,992,1000,1000,1000,1000,1000,954,1000,1000,1000,1000,996,1000,1000,1000,909,146.0.3829.2,991,1000,1000,986,1000,1000,1000,1000,1000,863,1000,1000,1000,1000,988,1000,1000,1000,909,149.0a1,941,998,1000,933,1000,1000,988,1000,1000,1000,1000,1000,1000,1000,923,1000,1000,1000,1000,236 preview,989,999,1000,989,1000,957,964,1000,1000,988,1000,1000,1000,1000,988,1000,1000,972,1000,-,943,990,1000,925,1000,957,956,1000,1000,863,1000,1000,1000,1000,912,1000,1000,972,909
2026-02-06,146.0.7672.0,991,991,1000,992,1000,1000,1000,1000,1000,954,1000,1000,1000,1000,996,1000,1000,1000,909,146.0.3829.2,991,1000,1000,989,1000,1000,1000,1000,1000,863,1000,1000,1000,1000,992,1000,1000,1000,909,149.0a1,941,998,1000,936,1000,1000,988,1000,1000,1000,1000,1000,1000,1000,923,1000,1000,1000,1000,236 preview,989,999,1000,989,1000,957,964,1000,1000,988,1000,1000,1000,1000,988,1000,1000,972,1000,-,943,990,1000,930,1000,957,956,1000,1000,863,1000,1000,1000,1000,916,1000,1000,972,909
2026-02-07,146.0.7673.0,991,991,1000,992,1000,1000,1000,1000,1000,954,1000,1000,1000,1000,996,1000,1000,1000,909,146.0.3829.2,991,1000,1000,989,1000,1000,1000,1000,1000,863,1000,1000,1000,1000,988,1000,1000,1000,909,149.0a1,941,998,1000,936,1000,1000,988,1000,1000,1000,1000,1000,1000,1000,923,1000,1000,1000,1000,236 preview,989,999,993,989,1000,957,964,1000,1000,988,1000,1000,1000,1000,988,1000,1000,972,1000,-,943,990,993,930,1000,957,956,1000,1000,863,1000,1000,1000,1000,912,1000,1000,972,909
2026-02-09,146.0.7678.0,991,991,1000,992,1000,1000,1000,1000,1000,954,1000,1000,1000,1000,996,1000,1000,1000,909,146.0.3829.2,991,1000,1000,989,1000,1000,1000,1000,1000,750,1000,1000,1000,1000,988,1000,1000,1000,909,149.0a1,941,998,1000,936,1000,1000,988,1000,1000,1000,1000,1000,1000,1000,923,1000,1000,1000,1000,236 preview,989,999,1000,989,1000,957,964,1000,1000,988,1000,1000,1000,1000,988,1000,1000,972,1000,-,943,990,1000,930,1000,957,956,1000,1000,750,1000,1000,1000,1000,912,1000,1000,972,909
2026-02-10,146.0.7679.0,991,991,1000,992,1000,1000,1000,1000,1000,954,1000,1000,1000,1000,996,1000,1000,1000,909,146.0.3829.2,991,1000,1000,986,1000,1000,1000,1000,1000,863,1000,1000,1000,1000,984,1000,1000,1000,909,149.0a1,941,998,1000,936,1000,1000,988,1000,1000,1000,1000,1000,1000,1000,923,1000,1000,1000,1000,236 preview,989,999,1000,989,1000,957,964,1000,1000,988,1000,1000,1000,1000,988,1000,1000,972,1000,-,943,990,1000,928,1000,957,956,1000,1000,863,1000,1000,1000,1000,908,1000,1000,972,909
2026-02-11,147.0.7681.0,991,991,1000,992,1000,1000,1000,1000,1000,954,1000,1000,1000,1000,996,1000,1000,1000,909,146.0.3844.0,991,1000,1000,960,1000,1000,1000,1000,1000,863,1000,1000,1000,1000,988,1000,1000,1000,909,149.0a1,941,998,1000,933,1000,1000,988,1000,1000,996,1000,1000,1000,1000,923,1000,1000,1000,1000,236 preview,989,999,1000,989,1000,957,964,1000,1000,988,1000,1000,1000,1000,988,1000,1000,972,1000,-,943,990,1000,901,1000,957,956,1000,1000,860,1000,1000,1000,1000,912,1000,1000,972,909
2026-02-12,147.0.7683.0,991,991,1000,992,1000,1000,1000,1000,1000,954,1000,1000,1000,1000,996,1000,1000,1000,909,146.0.3844.0,991,1000,1000,989,1000,1000,1000,1000,1000,863,1000,1000,1000,1000,988,1000,1000,1000,909,149.0a1,941,998,1000,936,1000,1000,988,1000,1000,1000,1000,1000,1000,1000,923,1000,1000,1000,1000,237 preview,989,999,1000,989,1000,957,964,1000,1000,988,1000,1000,1000,1000,988,1000,1000,972,1000,-,943,990,1000,930,1000,957,956,1000,1000,863,1000,1000,1000,1000,912,1000,1000,972,909
2026-02-13,147.0.7685.0,991,982,1000,992,1000,1000,1000,1000,1000,954,1000,1000,1000,1000,996,1000,1000,1000,909,146.0.3844.0,991,1000,1000,984,1000,1000,1000,1000,1000,863,1000,1000,1000,1000,988,1000,1000,1000,909,149.0a1,941,998,1000,936,1000,1000,988,1000,1000,1000,1000,1000,1000,1000,923,1000,1000,1000,937,237 preview,989,999,993,989,1000,957,964,1000,1000,988,1000,1000,1000,1000,988,1000,1000,972,1000,-,943,981,993,925,1000,957,956,1000,1000,863,1000,1000,1000,1000,912,1000,1000,972,846
2026-02-14,147.0.7687.0,991,991,1000,992,1000,1000,1000,1000,1000,954,1000,1000,1000,1000,996,1000,1000,1000,909,146.0.3844.0,991,1000,1000,986,1000,1000,1000,1000,1000,863,1000,1000,1000,1000,988,1000,1000,1000,909,149.0a1,941,990,1000,936,1000,1000,988,1000,1000,1000,1000,1000,1000,1000,923,1000,1000,1000,909,237 preview,989,999,1000,989,985,957,964,1000,1000,988,1000,1000,1000,1000,988,1000,1000,972,1000,-,943,981,1000,928,985,957,956,1000,1000,863,1000,1000,1000,1000,912,1000,1000,972,818
2026-02-15,147.0.7689.0,991,991,1000,992,1000,1000,1000,1000,1000,954,1000,1000,1000,1000,996,1000,1000,1000,909,146.0.3844.0,991,1000,1000,989,1000,1000,1000,1000,1000,863,1000,1000,1000,1000,988,1000,1000,1000,909,149.0a1,941,990,1000,936,1000,1000,988,1000,1000,996,1000,1000,1000,1000,923,1000,1000,1000,1000,237 preview,989,999,1000,989,1000,957,964,1000,991,988,1000,1000,1000,1000,988,1000,1000,972,1000,-,943,981,1000,930,1000,957,956,1000,991,860,1000,1000,1000,1000,912,1000,1000,972,909
2026-02-16,147.0.7690.0,991,991,1000,992,1000,1000,1000,1000,1000,954,1000,1000,1000,1000,996,1000,1000,1000,909,146.0.3844.0,991,1000,1000,989,1000,1000,1000,1000,1000,863,1000,1000,1000,1000,988,1000,1000,1000,909,149.0a1,941,990,1000,936,1000,1000,988,1000,1000,1000,1000,1000,1000,1000,923,1000,1000,1000,1000,237 preview,989,999,993,989,1000,957,964,1000,1000,988,1000,1000,1000,1000,988,1000,1000,972,1000,-,943,981,993,930,1000,957,956,1000,1000,863,1000,1000,1000,1000,912,1000,1000,972,909
2026-02-17,147.0.7693.0,991,991,1000,992,1000,1000,1000,1000,1000,954,1000,1000,1000,1000,996,1000,1000,1000,909,146.0.3844.0,991,1000,1000,989,1000,1000,1000,1000,1000,863,1000,958,1000,1000,988,1000,1000,1000,909,149.0a1,941,990,1000,936,1000,1000,988,1000,1000,1000,1000,1000,1000,1000,920,1000,1000,1000,909,237 preview,989,999,1000,989,985,957,964,1000,1000,988,1000,1000,1000,1000,988,1000,1000,972,1000,-,943,981,1000,930,985,957,956,1000,1000,863,1000,958,1000,1000,908,1000,1000,972,818
2026-02-18,147.0.7694.0,991,991,1000,992,1000,1000,1000,1000,1000,954,1000,1000,1000,1000,996,1000,1000,1000,909,146.0.3856.9,991,991,1000,986,1000,1000,1000,1000,1000,863,1000,958,1000,1000,988,1000,1000,1000,909,149.0a1,941,990,1000,933,1000,1000,988,1000,1000,1000,1000,1000,1000,1000,923,1000,1000,1000,1000,237 preview,989,991,1000,989,1000,957,964,1000,1000,988,1000,1000,1000,1000,988,1000,1000,972,1000,-,943,973,1000,928,1000,957,956,1000,1000,863,1000,958,1000,1000,912,1000,1000,972,909
2026-02-19,147.0.7695.0,991,991,1000,992,1000,1000,1000,1000,1000,954,1000,1000,1000,1000,996,1000,1000,1000,909,146.0.3856.9,991,982,1000,970,1000,1000,1000,1000,1000,863,1000,958,1000,1000,988,1000,1000,1000,909,149.0a1,941,990,1000,936,1000,1000,988,1000,1000,1000,1000,1000,1000,1000,923,1000,1000,1000,1000,237 preview,989,999,1000,989,1000,957,964,1000,1000,988,1000,1000,1000,1000,988,1000,1000,972,1000,-,943,973,1000,914,1000,957,956,1000,1000,863,1000,958,1000,1000,912,1000,1000,972,909
2026-02-20,147.0.7698.0,991,991,1000,992,1000,1000,1000,1000,1000,954,1000,1000,1000,1000,996,1000,1000,1000,909,146.0.3856.13,991,991,1000,978,1000,1000,1000,1000,1000,863,1000,958,1000,1000,988,1000,1000,1000,909,149.0a1,941,990,1000,936,1000,1000,988,1000,1000,1000,1000,1000,1000,1000,923,1000,1000,1000,1000,237 preview,989,999,1000,989,1000,957,964,1000,1000,988,1000,1000,1000,1000,988,1000,1000,972,1000,-,943,981,1000,925,1000,957,956,1000,1000,863,1000,958,1000,1000,912,1000,1000,972,909
2026-02-21,147.0.7699.0,991,991,1000,992,1000,1000,1000,1000,1000,954,1000,1000,1000,1000,996,1000,1000,1000,909,146.0.3856.13,991,982,1000,984,1000,1000,1000,1000,1000,863,1000,958,1000,1000,988,1000,1000,1000,909,149.0a1,941,990,1000,936,1000,1000,988,1000,1000,1000,1000,1000,1000,1000,923,1000,1000,1000,1000,237 preview,989,999,1000,989,1000,957,964,1000,1000,988,1000,1000,1000,1000,988,1000,1000,972,1000,-,943,973,1000,928,1000,957,956,1000,1000,863,1000,958,1000,1000,912,1000,1000,972,909
2026-02-22,147.0.7699.0,991,991,1000,992,1000,1000,1000,1000,1000,954,1000,1000,1000,1000,996,1000,1000,1000,909,146.0.3856.13,991,991,966,976,1000,976,1000,1000,1000,863,1000,958,1000,1000,988,1000,1000,1000,909,149.0a1,941,990,1000,933,1000,1000,988,1000,1000,1000,1000,1000,1000,1000,923,1000,1000,1000,1000,237 preview,989,999,993,989,1000,957,964,1000,1000,988,1000,1000,1000,1000,988,1000,1000,972,1000,-,943,981,960,922,1000,933,956,1000,1000,863,1000,958,1000,1000,912,1000,1000,972,909
2026-02-23,147.0.7700.0,991,991,1000,992,1000,1000,1000,1000,1000,954,1000,1000,1000,1000,996,1000,1000,1000,909,146.0.3856.13,991,982,1000,986,1000,1000,1000,1000,1000,863,1000,958,1000,1000,984,1000,1000,1000,909,149.0a1,941,990,1000,936,1000,1000,988,1000,1000,996,1000,1000,1000,1000,923,1000,1000,1000,1000,237 preview,989,999,1000,989,1000,957,964,1000,1000,988,1000,1000,1000,1000,988,1000,1000,972,1000,-,943,973,1000,930,1000,957,956,1000,1000,860,1000,958,1000,1000,908,1000,1000,972,909
2026-02-24,147.0.7702.0,991,991,1000,992,1000,1000,1000,1000,1000,954,1000,1000,1000,1000,996,1000,1000,1000,909,146.0.3856.20,991,991,1000,986,1000,1000,1000,1000,1000,863,1000,958,1000,1000,988,1000,1000,1000,909,150.0a1,941,990,1000,936,1000,999,988,1000,1000,1000,1000,1000,1000,1000,923,1000,1000,1000,1000,237 preview,989,999,1000,989,1000,957,964,1000,1000,988,1000,1000,1000,1000,988,1000,1000,972,1000,-,943,981,1000,930,1000,957,956,1000,1000,863,1000,958,1000,1000,912,1000,1000,972,909
2026-02-25,147.0.7703.0,991,991,1000,992,1000,1000,1000,1000,1000,954,1000,1000,1000,1000,996,1000,1000,1000,909,147.0.3878.0,991,991,1000,976,1000,1000,1000,1000,1000,863,1000,1000,1000,1000,988,1000,1000,1000,909,150.0a1,941,990,1000,936,1000,999,988,1000,1000,1000,1000,1000,1000,1000,923,1000,1000,1000,1000,237 preview,989,999,1000,989,1000,957,964,1000,1000,988,1000,1000,1000,1000,988,1000,1000,972,1000,-,943,981,1000,925,1000,957,956,1000,1000,863,1000,1000,1000,1000,912,1000,1000,972,909
2026-02-26,147.0.7705.0,995,982,1000,992,1000,1000,1000,1000,1000,954,1000,1000,1000,1000,996,1000,1000,1000,909,147.0.3878.0,995,982,1000,986,1000,1000,1000,1000,1000,863,1000,1000,1000,1000,988,1000,1000,1000,909,150.0a1,945,990,1000,936,1000,999,988,1000,1000,1000,1000,1000,1000,1000,923,1000,1000,1000,1000,237 preview,994,999,1000,989,1000,957,964,1000,1000,988,1000,1000,1000,1000,988,1000,1000,972,1000,-,943,964,1000,930,1000,957,956,1000,1000,863,1000,1000,1000,1000,912,1000,1000,972,909
2026-02-27,147.0.7708.0,995,974,1000,992,1000,1000,1000,1000,1000,954,1000,1000,1000,1000,996,1000,1000,1000,890,147.0.3878.0,995,957,1000,986,1000,1000,1000,1000,1000,863,1000,1000,1000,1000,984,1000,1000,1000,909,150.0a1,975,990,1000,936,1000,999,988,1000,1000,996,1000,1000,1000,1000,923,1000,1000,1000,1000,238 preview,994,999,993,986,1000,957,964,1000,1000,988,1000,1000,1000,1000,988,1000,1000,972,1000,-,973,930,993,928,1000,957,956,1000,1000,860,1000,1000,1000,1000,908,1000,1000,972,890
2026-02-28,147.0.7709.0,995,982,1000,992,1000,1000,1000,1000,1000,954,1000,1000,1000,1000,996,1000,1000,1000,909,147.0.3878.0,995,991,1000,981,1000,1000,1000,1000,1000,863,1000,1000,1000,1000,988,1000,1000,1000,909,150.0a1,975,990,1000,936,1000,999,988,1000,1000,1000,1000,1000,1000,1000,923,1000,1000,1000,1000,238 preview,994,999,1000,986,1000,957,964,1000,1000,988,1000,1000,1000,1000,988,1000,1000,972,1000,-,973,973,1000,922,1000,957,956,1000,1000,863,1000,1000,1000,1000,912,1000,1000,972,909
2026-03-01,147.0.7710.0,995,982,1000,992,1000,1000,1000,1000,1000,954,1000,1000,1000,1000,996,1000,1000,1000,909,147.0.3878.0,995,982,1000,986,1000,1000,1000,1000,1000,863,1000,1000,1000,1000,988,1000,1000,1000,909,150.0a1,975,990,1000,936,1000,999,988,1000,1000,1000,1000,1000,1000,1000,923,1000,1000,1000,1000,238 preview,994,999,1000,986,985,957,964,1000,1000,988,1000,1000,1000,1000,988,1000,1000,972,1000,-,973,964,1000,928,985,957,956,1000,1000,863,1000,1000,1000,1000,912,1000,1000,972,909
2026-03-02,147.0.7713.0,995,982,1000,992,1000,1000,1000,1000,1000,954,1000,1000,1000,1000,996,1000,1000,1000,909,147.0.3878.0,995,982,1000,976,1000,1000,1000,1000,1000,863,1000,1000,1000,1000,984,1000,1000,1000,909,150.0a1,975,990,1000,936,1000,999,988,1000,1000,1000,1000,1000,1000,1000,923,1000,1000,1000,909,238 preview,994,991,993,986,1000,957,964,1000,1000,988,1000,1000,1000,1000,988,1000,1000,972,1000,-,973,964,993,922,1000,957,956,1000,1000,863,1000,1000,1000,1000,908,1000,1000,972,818
2026-03-03,147.0.7714.0,995,982,1000,992,1000,1000,1000,1000,1000,954,1000,1000,1000,1000,996,1000,1000,1000,909,147.0.3878.0,995,982,1000,981,1000,976,1000,1000,1000,863,1000,1000,1000,1000,988,1000,1000,1000,818,150.0a1,975,990,1000,933,1000,999,988,1000,1000,1000,1000,1000,1000,1000,923,1000,1000,1000,818,238 preview,994,991,1000,986,1000,957,964,1000,1000,988,1000,1000,1000,1000,988,1000,1000,972,1000,-,973,964,1000,922,1000,933,956,1000,1000,863,1000,1000,1000,1000,912,1000,1000,972,727
2026-03-04,147.0.7717.0,995,982,1000,992,1000,1000,1000,1000,1000,954,1000,1000,1000,1000,996,1000,1000,1000,909,147.0.3890.0,995,991,1000,986,1000,1000,1000,1000,1000,863,1000,1000,1000,1000,988,1000,1000,1000,909,150.0a1,975,990,1000,936,1000,999,988,1000,1000,1000,1000,1000,1000,1000,923,1000,1000,1000,1000,238 preview,994,991,1000,986,1000,957,964,1000,1000,988,1000,1000,1000,1000,988,1000,1000,972,1000,-,973,964,1000,928,1000,957,956,1000,1000,863,1000,1000,1000,1000,912,1000,1000,972,909
2026-03-05,147.0.7720.0,995,982,1000,992,1000,1000,1000,1000,1000,954,1000,1000,1000,1000,996,1000,1000,1000,909,147.0.3890.0,995,991,1000,984,1000,1000,1000,1000,1000,863,1000,1000,1000,1000,988,1000,1000,1000,909,150.0a1,975,990,1000,936,1000,999,988,1000,1000,1000,1000,1000,1000,1000,923,1000,1000,1000,1000,238 preview,994,991,1000,986,985,957,964,1000,1000,988,1000,1000,1000,1000,988,1000,1000,972,1000,-,973,964,1000,925,985,957,956,1000,1000,863,1000,1000,1000,1000,912,1000,1000,972,909
2026-03-06,147.0.7721.0,995,982,1000,992,1000,1000,1000,1000,1000,954,1000,1000,1000,1000,996,1000,1000,1000,909,147.0.3890.0,995,991,1000,977,1000,1000,1000,1000,1000,863,1000,1000,1000,1000,984,1000,1000,1000,909,150.0a1,975,990,1000,947,1000,999,988,1000,1000,996,1000,1000,1000,1000,923,1000,1000,1000,1000,238 preview,994,991,1000,986,1000,957,964,1000,1000,988,1000,1000,1000,1000,988,1000,1000,972,1000,-,973,964,1000,929,1000,957,956,1000,1000,860,1000,1000,1000,1000,908,1000,1000,972,909
2026-03-07,147.0.7723.0,995,991,1000,992,1000,1000,1000,1000,1000,954,1000,1000,1000,1000,996,1000,1000,1000,909,147.0.3890.0,995,991,1000,986,1000,1000,1000,1000,1000,818,1000,1000,1000,1000,984,1000,1000,1000,909,150.0a1,975,990,1000,941,1000,999,988,1000,1000,996,1000,1000,1000,1000,923,1000,1000,1000,1000,238 preview,994,991,1000,986,1000,957,964,1000,1000,988,1000,1000,1000,1000,988,1000,1000,972,1000,-,973,973,1000,933,1000,957,956,1000,1000,814,1000,1000,1000,1000,908,1000,1000,972,909
2026-03-08,147.0.7724.0,995,982,1000,992,1000,1000,1000,1000,1000,954,1000,1000,1000,1000,996,1000,1000,1000,909,147.0.3890.0,995,991,1000,986,1000,1000,1000,1000,1000,818,1000,1000,1000,1000,988,1000,1000,1000,909,150.0a1,975,990,1000,947,1000,999,988,1000,1000,1000,1000,1000,1000,1000,923,1000,1000,1000,1000,238 preview,994,991,1000,986,1000,957,964,1000,1000,988,1000,1000,1000,1000,988,1000,1000,972,1000,-,973,964,1000,938,1000,957,956,1000,1000,818,1000,1000,1000,1000,912,1000,1000,972,909
2026-03-09,147.0.7726.0,995,991,1000,992,1000,1000,1000,1000,1000,954,1000,1000,1000,1000,996,1000,1000,1000,909,147.0.3890.0,995,991,1000,986,1000,1000,1000,1000,1000,863,1000,1000,1000,1000,984,1000,1000,1000,909,150.0a1,975,990,1000,947,1000,999,988,1000,1000,1000,1000,1000,1000,1000,923,1000,1000,1000,1000,238 preview,994,991,1000,986,1000,957,964,1000,1000,988,1000,1000,1000,1000,988,1000,1000,972,1000,-,973,973,1000,938,1000,957,956,1000,1000,863,1000,1000,1000,1000,908,1000,1000,972,909
2026-03-10,147.0.7727.0,995,991,1000,992,1000,1000,1000,1000,1000,954,1000,1000,1000,1000,996,1000,1000,1000,909,147.0.3890.0,995,991,1000,984,1000,1000,1000,1000,1000,863,1000,1000,1000,1000,988,1000,1000,1000,909,150.0a1,975,990,1000,947,1000,999,988,1000,1000,1000,1000,1000,1000,1000,923,1000,1000,1000,1000,238 preview,994,948,1000,981,1000,862,964,1000,1000,840,1000,1000,1000,1000,988,1000,1000,972,1000,-,973,930,1000,930,1000,862,956,1000,1000,772,1000,1000,1000,1000,912,1000,1000,972,909
2026-03-11,148.0.7728.0,995,991,1000,992,1000,1000,1000,1000,1000,954,1000,1000,1000,1000,996,1000,1000,1000,909,147.0.3890.0,995,982,1000,984,1000,1000,1000,1000,1000,863,1000,1000,1000,1000,988,1000,1000,1000,909,150.0a1,975,990,1000,947,1000,999,988,1000,1000,1000,1000,1000,1000,1000,923,1000,1000,1000,1000,238 preview,994,991,1000,986,1000,957,964,1000,1000,988,1000,1000,1000,1000,988,1000,1000,972,1000,-,973,973,1000,936,1000,957,956,1000,1000,863,1000,1000,1000,1000,912,1000,1000,972,909
2026-03-12,148.0.7731.0,995,991,1000,992,1000,1000,1000,1000,1000,954,1000,1000,1000,1000,996,1000,1000,1000,909,147.0.3901.1,995,982,1000,986,1000,1000,1000,1000,1000,863,1000,1000,1000,1000,984,1000,1000,1000,909,150.0a1,975,990,1000,944,1000,999,988,1000,1000,996,1000,1000,1000,1000,923,1000,1000,1000,1000,239 preview,994,991,1000,986,1000,957,964,1000,1000,988,1000,1000,1000,1000,988,1000,1000,972,1000,-,973,964,1000,936,1000,957,956,1000,1000,860,1000,1000,1000,1000,908,1000,1000,972,909
2026-03-13,148.0.7733.0,995,991,1000,992,1000,1000,1000,1000,1000,954,1000,1000,1000,1000,996,1000,1000,1000,909,147.0.3901.1,995,982,1000,970,1000,1000,1000,1000,1000,863,1000,1000,1000,1000,988,1000,1000,1000,909,150.0a1,975,990,1000,947,1000,999,988,1000,1000,1000,1000,1000,1000,1000,923,1000,1000,1000,1000,239 preview,994,991,1000,986,1000,957,964,1000,1000,988,1000,1000,1000,1000,988,1000,1000,972,1000,-,973,964,1000,928,1000,957,956,1000,1000,863,1000,1000,1000,1000,912,1000,1000,972,909
2026-03-14,148.0.7733.0,995,991,1000,992,1000,1000,1000,1000,1000,954,1000,1000,1000,1000,996,1000,1000,1000,818,147.0.3901.1,995,974,1000,986,1000,1000,1000,1000,1000,863,1000,1000,1000,1000,988,1000,1000,1000,909,150.0a1,975,990,1000,947,1000,999,988,1000,1000,996,1000,1000,1000,1000,923,1000,1000,1000,1000,239 preview,994,991,993,986,1000,957,964,1000,1000,988,1000,1000,1000,1000,988,1000,1000,972,1000,-,973,964,993,938,1000,957,956,1000,1000,860,1000,1000,1000,1000,912,1000,1000,972,818
2026-03-15,148.0.7733.0,995,991,1000,992,1000,1000,1000,1000,1000,954,1000,1000,1000,1000,996,1000,1000,1000,909,147.0.3901.1,995,974,1000,984,1000,1000,1000,1000,1000,863,1000,1000,1000,1000,988,1000,1000,1000,818,150.0a1,975,990,1000,949,1000,999,988,1000,1000,1000,1000,1000,1000,1000,923,1000,1000,1000,1000,239 preview,994,991,1000,986,1000,957,964,1000,1000,988,1000,1000,1000,1000,988,1000,1000,972,1000,-,973,964,1000,938,1000,957,956,1000,1000,863,1000,1000,1000,1000,912,1000,1000,972,818
2026-03-16,148.0.7735.2,995,991,1000,992,1000,1000,1000,1000,1000,954,1000,1000,1000,1000,996,1000,1000,1000,909,147.0.3901.1,995,974,1000,986,1000,1000,1000,1000,1000,818,1000,1000,1000,1000,988,1000,1000,1000,909,150.0a1,975,990,1000,949,1000,999,988,1000,1000,1000,1000,1000,1000,1000,923,1000,1000,1000,1000,239 preview,994,991,1000,986,1000,957,964,1000,1000,988,1000,1000,1000,1000,988,1000,1000,972,1000,-,973,964,1000,941,1000,957,956,1000,1000,818,1000,1000,1000,1000,912,1000,1000,972,909
2026-03-17,148.0.7738.0,995,991,1000,992,1000,1000,1000,1000,1000,954,1000,1000,1000,1000,996,1000,1000,1000,909,147.0.3912.10,995,991,1000,984,1000,976,1000,1000,1000,863,1000,1000,1000,1000,988,1000,1000,1000,909,150.0a1,975,990,1000,947,1000,999,988,1000,1000,1000,1000,1000,1000,1000,923,1000,1000,1000,1000,239 preview,994,999,1000,986,1000,957,964,1000,1000,988,1000,1000,1000,1000,988,1000,1000,972,1000,-,973,981,1000,936,1000,933,956,1000,1000,863,1000,1000,1000,1000,912,1000,1000,972,909
2026-03-18,148.0.7739.0,995,991,1000,992,1000,1000,1000,1000,1000,954,1000,1000,1000,1000,996,1000,1000,1000,909,147.0.3912.10,995,991,1000,986,1000,1000,1000,1000,1000,863,1000,1000,1000,1000,988,1000,1000,1000,909,150.0a1,975,990,1000,949,1000,999,988,1000,1000,1000,1000,1000,1000,1000,931,1000,1000,1000,1000,239 preview,994,999,1000,986,1000,957,964,1000,1000,988,1000,1000,1000,1000,988,1000,1000,972,1000,-,973,981,1000,941,1000,957,956,1000,1000,863,1000,1000,1000,1000,919,1000,1000,972,909
2026-03-27,148.0.7758.0,1000,991,1000,992,1000,1000,1000,1000,1000,954,1000,1000,1000,1000,996,1000,1000,1000,909,148.0.3928.0,1000,991,1000,989,1000,1000,1000,1000,1000,863,1000,1000,1000,1000,988,1000,998,1000,909,151.0a1,979,990,1000,949,1000,999,988,1000,1000,1000,1000,1000,1000,1000,931,1000,998,1000,1000,240 preview,994,999,1000,986,1000,957,964,1000,1000,988,1000,1000,1000,1000,988,1000,998,972,1000,-,977,973,1000,941,1000,957,956,1000,1000,863,1000,1000,1000,1000,919,1000,998,972,909
2026-03-28,148.0.7759.0,1000,991,1000,992,1000,1000,1000,1000,1000,954,1000,1000,1000,1000,996,1000,1000,1000,909,148.0.3928.0,1000,1000,966,986,1000,1000,1000,1000,1000,863,1000,1000,1000,1000,988,1000,998,1000,909,151.0a1,979,990,1000,949,1000,999,988,1000,1000,996,1000,1000,1000,1000,931,1000,998,1000,1000,240 preview,994,939,1000,986,1000,897,964,1000,1000,909,1000,1000,1000,1000,980,1000,998,972,1000,-,977,921,966,938,1000,897,956,1000,1000,803,1000,1000,1000,1000,916,1000,998,972,909
2026-03-29,148.0.7760.0,1000,991,1000,992,1000,1000,1000,1000,1000,954,1000,1000,1000,1000,996,1000,1000,1000,909,148.0.3928.0,1000,1000,1000,986,1000,1000,1000,1000,1000,863,1000,1000,1000,1000,988,1000,998,1000,909,151.0a1,979,990,1000,947,1000,999,988,1000,1000,996,1000,1000,1000,1000,931,1000,998,1000,1000,240 preview,994,999,1000,986,985,957,964,1000,1000,988,1000,1000,1000,1000,988,1000,998,972,1000,-,977,981,1000,936,985,957,956,1000,1000,860,1000,1000,1000,1000,919,1000,998,972,909
2026-03-30,148.0.7763.0,1000,991,1000,992,1000,1000,1000,1000,1000,954,1000,1000,1000,1000,996,1000,1000,1000,909,148.0.3928.0,1000,1000,1000,981,1000,976,1000,1000,1000,863,1000,1000,1000,1000,984,1000,998,1000,909,151.0a1,979,990,1000,947,1000,999,988,1000,1000,996,1000,1000,1000,1000,931,1000,998,1000,1000,240 preview,994,999,1000,986,1000,957,964,1000,1000,988,1000,1000,1000,1000,988,1000,998,972,1000,-,977,981,1000,930,1000,934,956,1000,1000,860,1000,1000,1000,1000,916,1000,998,972,909
2026-03-31,148.0.7766.0,1000,991,1000,992,1000,1000,1000,1000,1000,954,1000,1000,1000,1000,996,1000,1000,1000,909,148.0.3943.0,1000,1000,1000,986,1000,928,1000,1000,1000,863,1000,1000,1000,1000,988,1000,1000,1000,906,151.0a1,979,990,1000,949,1000,999,988,1000,1000,1000,1000,1000,1000,1000,931,1000,998,1000,1000,240 preview,989,948,1000,986,1000,933,964,1000,1000,920,978,1000,965,1000,988,1000,998,972,1000,-,973,939,1000,938,1000,862,956,1000,1000,795,978,1000,965,1000,919,1000,998,972,906
2026-04-01,148.0.7767.0,1000,991,1000,992,1000,1000,1000,1000,1000,954,1000,1000,1000,1000,996,1000,1000,1000,909,148.0.3943.0,1000,1000,1000,986,1000,1000,1000,1000,1000,863,1000,1000,1000,1000,988,1000,1000,1000,909,151.0a1,979,990,1000,949,1000,999,988,1000,1000,1000,1000,1000,1000,1000,931,1000,998,1000,1000,240 preview,994,999,1000,986,1000,957,964,1000,1000,988,1000,1000,1000,1000,988,1000,998,972,1000,-,977,981,1000,938,1000,957,956,1000,1000,863,1000,1000,1000,1000,919,1000,998,972,909
2026-04-02,148.0.7769.0,1000,991,1000,992,1000,1000,1000,1000,1000,954,1000,1000,1000,1000,996,1000,1000,1000,909,148.0.3943.0,1000,1000,1000,984,1000,1000,999,1000,1000,863,1000,1000,1000,1000,988,1000,1000,1000,909,151.0a1,979,990,1000,949,1000,999,988,1000,1000,996,1000,1000,1000,1000,931,1000,998,1000,1000,240 preview,994,948,1000,986,1000,933,964,1000,1000,920,978,1000,1000,1000,988,1000,998,972,1000,-,977,939,1000,936,1000,933,956,1000,1000,791,978,1000,1000,1000,919,1000,998,972,909
2026-04-03,148.0.7770.0,1000,991,1000,992,1000,1000,1000,1000,1000,954,1000,1000,1000,1000,996,1000,1000,1000,909,148.0.3943.0,1000,1000,1000,986,1000,1000,1000,1000,1000,863,1000,1000,1000,1000,984,1000,1000,1000,909,151.0a1,979,990,1000,947,1000,999,988,1000,1000,996,1000,1000,1000,1000,931,1000,998,1000,1000,240 preview,994,999,1000,986,1000,957,964,1000,1000,988,1000,1000,1000,1000,988,1000,998,972,1000,-,977,981,1000,936,1000,957,956,1000,1000,860,1000,1000,1000,1000,916,1000,998,972,909
2026-04-04,148.0.7772.0,1000,991,1000,992,1000,1000,1000,1000,1000,954,1000,1000,1000,1000,996,1000,1000,1000,909,148.0.3943.0,1000,1000,1000,989,1000,1000,1000,1000,1000,863,1000,1000,1000,1000,988,1000,1000,1000,909,151.0a1,979,990,1000,949,1000,999,988,1000,1000,1000,1000,1000,1000,1000,931,1000,998,1000,1000,240 preview,994,956,1000,981,1000,862,964,1000,1000,840,1000,1000,1000,1000,988,1000,998,972,1000,-,977,939,1000,936,1000,862,956,1000,1000,772,1000,1000,1000,1000,919,1000,998,972,909
2026-04-05,148.0.7774.0,1000,991,1000,992,1000,1000,1000,1000,1000,954,1000,1000,1000,1000,996,1000,1000,1000,909,148.0.3943.0,1000,1000,1000,989,1000,1000,1000,1000,1000,863,1000,1000,1000,1000,984,1000,1000,1000,909,151.0a1,979,990,1000,949,1000,999,988,1000,1000,996,1000,1000,1000,1000,931,1000,998,1000,1000,240 preview,994,999,1000,986,1000,957,964,1000,991,988,1000,1000,1000,1000,988,1000,998,972,1000,-,977,981,1000,941,1000,957,956,1000,991,860,1000,1000,1000,1000,916,1000,998,972,909
2026-04-06,148.0.7776.0,1000,991,1000,992,1000,1000,1000,1000,1000,954,1000,1000,1000,1000,996,1000,1000,1000,909,148.0.3943.0,1000,991,1000,989,1000,1000,1000,1000,1000,863,1000,1000,1000,1000,988,1000,1000,1000,909,151.0a1,979,990,1000,949,1000,999,988,1000,1000,996,1000,1000,1000,1000,931,1000,998,1000,1000,240 preview,994,999,1000,986,1000,957,964,1000,1000,988,1000,1000,1000,1000,988,1000,998,972,1000,-,977,973,1000,941,1000,957,956,1000,1000,860,1000,1000,1000,1000,919,1000,998,972,909
2026-04-08,149.0.7779.0,993,991,1000,992,1000,1000,1000,1000,1000,954,1000,1000,1000,1000,996,1000,1000,1000,909,148.0.3956.0,1000,1000,1000,984,1000,1000,1000,1000,1000,863,1000,1000,1000,1000,988,1000,1000,1000,818,151.0a1,979,990,1000,949,1000,999,988,1000,1000,1000,1000,1000,1000,1000,931,1000,998,1000,1000,240 preview,994,956,1000,981,1000,862,964,1000,1000,840,1000,1000,1000,1000,988,1000,998,972,1000,-,971,939,1000,930,1000,862,956,1000,1000,772,1000,1000,1000,1000,919,1000,998,972,818
2026-04-13,149.0.7789.0,993,991,1000,992,1000,1000,1000,1000,1000,954,1000,1000,1000,1000,996,1000,1000,1000,909,148.0.3956.0,1000,1000,1000,994,1000,976,1000,1000,1000,863,1000,1000,1000,1000,984,1000,1000,1000,909,151.0a1,979,990,1000,949,1000,999,988,1000,1000,1000,1000,1000,1000,1000,931,1000,998,1000,1000,241 preview,994,999,1000,986,1000,957,964,1000,1000,988,1000,1000,1000,1000,988,1000,998,974,1000,-,971,981,1000,946,1000,933,956,1000,1000,863,1000,1000,1000,1000,916,1000,998,974,909
2026-04-15,149.0.7792.0,993,991,1000,992,1000,1000,1000,1000,1000,954,1000,1000,1000,1000,996,1000,1000,1000,909,148.0.3967.8,1000,1000,1000,994,1000,1000,1000,1000,1000,863,1000,1000,1000,1000,988,1000,1000,1000,727,151.0a1,979,990,1000,949,1000,999,988,1000,1000,1000,1000,1000,1000,1000,931,1000,998,1000,1000,241 preview,994,999,1000,986,1000,957,964,1000,1000,988,1000,1000,1000,1000,988,1000,998,974,1000,-,971,981,1000,946,1000,957,956,1000,1000,863,1000,1000,1000,1000,919,1000,998,974,727
2026-04-21,149.0.7804.0,993,982,1000,992,1000,1000,1000,1000,1000,954,1000,1000,1000,1000,996,1000,1000,1000,909,148.0.3967.12,1000,1000,1000,989,1000,1000,1000,1000,1000,863,1000,1000,1000,1000,984,1000,1000,1000,909,152.0a1,983,990,1000,920,1000,999,988,1000,1000,1000,1000,1000,1000,1000,935,1000,998,1000,1000,241 preview,994,999,1000,986,1000,957,964,1000,1000,988,1000,1000,1000,1000,988,1000,998,974,1000,-,975,973,1000,912,1000,957,956,1000,1000,863,1000,1000,1000,1000,919,1000,998,974,909
2026-04-26,149.0.7811.0,993,991,1000,992,1000,1000,1000,1000,1000,954,1000,1000,1000,1000,996,1000,1000,1000,909,149.0.3984.0,993,1000,1000,984,1000,976,1000,1000,1000,863,1000,1000,1000,1000,988,1000,1000,1000,909,152.0a1,985,990,1000,920,1000,999,988,1000,1000,1000,1000,1000,1000,1000,935,1000,998,1000,1000,242 preview,994,922,1000,986,1000,885,964,1000,1000,776,978,1000,1000,1000,988,1000,992,974,1000,-,977,913,1000,908,1000,873,956,1000,1000,651,978,1000,1000,1000,923,1000,992,974,909
2026-04-30,149.0.7818.0,999,991,1000,992,1000,1000,1000,1000,1000,954,1000,1000,1000,1000,996,1000,1000,1000,909,149.0.3993.0,999,1000,1000,984,1000,1000,1000,1000,1000,863,1000,1000,1000,1000,988,1000,1000,1000,909,152.0a1,989,990,1000,920,1000,999,989,1000,1000,1000,1000,1000,1000,1000,935,1000,998,1000,1000,242 preview,994,999,1000,986,1000,957,964,1000,1000,988,1000,1000,1000,1000,988,1000,998,974,1000,-,988,981,1000,906,1000,957,956,1000,1000,863,1000,1000,1000,1000,923,1000,998,974,909
2026-05-01,149.0.7819.0,999,991,1000,992,1000,1000,1000,1000,1000,954,1000,1000,1000,1000,996,1000,1000,1000,909,149.0.3993.0,999,991,1000,986,1000,1000,1000,1000,1000,863,1000,1000,1000,1000,984,1000,1000,1000,909,152.0a1,992,990,1000,920,1000,999,988,1000,1000,1000,1000,1000,1000,1000,935,1000,998,1000,1000,242 preview,994,999,1000,986,1000,957,964,1000,1000,988,1000,1000,1000,1000,988,1000,998,986,1000,-,990,973,1000,909,1000,957,956,1000,1000,863,1000,1000,1000,1000,919,1000,998,986,909
2026-05-02,149.0.7822.0,999,991,1000,992,1000,1000,1000,1000,1000,954,1000,1000,1000,1000,996,1000,1000,1000,909,149.0.3993.0,999,1000,1000,989,1000,1000,1000,1000,1000,863,1000,1000,1000,1000,984,1000,1000,1000,909,152.0a1,992,990,1000,917,1000,999,989,1000,1000,1000,1000,1000,1000,1000,935,1000,998,1000,909,242 preview,994,956,1000,981,1000,862,964,1000,1000,840,1000,1000,1000,1000,988,1000,998,974,1000,-,990,939,1000,904,1000,862,956,1000,1000,772,1000,1000,1000,1000,919,1000,998,974,818
2026-05-04,149.0.7826.0,999,991,1000,968,1000,1000,1000,1000,1000,954,1000,1000,1000,1000,996,1000,1000,1000,909,149.0.3993.0,999,1000,1000,962,1000,1000,1000,1000,1000,863,1000,1000,1000,1000,984,1000,1000,1000,909,152.0a1,992,990,1000,955,1000,999,989,1000,1000,1000,1000,1000,1000,1000,935,1000,998,1000,909,242 preview,994,999,1000,962,1000,957,964,1000,1000,988,1000,1000,1000,1000,988,1000,998,974,1000,-,990,981,1000,910,1000,957,956,1000,1000,863,1000,1000,1000,1000,919,1000,998,974,818
2026-05-05,149.0.7827.2,999,991,1000,968,1000,1000,1000,1000,1000,954,1000,1000,1000,1000,996,1000,1000,1000,909,149.0.3993.0,999,1000,1000,960,1000,1000,1000,1000,1000,863,1000,1000,1000,1000,988,1000,1000,1000,909,152.0a1,992,990,1000,952,1000,999,989,1000,1000,996,1000,1000,1000,1000,935,1000,998,1000,1000,242 preview,994,956,1000,962,1000,940,964,1000,1000,988,1000,1000,1000,1000,984,1000,998,974,1000,-,990,939,1000,904,1000,940,956,1000,1000,860,1000,1000,1000,1000,919,1000,998,974,909
2026-05-06,150.0.7828.0,999,991,1000,968,1000,1000,1000,1000,1000,954,1000,1000,1000,1000,996,1000,1000,1000,909,149.0.4009.0,999,1000,1000,962,1000,1000,1000,1000,1000,863,1000,1000,1000,1000,984,1000,1000,1000,909,152.0a1,992,990,1000,955,1000,999,989,1000,1000,996,1000,1000,1000,1000,935,1000,998,1000,1000,242 preview,994,948,1000,962,1000,933,964,1000,1000,920,978,1000,1000,1000,988,1000,998,986,1000,-,990,939,1000,910,1000,933,956,1000,1000,791,978,1000,1000,1000,919,1000,998,986,909
2026-05-07,150.0.7831.0,999,991,1000,968,1000,1000,1000,1000,1000,954,1000,1000,1000,1000,996,1000,1000,1000,909,149.0.4009.0,999,1000,1000,957,1000,1000,1000,1000,1000,863,1000,1000,1000,1000,988,1000,1000,1000,909,152.0a1,992,990,1000,955,1000,999,989,1000,1000,996,1000,1000,1000,1000,935,1000,998,1000,1000,243 preview,994,999,1000,962,1000,957,968,1000,1000,988,1000,1000,1000,1000,988,1000,998,974,1000,-,990,981,1000,904,1000,957,960,1000,1000,860,1000,1000,1000,1000,923,1000,998,974,909
2026-05-08,150.0.7832.0,999,991,1000,968,1000,1000,1000,1000,1000,954,1000,1000,1000,1000,996,1000,1000,1000,909,149.0.4009.0,999,1000,1000,962,1000,1000,1000,1000,1000,863,1000,1000,1000,1000,988,1000,1000,1000,818,152.0a1,992,990,1000,955,1000,999,989,1000,1000,996,1000,1000,1000,1000,935,1000,998,1000,1000,243 preview,994,956,1000,957,1000,862,968,1000,1000,840,1000,1000,1000,1000,988,1000,998,974,1000,-,990,939,1000,904,1000,862,960,1000,1000,769,1000,1000,1000,1000,923,1000,998,974,818
2026-05-09,150.0.7834.0,999,991,1000,968,1000,1000,1000,1000,1000,954,1000,1000,1000,1000,996,1000,1000,1000,909,149.0.4009.0,999,1000,1000,962,1000,1000,1000,1000,1000,863,1000,1000,1000,1000,988,1000,1000,1000,818,152.0a1,992,990,1000,955,1000,999,989,1000,1000,1000,1000,1000,1000,1000,935,1000,998,1000,1000,243 preview,994,999,1000,962,1000,957,968,1000,1000,988,1000,1000,1000,1000,988,1000,998,974,1000,-,990,981,1000,910,1000,957,960,1000,1000,863,1000,1000,1000,1000,923,1000,998,974,818
2026-05-10,150.0.7834.0,999,991,1000,968,1000,1000,1000,1000,1000,954,1000,1000,1000,1000,996,1000,1000,1000,909,149.0.4009.0,999,1000,1000,960,1000,1000,1000,1000,1000,863,1000,1000,1000,1000,988,1000,1000,1000,909,152.0a1,992,990,1000,955,1000,999,989,1000,1000,996,1000,1000,1000,1000,935,1000,998,1000,1000,243 preview,994,999,1000,962,1000,957,968,1000,1000,988,1000,1000,1000,1000,988,1000,998,974,1000,-,990,981,1000,907,1000,957,960,1000,1000,860,1000,1000,1000,1000,923,1000,998,974,909
2026-05-11,150.0.7834.0,999,982,1000,968,1000,1000,999,1000,1000,954,1000,1000,1000,1000,996,1000,1000,1000,909,149.0.4009.0,999,1000,1000,960,1000,1000,999,1000,1000,863,1000,1000,1000,1000,988,1000,1000,1000,818,152.0a1,992,990,1000,952,1000,999,989,1000,1000,996,1000,1000,1000,1000,935,1000,998,1000,1000,243 preview,994,939,1000,962,1000,897,968,1000,1000,909,1000,1000,1000,1000,980,1000,998,974,1000,-,990,913,1000,904,1000,897,960,1000,1000,803,1000,1000,1000,1000,916,1000,998,974,818
2026-05-12,150.0.7836.0,999,991,1000,965,1000,1000,999,1000,1000,954,1000,1000,1000,1000,996,1000,1000,1000,909,149.0.4009.0,999,1000,1000,960,1000,1000,999,1000,1000,863,1000,1000,1000,1000,988,1000,1000,1000,909,152.0a1,992,990,1000,952,1000,999,989,1000,1000,996,1000,1000,1000,1000,935,1000,998,1000,1000,243 preview,994,999,1000,960,1000,957,968,1000,1000,988,1000,1000,1000,1000,988,1000,998,974,1000,-,990,981,1000,904,1000,957,960,1000,1000,860,1000,1000,1000,1000,923,1000,998,974,909
2026-05-13,150.0.7838.0,999,991,1000,993,1000,1000,999,1000,1000,954,1000,1000,1000,1000,996,1000,1000,1000,909,149.0.4022.4,999,1000,1000,957,1000,976,999,1000,1000,863,1000,1000,1000,1000,984,1000,1000,1000,909,152.0a1,993,990,1000,955,1000,999,989,1000,1000,1000,1000,1000,1000,1000,935,1000,998,1000,1000,243 preview,994,999,1000,962,1000,957,968,1000,1000,988,1000,1000,1000,1000,988,1000,998,974,1000,-,991,981,1000,904,1000,945,960,1000,1000,863,1000,1000,1000,1000,919,1000,998,974,909
2026-05-14,150.0.7840.0,999,991,1000,993,1000,1000,999,1000,1000,954,1000,1000,1000,1000,996,1000,1000,1000,909,149.0.4022.4,999,1000,1000,952,1000,976,999,1000,1000,863,1000,1000,1000,1000,988,1000,1000,1000,909,152.0a1,993,990,1000,955,1000,999,989,1000,1000,996,1000,1000,1000,1000,935,1000,998,1000,1000,243 preview,994,999,1000,962,1000,957,968,1000,1000,988,1000,1000,1000,1000,988,1000,998,974,1000,-,991,981,1000,899,1000,933,960,1000,1000,860,1000,1000,1000,1000,923,1000,998,974,909
2026-05-15,150.0.7841.0,999,991,1000,993,1000,1000,999,1000,1000,954,1000,1000,1000,1000,996,1000,1000,1000,909,149.0.4022.8,999,1000,1000,962,1000,928,999,1000,1000,863,1000,1000,1000,1000,988,1000,1000,1000,909,152.0a1,993,990,1000,955,1000,999,989,1000,1000,996,1000,1000,1000,1000,935,1000,998,1000,1000,243 preview,994,999,1000,962,1000,957,968,1000,1000,988,1000,1000,1000,1000,988,1000,998,974,1000,-,991,981,1000,910,1000,891,960,1000,1000,860,1000,1000,1000,1000,923,1000,998,974,909
2026-05-16,150.0.7843.0,999,991,1000,993,1000,1000,999,1000,1000,954,1000,1000,1000,1000,996,1000,1000,1000,909,149.0.4022.8,999,1000,1000,962,1000,1000,999,1000,1000,863,1000,1000,1000,1000,988,1000,1000,1000,909,152.0a1,993,990,1000,955,1000,999,989,1000,1000,1000,1000,1000,1000,1000,935,1000,998,1000,1000,243 preview,994,999,1000,962,1000,957,968,1000,1000,988,1000,1000,1000,1000,988,1000,998,974,1000,-,991,981,1000,910,1000,957,960,1000,1000,863,1000,1000,1000,1000,923,1000,998,974,909
2026-05-17,150.0.7843.0,999,991,1000,993,1000,1000,999,1000,1000,954,1000,1000,1000,1000,996,1000,1000,1000,909,149.0.4022.8,999,1000,1000,962,1000,976,999,1000,1000,863,1000,1000,1000,1000,988,1000,1000,987,909,152.0a1,993,990,1000,955,1000,999,989,1000,1000,1000,1000,1000,1000,1000,935,1000,998,1000,1000,243 preview,994,956,1000,957,1000,862,968,1000,1000,840,1000,1000,1000,1000,988,1000,998,974,1000,-,991,939,1000,904,1000,862,960,1000,1000,772,1000,1000,1000,1000,923,1000,998,962,909
2026-05-18,150.0.7845.0,999,991,1000,993,1000,1000,999,1000,1000,954,1000,1000,1000,1000,996,1000,1000,1000,909,149.0.4022.8,999,1000,1000,960,1000,952,999,1000,1000,818,1000,1000,1000,1000,988,1000,1000,1000,909,152.0a1,993,990,1000,955,1000,999,989,1000,1000,996,1000,1000,1000,1000,935,1000,998,1000,1000,243 preview,994,905,1000,957,1000,838,968,1000,1000,772,978,1000,1000,1000,988,1000,998,974,1000,-,991,896,1000,902,1000,790,960,1000,1000,689,978,1000,1000,1000,923,1000,998,974,909
2026-05-19,150.0.7846.0,999,991,1000,993,1000,1000,999,1000,1000,954,1000,1000,1000,1000,996,1000,1000,1000,909,149.0.4022.8,999,1000,1000,962,1000,1000,999,1000,1000,863,1000,1000,1000,1000,988,1000,1000,1000,909,153.0a1,993,990,1000,955,1000,999,989,1000,1000,1000,1000,1000,1000,1000,935,1000,998,1000,1000,243 preview,994,999,1000,962,1000,814,968,1000,1000,958,1000,1000,1000,1000,988,1000,998,974,1000,-,991,981,1000,910,1000,814,960,1000,1000,833,1000,1000,1000,1000,923,1000,998,974,909
2026-05-20,150.0.7848.0,999,991,1000,991,1000,1000,999,1000,1000,954,1000,1000,1000,1000,996,1000,1000,1000,909,150.0.4041.0,999,1000,1000,988,1000,1000,999,1000,1000,863,1000,1000,1000,1000,988,1000,1000,1000,909,153.0a1,993,990,1000,957,1000,999,989,1000,1000,1000,1000,1000,1000,1000,935,1000,998,1000,1000,243 preview,994,999,1000,960,1000,957,968,1000,1000,954,1000,1000,1000,1000,988,1000,998,974,1000,-,991,981,1000,912,1000,957,960,1000,1000,829,1000,1000,1000,1000,923,1000,998,974,909
2026-05-21,150.0.7849.0,999,991,1000,991,1000,1000,999,1000,1000,954,1000,1000,1000,1000,996,1000,1000,1000,909,150.0.4041.0,999,1000,1000,988,1000,976,999,1000,1000,863,1000,1000,1000,1000,988,1000,1000,1000,909,153.0a1,993,990,1000,957,1000,999,989,1000,1000,1000,1000,1000,1000,1000,935,1000,998,1000,1000,243 preview,994,931,1000,955,1000,933,948,1000,991,954,956,1000,1000,1000,988,1000,998,974,1000,-,991,913,1000,907,1000,933,941,1000,991,829,956,1000,1000,1000,923,1000,998,974,909
2026-05-22,150.0.7852.0,999,991,1000,991,1000,1000,999,1000,1000,954,1000,1000,1000,1000,996,1000,1000,1000,909,150.0.4041.0,999,1000,1000,983,1000,1000,999,1000,1000,863,1000,1000,1000,1000,988,1000,1000,1000,909,153.0a1,993,990,1000,960,1000,999,989,1000,1000,1000,1000,1000,1000,1000,935,1000,998,1000,1000,244 preview,994,956,1000,955,1000,862,969,1000,1000,840,1000,1000,1000,1000,988,1000,998,974,1000,-,992,939,1000,902,1000,862,961,1000,1000,772,1000,1000,1000,1000,923,1000,998,974,909
2026-05-23,150.0.7853.0,999,991,1000,991,1000,1000,999,1000,1000,954,1000,1000,1000,1000,996,1000,1000,1000,909,150.0.4041.0,999,1000,1000,988,1000,1000,999,1000,1000,863,1000,1000,1000,1000,988,1000,1000,1000,909,153.0a1,993,990,1000,960,1000,999,989,1000,1000,996,1000,1000,1000,1000,935,1000,998,1000,1000,244 preview,994,999,1000,960,1000,957,969,1000,991,988,1000,1000,1000,1000,988,1000,998,974,1000,-,992,981,1000,912,1000,957,961,1000,991,860,1000,1000,1000,1000,923,1000,998,974,909
2026-05-24,150.0.7854.0,999,991,1000,991,1000,1000,999,1000,1000,954,1000,1000,1000,1000,996,1000,1000,1000,909,150.0.4041.0,999,1000,1000,986,1000,1000,999,1000,1000,863,1000,1000,1000,1000,988,1000,1000,1000,909,153.0a1,993,990,1000,960,1000,999,989,1000,1000,996,1000,1000,1000,1000,935,1000,998,1000,1000,244 preview,994,999,1000,960,1000,957,969,1000,1000,988,1000,1000,1000,1000,988,1000,998,974,1000,-,992,981,1000,912,1000,957,961,1000,1000,860,1000,1000,1000,1000,923,1000,998,974,909
2026-05-25,150.0.7857.0,999,991,1000,991,1000,1000,999,1000,1000,954,1000,1000,1000,1000,996,1000,1000,1000,909,150.0.4041.0,999,1000,1000,986,1000,1000,999,1000,1000,863,1000,1000,1000,1000,988,1000,1000,1000,909,153.0a1,993,990,1000,960,1000,999,989,1000,1000,1000,1000,1000,1000,1000,935,1000,998,1000,1000,244 preview,994,999,1000,960,1000,957,969,1000,1000,988,1000,1000,1000,1000,988,1000,998,974,1000,-,992,981,1000,910,1000,957,961,1000,1000,863,1000,1000,1000,1000,923,1000,998,974,909
2026-05-26,150.0.7858.0,999,991,1000,991,1000,1000,999,1000,1000,954,1000,1000,1000,1000,996,1000,1000,1000,909,150.0.4041.0,999,1000,1000,988,1000,1000,999,1000,1000,863,1000,1000,1000,1000,988,1000,1000,1000,909,153.0a1,993,990,1000,960,1000,999,989,1000,1000,996,1000,1000,1000,1000,935,1000,998,1000,1000,244 preview,994,999,1000,960,1000,957,969,1000,1000,988,1000,1000,1000,1000,988,1000,998,974,1000,-,992,981,1000,912,1000,957,961,1000,1000,860,1000,1000,1000,1000,923,1000,998,974,909
2026-05-27,150.0.7861.0,999,991,1000,991,1000,1000,999,1000,1000,954,1000,1000,1000,1000,996,1000,1000,1000,909,150.0.4041.0,999,1000,1000,988,1000,1000,999,1000,1000,863,1000,1000,1000,1000,988,1000,1000,1000,909,153.0a1,993,990,1000,960,1000,999,988,1000,1000,1000,1000,1000,1000,1000,935,1000,998,1000,1000,244 preview,994,999,1000,960,1000,957,969,1000,1000,988,1000,1000,1000,1000,988,1000,998,974,1000,-,992,981,1000,912,1000,957,961,1000,1000,863,1000,1000,1000,1000,923,1000,998,974,909
2026-06-02,150.0.7871.2,999,1000,1000,991,1000,999,1000,1000,1000,954,1000,1000,1000,1000,996,1000,1000,1000,905,150.0.4055.0,999,1000,1000,986,1000,999,999,1000,1000,863,1000,1000,1000,1000,988,1000,1000,1000,905,153.0a1,993,990,1000,965,1000,999,988,1000,1000,996,1000,1000,1000,1000,935,1000,998,1000,981,244 preview,994,999,1000,957,1000,957,969,1000,1000,988,1000,1000,1000,998,988,1000,998,974,970,-,992,990,1000,917,1000,957,961,1000,1000,860,1000,1000,1000,998,923,1000,998,974,880
2026-06-03,151.0.7872.0,999,1000,1000,991,1000,999,1000,1000,1000,954,1000,1000,1000,1000,996,1000,1000,1000,905,150.0.4055.0,999,1000,1000,983,1000,999,999,1000,1000,863,1000,1000,1000,1000,988,1000,1000,1000,905,153.0a1,993,990,1000,965,1000,999,988,1000,1000,996,1000,1000,1000,1000,935,1000,998,1000,981,244 preview,994,999,1000,957,1000,957,969,1000,1000,988,1000,1000,1000,998,988,1000,998,974,970,-,992,990,1000,917,1000,957,961,1000,1000,860,1000,1000,1000,998,923,1000,998,974,880
2026-06-04,151.0.7874.0,999,1000,1000,993,1000,999,1000,1000,1000,954,1000,1000,1000,1000,996,1000,1000,1000,905,150.0.4064.2,999,1000,1000,986,1000,999,999,1000,1000,863,1000,1000,1000,1000,988,1000,1000,1000,905,153.0a1,995,990,1000,965,1000,999,988,1000,1000,1000,1000,1000,1000,1000,935,1000,998,1000,981,244 preview,994,999,1000,957,1000,957,969,1000,1000,988,1000,1000,1000,998,988,1000,998,974,970,-,994,990,1000,917,1000,957,961,1000,1000,863,1000,1000,1000,998,923,1000,998,974,880
2026-06-05,151.0.7876.0,999,1000,1000,991,1000,999,1000,1000,1000,954,1000,1000,1000,1000,996,1000,1000,1000,905,150.0.4064.2,999,1000,1000,983,1000,999,999,1000,1000,863,1000,1000,1000,1000,988,1000,1000,1000,905,153.0a1,995,990,1000,965,1000,999,988,1000,1000,996,1000,1000,1000,1000,935,1000,998,1000,981,244 preview,994,956,1000,957,1000,940,969,1000,991,988,1000,1000,1000,998,984,1000,998,974,970,-,994,947,1000,912,1000,940,961,1000,991,860,1000,1000,1000,998,919,1000,998,974,880
2026-06-06,151.0.7877.0,999,1000,1000,993,1000,999,1000,1000,1000,954,1000,1000,1000,1000,996,1000,1000,1000,905,150.0.4064.2,999,991,1000,986,1000,976,999,1000,1000,863,1000,1000,1000,1000,988,1000,1000,1000,905,153.0a1,995,990,1000,965,1000,999,988,1000,1000,996,1000,1000,1000,1000,935,1000,998,1000,981,244 preview,994,948,1000,957,1000,933,969,1000,1000,920,978,1000,1000,998,988,1000,998,974,970,-,994,930,1000,917,1000,909,961,1000,1000,791,978,1000,1000,998,923,1000,998,974,880
2026-06-07,151.0.7879.0,999,1000,1000,993,1000,999,1000,1000,1000,954,1000,1000,1000,1000,996,1000,1000,1000,905,150.0.4064.2,999,1000,1000,980,1000,999,999,1000,1000,863,1000,1000,1000,1000,988,1000,1000,1000,905,153.0a1,995,990,1000,965,1000,999,988,1000,1000,1000,1000,1000,1000,1000,935,1000,998,1000,981,244 preview,994,974,1000,957,1000,909,969,1000,1000,844,1000,1000,1000,998,988,1000,992,974,970,-,994,964,1000,912,1000,909,961,1000,1000,719,1000,1000,1000,998,923,1000,992,974,880
2026-06-08,151.0.7881.0,999,1000,1000,993,1000,999,1000,1000,1000,954,1000,1000,1000,1000,996,1000,1000,1000,905,150.0.4064.2,999,1000,1000,986,1000,999,999,1000,1000,863,1000,1000,1000,1000,988,1000,1000,1000,905,153.0a1,995,990,1000,962,1000,999,988,1000,1000,1000,1000,1000,1000,1000,935,1000,998,1000,981,244 preview,994,999,1000,957,1000,957,969,1000,1000,988,1000,1000,1000,998,988,1000,998,974,970,-,994,990,1000,915,1000,957,961,1000,1000,863,1000,1000,1000,998,923,1000,998,974,880
2026-06-09,151.0.7884.0,999,1000,1000,993,1000,1000,1000,1000,1000,954,1000,1000,1000,1000,996,1000,1000,1000,905,150.0.4078.1,999,1000,1000,986,1000,999,1000,1000,1000,863,1000,1000,1000,1000,988,1000,1000,1000,905,153.0a1,995,990,1000,965,1000,999,988,1000,1000,1000,1000,1000,1000,1000,935,1000,998,1000,981,245 preview,994,948,1000,957,1000,933,969,1000,1000,920,978,1000,1000,998,988,1000,998,974,970,-,994,939,1000,917,1000,933,961,1000,1000,795,978,1000,1000,998,923,1000,998,974,880
2026-06-10,151.0.7884.0,999,1000,1000,993,1000,1000,1000,1000,1000,954,1000,1000,1000,1000,996,1000,1000,1000,905,150.0.4078.1,999,991,1000,983,1000,999,1000,1000,1000,863,1000,1000,1000,1000,988,1000,1000,1000,905,153.0a1,995,990,1000,965,1000,999,988,1000,1000,1000,1000,1000,1000,1000,935,1000,998,1000,981,245 preview,994,999,1000,957,1000,957,969,1000,1000,988,1000,1000,1000,998,988,1000,998,974,970,-,994,981,1000,915,1000,957,961,1000,1000,863,1000,1000,1000,998,923,1000,998,974,880
2026-06-11,151.0.7888.0,1000,1000,1000,996,1000,1000,1000,1000,1000,954,1000,1000,1000,1000,996,1000,1000,1000,814,150.0.4078.5,999,1000,1000,986,1000,999,1000,1000,1000,863,1000,1000,1000,1000,988,1000,1000,1000,905,153.0a1,995,990,1000,965,1000,999,988,1000,1000,1000,1000,1000,1000,1000,935,1000,998,1000,981,245 preview,994,999,1000,957,1000,957,969,1000,1000,988,1000,1000,1000,998,984,1000,998,974,970,-,994,990,1000,917,1000,957,961,1000,1000,863,1000,1000,1000,998,919,1000,998,974,789
2026-06-12,151.0.7889.0,1000,1000,1000,996,1000,1000,1000,1000,1000,954,1000,1000,1000,333,996,1000,1000,1000,905,150.0.4078.5,999,1000,1000,986,1000,999,1000,1000,1000,863,1000,1000,1000,333,988,1000,1000,1000,905,153.0a1,995,990,1000,962,1000,999,988,1000,1000,1000,1000,1000,1000,1000,935,1000,998,1000,981,245 preview,994,956,1000,952,1000,861,969,1000,1000,840,1000,1000,1000,998,988,1000,998,974,970,-,994,947,1000,910,1000,861,961,1000,1000,772,1000,1000,1000,333,923,1000,998,974,880
2026-06-13,151.0.7891.0,1000,1000,1000,996,1000,1000,1000,1000,1000,954,1000,1000,1000,1000,996,1000,1000,1000,905,150.0.4078.5,999,1000,1000,986,1000,999,1000,1000,1000,863,1000,1000,1000,333,988,1000,1000,1000,905,153.0a1,995,990,1000,965,1000,999,988,1000,1000,1000,1000,1000,1000,1000,935,1000,998,1000,981,245 preview,994,956,1000,957,1000,957,969,1000,991,988,978,1000,965,998,984,1000,998,974,970,-,994,947,1000,917,1000,957,961,1000,991,863,978,1000,965,333,923,1000,998,974,880
2026-06-14,151.0.7891.0,1000,1000,1000,996,1000,1000,1000,1000,1000,954,1000,1000,1000,1000,996,1000,1000,1000,905,150.0.4078.5,999,991,1000,986,1000,999,1000,1000,1000,863,1000,1000,1000,333,988,1000,1000,1000,905,153.0a1,995,990,1000,965,1000,999,988,1000,1000,1000,1000,1000,1000,1000,935,1000,998,1000,981,245 preview,994,999,1000,957,1000,814,969,1000,1000,958,1000,1000,1000,998,988,1000,998,974,970,-,994,981,1000,917,1000,814,961,1000,1000,833,1000,1000,1000,333,923,1000,998,974,880
2026-06-15,151.0.7893.0,1000,1000,1000,996,1000,1000,1000,1000,1000,954,1000,1000,1000,1000,996,1000,1000,1000,905,150.0.4078.5,999,1000,1000,986,1000,999,1000,1000,1000,863,1000,1000,1000,333,988,1000,1000,1000,905,153.0a1,995,990,1000,965,1000,999,988,1000,1000,1000,1000,1000,1000,1000,935,1000,998,1000,981,245 preview,990,948,1000,957,1000,933,969,1000,1000,920,978,1000,965,998,988,1000,998,974,970,-,989,939,1000,917,1000,933,961,1000,1000,795,978,1000,965,333,923,1000,998,974,880
2026-06-16,151.0.7894.2,1000,1000,1000,996,1000,1000,1000,1000,1000,954,1000,1000,1000,1000,996,1000,1000,1000,905,151.0.4091.0,999,1000,1000,988,1000,1000,1000,1000,1000,863,1000,1000,1000,333,988,1000,1000,1000,905,154.0a1,995,990,1000,962,1000,999,988,1000,1000,1000,1000,1000,1000,1000,935,1000,998,1000,981,245 preview,994,999,1000,957,1000,957,969,1000,1000,988,1000,1000,1000,998,988,1000,998,974,970,-,994,990,1000,915,1000,957,961,1000,1000,863,1000,1000,1000,333,923,1000,998,974,880
2026-06-17,151.0.7897.0,1000,1000,1000,996,1000,1000,1000,1000,1000,954,1000,1000,1000,1000,996,1000,1000,1000,905,151.0.4091.0,999,1000,1000,986,1000,1000,1000,1000,1000,863,1000,1000,1000,333,988,1000,1000,1000,905,154.0a1,995,990,1000,965,1000,999,988,1000,1000,1000,1000,1000,1000,1000,935,1000,998,1000,981,245 preview,994,999,1000,957,1000,957,969,1000,1000,988,1000,1000,1000,998,988,1000,998,974,970,-,994,990,1000,915,1000,957,961,1000,1000,863,1000,1000,1000,333,923,1000,998,974,880
2026-06-24,151.0.7910.0,1000,1000,1000,996,1000,1000,1000,1000,1000,954,1000,1000,1000,1000,996,1000,1000,1000,905,151.0.4105.0,1000,991,1000,988,1000,1000,1000,1000,1000,863,1000,1000,1000,1000,988,1000,1000,1000,905,154.0a1,995,990,1000,962,1000,999,988,1000,1000,996,1000,1000,1000,1000,931,1000,998,1000,981,246 preview,994,999,1000,957,1000,957,970,1000,1000,988,1000,1000,1000,1000,988,1000,998,974,970,-,994,981,1000,912,1000,957,962,1000,1000,860,1000,1000,1000,1000,919,1000,998,974,880
2026-06-25,151.0.7913.0,1000,1000,1000,993,1000,1000,1000,1000,1000,954,1000,1000,1000,1000,996,1000,1000,1000,814,151.0.4105.0,1000,1000,1000,991,1000,1000,1000,1000,1000,863,1000,1000,1000,1000,988,1000,1000,1000,905,154.0a1,995,990,1000,962,1000,999,988,1000,1000,996,1000,1000,1000,1000,931,1000,998,1000,981,246 preview,994,999,1000,957,1000,957,970,1000,1000,988,1000,1000,1000,1000,988,1000,998,974,970,-,994,990,1000,912,1000,957,962,1000,1000,860,1000,1000,1000,1000,919,1000,998,974,789
2026-06-26,151.0.7915.0,1000,1000,1000,996,1000,1000,1000,1000,1000,954,1000,1000,1000,1000,996,1000,1000,1000,814,151.0.4105.0,1000,1000,1000,988,1000,1000,1000,1000,1000,863,1000,1000,1000,1000,988,1000,1000,1000,905,154.0a1,995,990,1000,965,1000,999,988,1000,1000,996,1000,1000,1000,1000,935,1000,998,1000,981,246 preview,994,974,1000,957,1000,909,970,1000,1000,844,1000,1000,1000,1000,988,1000,992,974,970,-,994,964,1000,915,1000,909,962,1000,1000,719,1000,1000,1000,1000,923,1000,992,974,789
2026-06-27,151.0.7917.0,1000,1000,1000,996,1000,1000,1000,1000,1000,954,1000,1000,1000,1000,996,1000,1000,1000,905,151.0.4105.0,1000,1000,1000,991,1000,1000,1000,1000,1000,863,1000,1000,1000,1000,988,1000,1000,1000,905,154.0a1,995,990,1000,968,1000,999,988,1000,1000,996,1000,1000,1000,1000,935,1000,998,1000,981,246 preview,994,956,1000,955,1000,916,970,1000,1000,954,956,1000,1000,1000,984,1000,998,974,970,-,994,947,1000,917,1000,916,962,1000,1000,826,956,1000,1000,1000,919,1000,998,974,880
2026-06-28,151.0.7918.0,1000,1000,1000,996,1000,1000,1000,1000,1000,954,1000,1000,1000,1000,996,1000,1000,1000,814,151.0.4105.0,1000,1000,1000,988,1000,1000,1000,1000,1000,863,1000,1000,1000,1000,988,1000,1000,1000,905,154.0a1,995,990,1000,968,1000,999,988,1000,1000,1000,1000,1000,1000,1000,935,1000,998,1000,981,246 preview,994,999,1000,957,1000,957,970,1000,1000,988,1000,1000,1000,1000,988,1000,998,974,970,-,994,990,1000,917,1000,957,962,1000,1000,863,1000,1000,1000,1000,923,1000,998,974,789
2026-06-29,151.0.7920.0,1000,1000,1000,993,1000,1000,1000,1000,1000,954,1000,1000,1000,1000,996,1000,1000,1000,905,151.0.4105.0,1000,1000,1000,988,1000,1000,1000,1000,1000,863,1000,1000,1000,1000,988,1000,1000,1000,905,154.0a1,995,990,1000,965,1000,999,988,1000,1000,1000,1000,1000,1000,1000,931,1000,998,1000,981,246 preview,994,999,1000,957,1000,957,970,1000,1000,988,1000,1000,1000,1000,988,1000,998,974,970,-,994,990,1000,912,1000,957,962,1000,1000,863,1000,1000,1000,1000,919,1000,998,974,880
2026-06-30,151.0.7922.3,1000,1000,1000,996,1000,1000,1000,1000,1000,954,1000,1000,1000,1000,996,1000,1000,1000,905,151.0.4119.1,1000,1000,1000,991,1000,1000,1000,1000,1000,863,1000,1000,1000,1000,988,1000,1000,1000,905,154.0a1,995,990,1000,968,1000,999,988,1000,1000,1000,1000,1000,1000,1000,935,1000,998,1000,981,246 preview,994,948,1000,957,1000,933,970,1000,1000,920,978,1000,1000,1000,988,1000,998,974,970,-,994,939,1000,920,1000,933,962,1000,1000,795,978,1000,1000,1000,923,1000,998,974,880
2026-07-01,152.0.7923.0,1000,1000,1000,993,1000,1000,1000,1000,1000,954,1000,1000,1000,1000,996,1000,1000,1000,905,151.0.4119.1,1000,1000,1000,988,1000,1000,1000,1000,1000,863,1000,1000,1000,1000,988,1000,1000,1000,905,154.0a1,995,990,1000,968,1000,999,988,1000,1000,1000,1000,1000,1000,1000,931,1000,998,1000,981,246 preview,994,999,1000,955,1000,933,970,1000,1000,954,956,1000,1000,1000,988,1000,998,974,970,-,994,990,1000,915,1000,933,962,1000,1000,829,956,1000,1000,1000,919,1000,998,974,880
2026-07-02,152.0.7924.0,1000,1000,1000,996,1000,1000,1000,1000,1000,954,1000,1000,1000,1000,996,1000,1000,1000,905,151.0.4119.1,1000,1000,1000,988,1000,1000,1000,1000,1000,863,1000,1000,1000,1000,988,1000,1000,1000,905,154.0a1,995,990,1000,965,1000,999,988,1000,1000,1000,1000,1000,1000,1000,935,1000,998,1000,981,247 preview,994,991,1000,941,985,957,969,1000,1000,988,1000,1000,1000,1000,988,1000,998,974,970,-,994,981,1000,899,985,957,962,1000,1000,863,1000,1000,1000,1000,923,1000,998,974,880
2026-07-03,152.0.7929.0,1000,1000,1000,993,1000,1000,1000,1000,1000,954,1000,1000,1000,1000,996,1000,1000,1000,905,151.0.4119.1,1000,1000,1000,988,1000,1000,1000,1000,1000,863,1000,1000,1000,1000,988,1000,1000,1000,905,154.0a1,1000,990,1000,968,1000,999,988,1000,1000,1000,1000,1000,1000,1000,931,1000,998,1000,981,247 preview,994,982,1000,939,1000,957,969,1000,1000,988,1000,1000,1000,1000,988,1000,998,974,970,-,994,973,1000,896,1000,957,962,1000,1000,863,1000,1000,1000,1000,919,1000,998,974,880
2026-07-07,152.0.7937.0,1000,1000,1000,996,1000,1000,1000,1000,1000,954,1000,1000,1000,1000,996,1000,1000,1000,905,151.0.4129.8,1000,991,1000,983,1000,1000,1000,1000,1000,863,1000,1000,1000,1000,988,1000,1000,1000,905,154.0a1,1000,990,1000,968,1000,999,988,1000,1000,1000,1000,1000,1000,1000,931,1000,998,1000,981,247 preview,994,991,1000,936,1000,957,969,1000,1000,988,1000,1000,1000,1000,988,1000,998,974,970,-,994,973,1000,891,1000,957,962,1000,1000,863,1000,1000,1000,1000,919,1000,998,974,880
2026-07-08,152.0.7939.0,1000,1000,1000,996,1000,1000,1000,1000,1000,954,1000,1000,1000,1000,996,1000,1000,1000,905,151.0.4129.8,1000,991,1000,983,1000,1000,1000,1000,1000,863,1000,1000,1000,1000,988,1000,1000,1000,905,154.0a1,1000,990,1000,968,1000,999,988,1000,1000,996,1000,1000,1000,1000,935,1000,998,1000,981,247 preview,994,982,1000,939,1000,957,969,1000,1000,988,1000,1000,1000,1000,988,1000,998,974,970,-,994,964,1000,894,1000,957,962,1000,1000,860,1000,1000,1000,1000,923,1000,998,974,880
2026-07-09,152.0.7941.0,1000,1000,1000,997,1000,1000,1000,1000,1000,954,1000,1000,1000,1000,996,1000,1000,1000,887,151.0.4129.8,1000,991,1000,988,1000,1000,1000,1000,1000,863,1000,1000,1000,1000,988,1000,1000,1000,905,154.0a1,1000,990,1000,965,1000,999,988,1000,1000,1000,1000,1000,1000,1000,931,1000,998,1000,981,247 preview,994,948,1000,931,1000,861,969,1000,1000,840,1000,1000,1000,1000,988,1000,998,974,970,-,994,930,1000,888,1000,861,962,1000,1000,772,1000,1000,1000,1000,919,1000,998,974,861
2026-07-10,152.0.7942.0,1000,1000,1000,997,1000,1000,1000,1000,1000,954,1000,1000,1000,1000,996,1000,1000,1000,905,151.0.4129.8,1000,991,1000,988,1000,1000,1000,1000,1000,818,1000,1000,1000,1000,988,1000,1000,1000,905,154.0a1,1000,990,1000,968,1000,999,988,1000,1000,1000,1000,1000,1000,1000,935,1000,998,1000,981,247 preview,994,948,1000,939,1000,940,969,1000,1000,988,1000,1000,1000,1000,984,1000,998,974,970,-,994,930,1000,899,1000,940,962,1000,1000,818,1000,1000,1000,1000,919,1000,998,974,880
2026-07-12,152.0.7946.0,1000,1000,1000,997,1000,1000,1000,1000,1000,954,1000,1000,1000,1000,996,1000,1000,1000,905,151.0.4129.8,1000,991,1000,983,1000,976,1000,1000,1000,863,1000,1000,1000,1000,988,1000,1000,1000,905,154.0a1,1000,990,1000,968,1000,999,988,1000,1000,1000,1000,1000,1000,1000,935,1000,998,1000,981,247 preview,994,999,1000,939,985,957,969,1000,1000,988,1000,1000,1000,1000,984,1000,998,974,970,-,994,981,1000,894,985,933,962,1000,1000,863,1000,1000,1000,1000,919,1000,998,974,880
2026-07-13,152.0.7947.0,1000,1000,1000,997,1000,1000,1000,1000,1000,954,1000,1000,1000,1000,996,1000,1000,1000,905,151.0.4129.21,1000,991,1000,983,1000,1000,1000,1000,1000,863,1000,1000,1000,1000,988,1000,1000,1000,814,154.0a1,1000,990,1000,968,1000,999,988,1000,1000,1000,1000,1000,1000,1000,935,1000,998,1000,981,247 preview,994,999,1000,936,1000,957,969,1000,991,988,1000,1000,1000,1000,988,1000,998,974,970,-,994,981,1000,891,1000,957,962,1000,991,863,1000,1000,1000,1000,923,1000,998,974,789
2026-07-14,152.0.7948.0,1000,1000,1000,997,1000,1000,1000,1000,1000,954,1000,1000,1000,1000,996,1000,1000,1000,905,151.0.4129.21,1000,991,1000,986,1000,1000,1000,1000,1000,863,1000,1000,1000,1000,988,1000,1000,1000,905,154.0a1,1000,990,1000,968,1000,999,988,1000,1000,1000,1000,1000,1000,1000,935,1000,998,1000,981,247 preview,994,982,1000,936,985,933,969,1000,1000,954,956,1000,1000,1000,988,1000,998,974,970,-,994,964,1000,894,985,933,962,1000,1000,829,956,1000,1000,1000,923,1000,998,974,880
2026-07-15,152.0.7952.0,1000,1000,962,994,1000,1000,1000,1000,1000,954,1000,1000,1000,1000,996,1000,1000,1000,905,152.0.4148.0,1000,991,962,986,1000,1000,1000,1000,1000,863,1000,1000,1000,1000,988,1000,1000,987,905,154.0a1,1000,990,962,965,1000,999,988,1000,1000,1000,1000,1000,1000,1000,931,1000,998,1000,981,247 preview,994,999,962,939,1000,957,969,1000,1000,988,1000,1000,1000,1000,988,1000,998,986,970,-,994,981,962,891,1000,957,962,1000,1000,863,1000,1000,1000,1000,919,1000,998,974,880
2026-07-16,152.0.7954.0,1000,991,962,997,1000,1000,1000,1000,1000,954,1000,1000,1000,1000,996,1000,1000,1000,905,152.0.4148.0,1000,991,962,988,1000,1000,1000,1000,1000,863,1000,1000,1000,1000,988,1000,1000,1000,905,154.0a1,1000,990,962,962,1000,999,988,1000,1000,1000,1000,1000,1000,1000,935,1000,998,1000,981,247 preview,994,999,962,941,1000,957,969,1000,1000,988,1000,1000,1000,1000,988,1000,998,986,970,-,994,973,962,896,1000,957,962,1000,1000,863,1000,1000,1000,1000,923,1000,998,986,880
2026-07-17,152.0.7955.0,1000,1000,962,997,1000,1000,1000,1000,1000,954,1000,1000,1000,1000,996,1000,1000,1000,905,152.0.4148.0,1000,991,962,988,1000,1000,1000,1000,1000,863,1000,1000,1000,1000,988,1000,1000,1000,905,154.0a1,1000,990,962,962,1000,999,988,1000,1000,1000,1000,1000,1000,1000,935,1000,998,1000,981,247 preview,994,991,962,939,1000,957,969,1000,1000,988,1000,1000,1000,1000,988,1000,998,974,970,-,994,973,962,894,1000,957,962,1000,1000,863,1000,1000,1000,1000,923,1000,998,974,880
2026-07-18,152.0.7957.0,1000,1000,962,997,1000,1000,1000,1000,1000,954,1000,1000,1000,1000,996,1000,1000,1000,905,152.0.4148.0,1000,991,962,988,1000,1000,1000,1000,1000,863,1000,1000,1000,1000,988,1000,1000,1000,905,154.0a1,1000,990,962,962,1000,999,988,1000,1000,996,1000,1000,1000,1000,935,1000,998,1000,981,247 preview,994,991,962,941,1000,885,969,1000,1000,954,1000,1000,1000,1000,988,1000,998,986,970,-,994,973,962,896,1000,885,962,1000,1000,826,1000,1000,1000,1000,923,1000,998,986,880
2026-07-19,152.0.7959.0,1000,991,962,997,1000,1000,1000,1000,1000,954,1000,1000,1000,1000,996,1000,1000,1000,905,152.0.4148.0,1000,991,962,988,1000,1000,1000,1000,1000,863,1000,1000,1000,1000,988,1000,1000,1000,905,154.0a1,1000,990,962,962,1000,999,988,1000,1000,996,1000,1000,1000,1000,931,1000,998,1000,981,247 preview,994,991,962,936,1000,957,969,1000,1000,988,1000,1000,1000,1000,988,1000,998,974,970,-,994,964,962,891,1000,957,962,1000,1000,860,1000,1000,1000,1000,919,1000,998,974,880
2026-07-20,152.0.7962.0,1000,1000,962,997,1000,1000,1000,1000,1000,954,1000,1000,1000,1000,996,1000,1000,1000,905,152.0.4148.0,1000,991,962,988,1000,1000,1000,1000,1000,863,1000,1000,1000,1000,988,1000,1000,1000,905,154.0a1,1000,990,962,965,1000,999,988,1000,1000,1000,1000,1000,1000,1000,935,1000,998,1000,981,247 preview,994,939,962,936,1000,957,969,1000,1000,988,978,1000,1000,1000,988,1000,998,974,970,-,994,921,962,894,1000,957,962,1000,1000,863,978,1000,1000,1000,923,1000,998,974,880
2026-07-21,152.0.7964.0,1000,991,962,997,1000,1000,1000,1000,1000,954,1000,1000,1000,1000,996,1000,1000,1000,905,152.0.4148.0,1000,991,962,986,1000,1000,1000,1000,1000,863,1000,1000,1000,1000,988,1000,1000,1000,905,155.0a1,1000,990,962,962,1000,999,988,1000,1000,1000,1000,1000,1000,1000,935,1000,998,1000,981,247 preview,994,991,962,936,1000,957,969,1000,1000,988,1000,1000,1000,1000,988,1000,998,986,970,-,994,964,962,888,1000,957,962,1000,1000,863,1000,1000,1000,1000,923,1000,998,986,880
2026-07-22,152.0.7966.0,1000,1000,962,997,1000,1000,1000,1000,1000,954,1000,1000,1000,1000,996,1000,1000,1000,905,152.0.4167.0,1000,991,962,989,1000,1000,1000,1000,1000,863,1000,1000,1000,1000,988,1000,1000,1000,905,155.0a1,1000,990,962,965,1000,999,988,1000,1000,1000,1000,1000,1000,1000,935,1000,998,1000,981,248 preview,994,897,962,941,1000,857,969,1000,1000,860,978,1000,965,1000,984,1000,992,986,970,-,994,879,962,899,1000,857,962,1000,1000,780,978,1000,965,1000,919,1000,992,986,880
2026-07-23,152.0.7968.0,1000,991,962,997,1000,1000,1000,1000,1000,954,1000,1000,1000,1000,996,1000,1000,1000,905,152.0.4167.0,1000,991,962,986,1000,1000,998,1000,1000,863,1000,1000,1000,1000,988,1000,1000,1000,905,155.0a1,1000,990,962,962,1000,999,988,1000,1000,1000,1000,1000,1000,1000,931,1000,998,1000,981,248 preview,994,897,962,928,985,552,969,1000,991,821,978,1000,1000,1000,984,1000,998,986,970,-,994,870,962,880,985,552,960,1000,991,708,978,1000,1000,1000,919,1000,998,986,880
2026-07-24,152.0.7970.0,1000,991,962,997,1000,1000,1000,1000,1000,954,1000,1000,1000,1000,996,1000,1000,1000,814,152.0.4167.0,1000,991,962,989,1000,1000,1000,1000,1000,863,1000,1000,1000,1000,988,1000,1000,1000,905,155.0a1,1000,990,962,960,1000,999,988,1000,1000,1000,1000,1000,1000,1000,935,1000,998,1000,981,248 preview,994,939,962,936,1000,921,969,1000,1000,988,1000,1000,965,1000,988,1000,998,986,970,-,994,913,962,888,1000,921,962,1000,1000,863,1000,1000,965,1000,923,1000,998,986,789
2026-07-25,152.0.7970.0,1000,1000,962,997,1000,1000,1000,1000,1000,954,1000,1000,1000,1000,996,1000,1000,1000,905,152.0.4167.0,1000,991,962,989,1000,1000,1000,1000,1000,863,1000,1000,1000,1000,988,1000,1000,1000,905,155.0a1,1000,990,962,965,1000,999,988,1000,1000,1000,1000,1000,1000,1000,931,1000,998,1000,981,248 preview,994,999,962,933,1000,957,969,1000,1000,988,1000,1000,1000,1000,988,1000,998,986,970,-,994,981,962,894,1000,957,962,1000,1000,863,1000,1000,1000,1000,919,1000,998,986,880
2026-07-29,153.0.7978.0,1000,991,962,997,1000,1000,1000,1000,1000,954,1000,1000,1000,1000,996,1000,1000,1000,905,152.0.4167.0,1000,991,962,989,1000,976,1000,1000,1000,818,1000,1000,1000,1000,988,1000,1000,1000,905,155.0a1,1000,990,962,965,1000,999,988,1000,1000,996,1000,1000,1000,1000,935,1000,998,1000,981,248 preview,994,999,962,939,1000,957,969,1000,1000,988,1000,1000,1000,1000,988,1000,998,986,970,-,994,973,962,896,1000,933,962,1000,1000,814,1000,1000,1000,1000,923,1000,998,986,880
2026-07-30,153.0.7980.0,1000,1000,962,997,1000,1000,1000,1000,1000,954,1000,1000,1000,1000,996,1000,1000,1000,905,152.0.4181.1,1000,991,962,986,1000,1000,1000,1000,1000,863,1000,1000,1000,1000,984,1000,1000,1000,905,155.0a1,1000,990,962,965,1000,999,988,1000,1000,996,1000,1000,1000,1000,935,1000,998,1000,981,249 preview,994,999,962,968,1000,957,969,1000,982,988,1000,1000,1000,1000,988,1000,998,986,970,-,994,981,962,923,1000,957,962,1000,982,860,1000,1000,1000,1000,919,1000,998,986,880
2026-07-31,153.0.7983.0,1000,1000,962,997,1000,1000,1000,1000,1000,954,1000,1000,1000,1000,996,1000,1000,1000,905,152.0.4181.1,1000,991,962,989,1000,1000,1000,1000,1000,863,1000,1000,1000,1000,988,1000,1000,1000,905,155.0a1,1000,990,1000,965,1000,999,988,1000,1000,996,1000,1000,1000,1000,931,1000,998,1000,981,249 preview,994,956,962,968,985,957,969,1000,1000,988,978,1000,1000,1000,988,1000,998,986,970,-,994,939,962,925,985,957,962,1000,1000,860,978,1000,1000,1000,919,1000,998,986,880
2026-08-02,153.0.7986.0,1000,1000,962,997,1000,1000,1000,1000,1000,954,1000,1000,1000,1000,996,1000,1000,1000,905,152.0.4181.1,1000,991,962,989,1000,1000,1000,1000,1000,863,1000,1000,1000,1000,988,1000,1000,1000,905,155.0a1,1000,990,1000,962,1000,999,988,1000,1000,996,1000,1000,1000,1000,935,1000,998,1000,981,249 preview,994,982,962,965,1000,957,969,1000,1000,988,1000,1000,1000,1000,988,1000,998,986,970,-,994,964,962,920,1000,957,962,1000,1000,860,1000,1000,1000,1000,923,1000,998,986,880
2026-08-03,153.0.7989.0,1000,1000,962,997,1000,1000,1000,1000,1000,954,1000,1000,1000,1000,996,1000,1000,1000,905,152.0.4181.1,1000,991,962,989,1000,1000,1000,1000,1000,818,1000,1000,1000,1000,988,1000,1000,1000,905,155.0a1,1000,990,1000,965,1000,999,988,1000,1000,996,1000,1000,1000,1000,935,1000,998,1000,981,249 preview,994,982,962,965,1000,957,969,1000,1000,988,1000,1000,1000,1000,988,1000,998,986,970,-,994,964,962,923,1000,957,962,1000,1000,814,1000,1000,1000,1000,923,1000,998,986,880
2026-08-04,153.0.7991.0,1000,1000,962,997,1000,1000,1000,1000,1000,954,1000,1000,1000,1000,996,1000,1000,1000,905,152.0.4181.1,1000,991,962,989,1000,1000,1000,1000,1000,863,1000,1000,1000,1000,988,1000,1000,1000,905,155.0a1,1000,990,1000,965,1000,999,988,1000,1000,1000,1000,1000,1000,1000,935,1000,998,1000,981,249 preview,994,999,962,968,1000,957,969,1000,1000,988,1000,1000,1000,1000,988,1000,998,986,970,-,994,981,962,925,1000,957,962,1000,1000,863,1000,1000,1000,1000,923,1000,998,986,880
2026-08-05,153.0.7992.0,1000,1000,962,997,1000,1000,1000,1000,1000,954,1000,1000,1000,1000,996,1000,1000,1000,905,152.0.4191.7,1000,991,962,989,1000,1000,1000,1000,1000,863,1000,1000,1000,1000,988,1000,1000,1000,905,155.0a1,1000,990,1000,965,1000,999,988,1000,1000,996,1000,1000,1000,1000,935,1000,998,1000,981,249 preview,994,991,962,970,1000,957,969,1000,1000,988,1000,1000,1000,1000,988,1000,998,986,970,-,994,973,962,928,1000,957,962,1000,1000,860,1000,1000,1000,1000,923,1000,998,986,880
2026-08-06,153.0.7992.0,1000,1000,962,994,1000,1000,1000,1000,1000,954,1000,1000,1000,1000,996,1000,1000,1000,905,152.0.4191.7,1000,991,962,989,1000,1000,1000,1000,1000,863,1000,1000,1000,1000,988,1000,1000,1000,905,155.0a1,1000,990,1000,962,1000,999,988,1000,1000,996,1000,1000,1000,1000,935,1000,998,1000,981,249 preview,994,999,962,965,1000,957,969,1000,1000,988,1000,1000,1000,1000,988,1000,998,986,970,-,994,981,962,920,1000,957,962,1000,1000,860,1000,1000,1000,1000,923,1000,998,986,880
2026-08-11,153.0.8000.0,1000,1000,962,997,1000,1000,1000,1000,1000,954,1000,1000,1000,1000,996,1000,1000,1000,905,152.0.4191.10,1000,991,962,989,1000,1000,1000,1000,1000,863,1000,1000,1000,1000,988,1000,1000,1000,905,155.0a1,1000,990,1000,965,1000,999,988,1000,1000,1000,1000,1000,1000,1000,935,1000,998,1000,981,249 preview,994,999,962,970,1000,957,969,1000,1000,988,1000,1000,997,1000,988,1000,998,986,970,-,994,981,962,928,1000,957,962,1000,1000,863,1000,1000,997,1000,923,1000,998,986,880
2026-08-12,153.0.8002.0,1000,1000,962,997,1000,1000,1000,1000,1000,954,1000,1000,1000,1000,996,1000,1000,1000,905,153.0.4210.0,1000,991,962,986,1000,1000,1000,1000,1000,863,1000,1000,1000,1000,988,1000,1000,1000,905,155.0a1,1000,990,1000,965,1000,999,988,1000,1000,1000,1000,1000,965,1000,935,1000,998,1000,981,249 preview,994,991,962,967,1000,957,969,1000,1000,988,1000,1000,997,1000,988,1000,998,986,970,-,994,973,962,922,1000,957,962,1000,1000,863,1000,1000,962,1000,923,1000,998,986,880
2026-08-13,153.0.8005.0,1000,991,962,994,1000,1000,1000,1000,1000,954,1000,1000,1000,1000,996,1000,1000,1000,905,153.0.4210.0,1000,991,962,989,1000,1000,1000,1000,1000,863,1000,1000,1000,1000,988,1000,1000,1000,905,155.0a1,1000,990,1000,965,1000,999,988,1000,1000,996,1000,1000,965,1000,935,1000,998,1000,981,249 preview,994,965,962,965,1000,838,969,1000,1000,931,1000,1000,997,1000,984,1000,998,986,970,-,994,939,962,923,1000,838,962,1000,1000,814,1000,1000,962,1000,923,1000,998,986,880
2026-08-14,153.0.8006.0,1000,1000,962,997,1000,1000,1000,1000,1000,954,1000,1000,1000,1000,996,1000,1000,1000,905,153.0.4210.0,1000,991,929,989,1000,1000,1000,1000,1000,818,1000,1000,1000,1000,988,1000,1000,1000,905,156.0a1,1000,990,1000,965,1000,999,988,1000,1000,1000,1000,1000,965,1000,935,1000,998,1000,981,250 preview,994,999,962,962,1000,957,969,1000,1000,988,1000,1000,997,1000,988,1000,998,999,970,-,994,981,929,923,1000,957,962,1000,1000,818,1000,1000,962,1000,923,1000,998,999,880
2026-08-18,153.0.8009.0,1000,1000,962,997,1000,1000,1000,1000,1000,954,1000,1000,1000,1000,1000,1000,1000,1000,905,153.0.4210.0,1000,991,962,989,1000,1000,1000,1000,1000,863,1000,1000,1000,1000,992,1000,1000,1000,905,156.0a1,1000,990,1000,962,1000,999,988,1000,1000,996,1000,1000,965,1000,935,1000,998,1000,981,250 preview,994,999,962,968,1000,957,969,1000,1000,988,1000,1000,997,1000,996,1000,998,999,970,-,994,981,962,923,1000,957,962,1000,1000,860,1000,1000,962,1000,923,1000,998,999,880
2026-08-19,153.0.8010.2,1000,1000,962,997,1000,1000,1000,1000,1000,954,1000,1000,1000,1000,1000,1000,1000,1000,905,153.0.4224.0,1000,991,962,989,1000,1000,1000,1000,1000,863,1000,1000,1000,1000,992,1000,1000,1000,905,156.0a1,1000,990,1000,962,1000,999,988,1000,1000,1000,1000,1000,965,1000,939,1000,998,1000,981,250 preview,994,991,962,965,1000,957,969,1000,1000,988,1000,1000,997,1000,996,1000,998,999,970,-,994,973,962,920,1000,957,962,1000,1000,863,1000,1000,962,1000,927,1000,998,999,880
2026-08-20,154.0.8012.2,1000,1000,962,997,1000,1000,1000,1000,1000,954,1000,1000,1000,1000,1000,1000,1000,1000,905,153.0.4224.0,1000,991,962,989,1000,1000,1000,1000,1000,818,1000,1000,1000,1000,992,1000,1000,1000,905,156.0a1,1000,990,1000,962,1000,999,988,1000,1000,1000,1000,1000,965,1000,935,1000,998,1000,981,250 preview,994,982,962,968,1000,957,969,1000,1000,988,1000,1000,997,1000,996,1000,998,999,970,-,994,964,962,923,1000,957,962,1000,1000,818,1000,1000,962,1000,923,1000,998,999,880
2026-08-21,154.0.8014.0,1000,1000,962,997,1000,1000,1000,1000,1000,954,1000,1000,1000,1000,1000,1000,1000,1000,905,153.0.4224.0,1000,991,962,989,1000,1000,1000,1000,1000,863,1000,1000,1000,1000,992,1000,1000,1000,905,156.0a1,1000,990,1000,965,1000,999,988,1000,1000,973,1000,1000,965,1000,939,1000,998,1000,981,250 preview,994,982,962,965,1000,957,969,1000,1000,988,1000,1000,997,1000,996,1000,998,999,970,-,994,964,962,923,1000,957,962,1000,1000,837,1000,1000,962,1000,927,1000,998,999,880
2026-08-22,154.0.8016.0,1000,1000,962,997,1000,1000,1000,1000,1000,954,1000,1000,1000,1000,1000,1000,1000,1000,905,153.0.4224.0,1000,991,962,989,1000,1000,1000,1000,1000,863,1000,1000,1000,1000,992,1000,1000,1000,905,156.0a1,1000,990,1000,965,1000,999,988,1000,1000,973,1000,1000,965,1000,935,1000,998,1000,981,250 preview,994,982,962,968,1000,957,969,1000,1000,988,1000,1000,997,1000,996,1000,998,999,970,-,994,964,962,925,1000,957,962,1000,1000,837,1000,1000,962,1000,923,1000,998,999,880
2026-08-23,154.0.8016.0,1000,991,962,997,1000,1000,1000,1000,1000,954,1000,1000,1000,1000,1000,1000,1000,1000,905,153.0.4224.0,1000,991,962,989,1000,1000,1000,1000,1000,863,1000,1000,1000,1000,992,1000,1000,1000,905,156.0a1,1000,990,1000,962,1000,999,988,1000,1000,973,1000,1000,965,1000,939,1000,998,1000,981,250 preview,994,982,962,970,1000,957,969,1000,1000,988,1000,1000,997,1000,996,1000,998,999,970,-,994,964,962,925,1000,957,962,1000,1000,837,1000,1000,962,1000,927,1000,998,999,880
2026-08-27,154.0.8025.0,1000,1000,962,997,1000,1000,1000,1000,1000,954,1000,1000,1000,1000,1000,1000,1000,1000,905,154.0.4238.0,1000,991,962,989,1000,1000,1000,1000,1000,863,1000,1000,1000,1000,992,1000,1000,1000,905,156.0a1,1000,990,1000,965,1000,999,988,1000,1000,977,1000,1000,965,1000,939,1000,998,1000,981,251 preview,994,991,962,997,1000,957,970,1000,1000,988,1000,1000,1000,1000,996,1000,998,999,970,-,994,973,962,955,1000,957,962,1000,1000,840,1000,1000,965,1000,927,1000,998,999,880
2026-09-03,155.0.8040.0,1000,1000,962,997,1000,1000,1000,1000,1000,954,1000,1000,1000,1000,1000,1000,1000,1000,905,154.0.4251.0,1000,991,962,989,1000,1000,1000,1000,1000,863,1000,1000,1000,1000,992,1000,1000,1000,905,157.0a1,1000,990,1000,965,1000,999,988,1000,1000,977,1000,1000,965,1000,935,1000,998,1000,981,251 preview,994,999,962,997,1000,957,970,1000,1000,1000,1000,1000,1000,1000,996,1000,998,999,970,-,994,981,962,955,1000,957,962,1000,1000,840,1000,1000,965,1000,923,1000,998,999,880
2026-09-04,155.0.8041.0,1000,991,962,997,1000,1000,1000,1000,1000,954,1000,1000,1000,1000,1000,1000,1000,1000,905,154.0.4251.0,1000,991,962,989,1000,1000,1000,1000,1000,863,1000,1000,1000,1000,992,1000,1000,1000,905,157.0a1,1000,990,1000,962,1000,999,988,1000,1000,973,1000,1000,965,1000,935,1000,998,1000,981,251 preview,994,991,962,997,1000,957,970,1000,1000,1000,1000,1000,1000,1000,996,1000,998,999,970,-,994,973,962,952,1000,957,962,1000,1000,837,1000,1000,965,1000,923,1000,998,999,880
2026-09-05,155.0.8043.0,1000,1000,962,994,1000,1000,1000,1000,1000,954,1000,1000,1000,1000,1000,1000,1000,1000,905,154.0.4251.0,1000,991,962,986,1000,1000,1000,1000,1000,863,1000,1000,1000,1000,992,1000,1000,1000,905,157.0a1,1000,990,1000,965,1000,999,988,1000,1000,977,1000,1000,965,1000,939,1000,998,1000,981,251 preview,994,991,962,994,985,957,970,1000,1000,1000,1000,1000,1000,1000,996,1000,998,999,970,-,994,973,962,949,985,957,962,1000,1000,840,1000,1000,965,1000,927,1000,998,999,880
2026-09-07,155.0.8043.0,1000,1000,962,997,1000,1000,1000,1000,1000,954,1000,1000,1000,1000,1000,1000,1000,1000,905,154.0.4251.0,1000,991,962,989,1000,1000,1000,1000,1000,863,1000,1000,1000,1000,992,1000,1000,1000,905,157.0a1,1000,990,1000,962,1000,999,988,1000,1000,977,1000,1000,965,1000,935,1000,998,1000,978,251 preview,994,991,962,997,1000,957,970,1000,991,1000,1000,1000,1000,1000,996,1000,998,999,970,-,994,973,962,952,1000,957,962,1000,991,840,1000,1000,965,1000,923,1000,998,999,880
2026-09-08,155.0.8043.0,1000,1000,962,994,1000,1000,1000,1000,1000,954,1000,1000,1000,1000,1000,1000,1000,1000,849,154.0.4251.0,1000,991,962,986,1000,1000,1000,1000,1000,863,1000,1000,1000,1000,992,1000,1000,1000,849,157.0a1,1000,990,1000,965,1000,999,988,1000,1000,973,1000,1000,965,1000,939,1000,998,1000,971,251 preview,994,999,962,997,985,957,970,1000,1000,1000,1000,1000,1000,1000,996,1000,998,999,880,-,994,981,962,949,985,957,962,1000,1000,837,1000,1000,965,1000,927,1000,998,999,789
2026-09-09,155.0.8047.0,1000,1000,962,997,1000,1000,1000,1000,1000,954,1000,1000,1000,1000,1000,1000,1000,1000,849,154.0.4251.0,1000,991,962,989,1000,1000,1000,1000,1000,818,1000,1000,1000,1000,992,1000,1000,1000,849,157.0a1,1000,990,1000,965,1000,999,988,1000,1000,973,1000,1000,965,1000,935,1000,998,1000,971,251 preview,994,999,962,997,1000,957,970,1000,1000,1000,1000,1000,1000,1000,996,1000,998,999,880,-,994,981,962,955,1000,957,962,1000,1000,791,1000,1000,965,1000,923,1000,998,999,789
2026-09-10,155.0.8050.0,1000,1000,962,997,1000,1000,1000,1000,1000,954,1000,1000,1000,1000,1000,1000,1000,1000,849,155.0.4268.0,1000,991,962,989,1000,1000,1000,1000,1000,863,1000,1000,1000,1000,992,1000,1000,1000,849,158.0a1,1000,990,1000,965,1000,999,988,1000,1000,977,1000,1000,965,1000,939,1000,998,1000,971,252 preview,994,999,987,997,1000,957,970,1000,1000,977,1000,1000,1000,1000,996,1000,998,999,880,-,994,981,962,955,1000,957,962,1000,1000,818,1000,1000,965,1000,927,1000,998,999,789
