date,chrome-version,chrome-interop-2025-anchor-positioning,chrome-interop-2025-core-web-vitals,chrome-interop-2025-modules,chrome-interop-2025-navigation,chrome-interop-2025-backdrop-filter,chrome-interop-2023-events,chrome-interop-2024-layout,chrome-interop-2025-remove-mutation-events,chrome-interop-2025-scrollend,chrome-interop-2025-storageaccess,chrome-interop-2025-details,chrome-interop-2025-textdecoration,chrome-interop-2025-scope,chrome-interop-2025-urlpattern,chrome-interop-2025-view-transitions,chrome-interop-2025-webassembly,chrome-interop-2025-writingmodes,chrome-interop-2025-webcompat,chrome-interop-2025-webrtc,edge-version,edge-interop-2025-anchor-positioning,edge-interop-2025-core-web-vitals,edge-interop-2025-modules,edge-interop-2025-navigation,edge-interop-2025-backdrop-filter,edge-interop-2023-events,edge-interop-2024-layout,edge-interop-2025-remove-mutation-events,edge-interop-2025-scrollend,edge-interop-2025-storageaccess,edge-interop-2025-details,edge-interop-2025-textdecoration,edge-interop-2025-scope,edge-interop-2025-urlpattern,edge-interop-2025-view-transitions,edge-interop-2025-webassembly,edge-interop-2025-writingmodes,edge-interop-2025-webcompat,edge-interop-2025-webrtc,firefox-version,firefox-interop-2025-anchor-positioning,firefox-interop-2025-core-web-vitals,firefox-interop-2025-modules,firefox-interop-2025-navigation,firefox-interop-2025-backdrop-filter,firefox-interop-2023-events,firefox-interop-2024-layout,firefox-interop-2025-remove-mutation-events,firefox-interop-2025-scrollend,firefox-interop-2025-storageaccess,firefox-interop-2025-details,firefox-interop-2025-textdecoration,firefox-interop-2025-scope,firefox-interop-2025-urlpattern,firefox-interop-2025-view-transitions,firefox-interop-2025-webassembly,firefox-interop-2025-writingmodes,firefox-interop-2025-webcompat,firefox-interop-2025-webrtc,safari-version,safari-interop-2025-anchor-positioning,safari-interop-2025-core-web-vitals,safari-interop-2025-modules,safari-interop-2025-navigation,safari-interop-2025-backdrop-filter,safari-interop-2023-events,safari-interop-2024-layout,safari-interop-2025-remove-mutation-events,safari-interop-2025-scrollend,safari-interop-2025-storageaccess,safari-interop-2025-details,safari-interop-2025-textdecoration,safari-interop-2025-scope,safari-interop-2025-urlpattern,safari-interop-2025-view-transitions,safari-interop-2025-webassembly,safari-interop-2025-writingmodes,safari-interop-2025-webcompat,safari-interop-2025-webrtc,interop-version,interop-interop-2025-anchor-positioning,interop-interop-2025-core-web-vitals,interop-interop-2025-modules,interop-interop-2025-navigation,interop-interop-2025-backdrop-filter,interop-interop-2023-events,interop-interop-2024-layout,interop-interop-2025-remove-mutation-events,interop-interop-2025-scrollend,interop-interop-2025-storageaccess,interop-interop-2025-details,interop-interop-2025-textdecoration,interop-interop-2025-scope,interop-interop-2025-urlpattern,interop-interop-2025-view-transitions,interop-interop-2025-webassembly,interop-interop-2025-writingmodes,interop-interop-2025-webcompat,interop-interop-2025-webrtc
2025-01-01,131.0.6778.204,969,738,955,989,884,845,998,0,821,622,804,911,884,1000,972,0,269,820,90,131.0.2903.112,948,721,955,978,434,809,998,0,821,532,804,911,884,1000,915,0,269,820,90,133.0.3,151,573,100,5,768,832,953,0,750,732,403,991,110,1,68,0,939,651,758,18.2 (20620.1.16.11.8),150,41,818,5,782,816,942,0,26,243,398,738,833,1,874,0,220,611,751,-,151,41,100,5,437,753,908,0,32,197,467,738,110,1,57,0,213,629,0
2025-01-05,131.0.6778.204,969,746,955,989,884,845,998,0,821,622,804,911,884,1000,980,0,269,820,90,131.0.2903.112,948,729,955,981,434,809,998,0,821,532,804,911,884,1000,911,0,269,820,90,133.0.3,151,573,100,5,768,832,953,0,750,732,403,991,110,1,68,0,939,651,758,18.2 (20620.1.16.11.8),150,41,818,5,782,816,942,0,17,243,398,738,833,1,870,0,220,611,751,-,151,41,100,5,437,753,908,0,21,197,467,738,110,1,57,0,213,629,0
2025-01-12,131.0.6778.264,973,746,955,989,956,849,998,0,821,622,804,911,884,1000,976,0,269,845,90,131.0.2903.146,952,721,955,973,492,813,998,0,821,532,804,911,884,1000,919,0,269,845,90,134.0,151,573,100,5,840,836,954,0,750,729,403,991,110,1,68,0,939,651,758,18.2 (20620.1.16.11.8),150,41,824,5,840,820,942,0,17,243,398,738,833,1,870,0,220,635,751,-,151,41,100,5,449,757,909,0,21,197,467,738,110,1,57,0,213,612,0
2025-01-13,131.0.6778.264,973,746,955,989,956,849,998,0,821,622,804,911,884,1000,980,0,269,845,90,131.0.2903.146,952,729,955,978,492,813,998,0,821,532,804,911,884,1000,907,0,269,845,90,134.0,151,573,100,5,840,836,954,0,750,729,403,991,110,1,68,0,939,651,758,18.2 (20620.1.16.11.8),150,41,824,5,840,820,943,0,17,243,398,738,833,1,874,0,220,635,751,-,151,41,100,5,449,757,909,0,21,197,467,738,110,1,57,0,213,612,0
2025-01-14,131.0.6778.264,973,746,955,989,956,849,998,0,821,622,804,911,884,1000,980,0,269,845,90,131.0.2903.146,952,729,955,978,492,813,998,0,821,532,804,911,884,1000,904,0,269,845,90,134.0,151,573,100,5,840,836,954,0,339,863,403,991,110,1,68,0,939,651,758,18.2 (20620.1.16.11.8),150,41,818,5,840,820,943,0,26,243,398,738,833,1,866,0,220,635,751,-,151,41,100,5,449,757,909,0,10,197,467,738,110,1,57,0,213,612,0
2025-01-19,132.0.6834.83,978,755,955,989,956,849,998,0,821,622,847,911,915,1000,980,0,985,845,90,132.0.2957.115,956,763,955,976,492,813,998,0,821,532,847,911,915,1000,904,0,985,845,90,134.0.1,151,573,100,5,840,836,954,0,339,863,403,991,110,1,68,0,939,651,804,18.2 (20620.1.16.11.8),150,41,824,5,840,796,942,0,26,243,398,738,833,1,870,0,220,635,751,-,151,41,100,5,449,733,909,0,10,197,443,738,110,1,57,0,222,612,0
2025-01-21,132.0.6834.83,978,755,955,989,956,849,998,0,821,622,847,911,915,1000,980,0,985,845,90,132.0.2957.115,956,763,955,978,492,813,998,0,821,532,847,911,915,1000,915,0,985,845,90,134.0.1,151,573,100,5,840,836,954,0,339,732,403,991,110,1,68,0,939,651,804,18.2 (20620.1.16.11.8),150,41,818,5,840,820,942,0,26,243,398,738,833,1,870,0,220,635,751,-,151,41,100,5,449,757,909,0,10,197,443,738,110,1,57,0,222,612,0
2025-01-26,132.0.6834.110,978,755,955,989,956,849,998,0,821,622,847,911,915,1000,978,0,985,845,90,132.0.2957.127,956,763,955,968,492,813,998,0,821,532,847,911,915,1000,925,0,985,845,90,134.0.2,151,573,100,5,840,836,954,0,339,732,403,991,110,1,68,0,939,651,804,18.2 (20620.1.16.11.8),150,41,818,5,840,796,942,0,26,243,398,738,833,1,875,0,220,635,751,-,151,41,100,5,449,733,909,0,10,197,443,738,110,1,57,0,222,612,0
2025-01-27,132.0.6834.110,978,755,955,989,956,849,998,0,821,622,847,911,915,1000,982,0,985,845,90,132.0.2957.127,956,763,955,973,492,813,998,0,821,532,847,911,915,1000,906,0,985,845,90,134.0.2,151,573,100,5,840,836,954,0,339,732,403,991,110,1,68,0,939,651,804,18.2 (20620.1.16.11.8),150,41,818,5,840,820,942,0,26,243,398,738,833,1,868,0,220,635,751,-,151,41,100,5,449,757,910,0,10,197,443,738,110,1,57,0,222,612,0
2025-02-02,132.0.6834.159,978,755,955,906,956,849,998,0,821,622,847,911,915,1000,978,0,985,845,90,132.0.2957.140,956,763,955,890,492,813,998,0,821,532,847,911,915,1000,921,0,985,845,90,134.0.2,151,573,100,5,840,836,954,0,339,732,403,991,110,1,68,0,939,663,804,18.3 (20620.2.4.11.5),150,41,818,5,840,796,942,0,26,243,398,738,833,1,871,0,220,635,751,-,151,41,100,5,449,716,909,0,10,197,443,738,110,1,57,0,222,603,0
2025-02-03,132.0.6834.159,978,755,955,906,956,849,998,0,821,622,847,911,915,1000,975,0,985,845,90,132.0.2957.140,956,763,955,893,492,813,998,0,821,532,847,911,915,1000,918,0,985,845,90,134.0.2,151,573,100,5,840,836,954,0,339,732,403,991,110,1,68,0,939,663,804,18.3 (20620.2.4.11.5),150,41,818,5,840,820,942,0,26,243,398,738,833,1,871,0,220,635,751,-,151,41,100,5,449,739,909,0,10,197,443,738,110,1,57,0,222,603,0
2025-02-06,133.0.6943.53,988,755,955,906,956,904,998,1000,821,622,847,911,1000,1000,978,0,985,845,90,132.0.2957.140,956,763,955,893,492,813,998,1000,821,532,847,911,915,1000,921,0,985,845,90,135.0,151,573,100,5,840,928,954,400,339,726,403,991,110,1,68,0,939,688,804,18.3 (20620.2.4.11.5),150,41,818,5,840,820,941,300,17,243,398,738,833,1,871,0,220,635,751,-,151,41,100,5,449,764,908,300,10,197,443,738,110,1,53,0,222,631,0
2025-02-09,133.0.6943.53,988,755,955,906,956,904,998,1000,821,622,847,911,1000,1000,978,0,985,845,90,133.0.3065.51,966,763,955,890,492,837,998,1000,821,532,847,911,1000,1000,913,0,985,845,90,135.0,151,573,100,5,840,904,954,400,339,721,403,991,110,1,68,0,945,688,804,18.3 (20620.2.4.11.5),150,41,824,5,840,820,942,300,17,243,398,738,833,1,868,0,220,635,751,-,151,41,100,5,449,740,909,300,10,197,443,738,110,1,53,0,220,631,0
2025-02-10,133.0.6943.53,988,755,955,906,956,904,998,1000,821,622,847,911,1000,1000,982,0,985,845,90,133.0.3065.51,966,763,955,893,492,837,998,1000,821,532,847,911,1000,1000,932,0,985,845,90,135.0,151,582,100,5,840,904,954,400,339,717,403,991,110,1,68,0,945,688,804,18.3 (20620.2.4.11.5),150,41,818,5,840,820,942,300,26,243,398,738,833,1,875,0,220,635,751,-,151,41,100,5,449,740,910,300,10,197,443,738,110,1,57,0,220,631,0
2025-02-16,133.0.6943.98,988,746,955,906,956,904,998,1000,821,622,847,911,1000,1000,982,500,985,845,90,133.0.3065.69,966,763,955,893,492,813,998,1000,821,532,847,911,1000,1000,921,500,985,845,90,135.0,151,573,100,5,840,904,954,400,339,721,403,991,110,1,68,500,945,688,804,18.3 (20620.2.4.11.5),150,41,818,5,840,820,942,300,26,243,398,738,833,1,871,0,220,635,751,-,151,41,100,5,449,740,909,300,10,197,443,738,110,1,57,0,220,631,0
2025-02-17,133.0.6943.98,988,755,955,906,956,904,998,1000,821,622,847,911,1000,1000,982,500,985,845,90,133.0.3065.69,966,763,955,893,492,813,998,1000,821,532,847,911,1000,1000,928,500,985,845,90,135.0,151,573,100,5,840,904,954,400,339,721,403,991,110,1,68,500,945,688,804,18.3 (20620.2.4.11.5),150,41,818,5,840,820,943,300,17,243,398,738,833,1,871,0,220,635,751,-,151,41,100,5,449,740,910,300,10,197,443,738,110,1,53,0,220,631,0
2025-02-18,133.0.6943.98,988,755,955,906,956,904,998,1000,821,622,847,911,1000,1000,982,500,985,967,90,133.0.3065.69,966,763,955,888,492,813,998,1000,821,532,847,911,1000,1000,902,500,985,967,90,135.0,151,582,100,5,840,904,954,400,339,721,403,991,110,1,68,500,945,688,804,18.3 (20620.2.4.11.5),150,41,818,5,840,796,942,300,17,243,398,738,833,1,875,0,220,635,751,-,151,41,100,5,449,716,909,300,10,197,443,738,110,1,53,0,220,554,0
2025-02-23,133.0.6943.126,988,755,944,906,956,904,998,1000,821,622,847,911,1000,1000,974,500,985,967,90,133.0.3065.82,966,763,944,895,492,813,998,1000,821,532,847,911,1000,1000,909,500,985,967,90,135.0.1,151,573,111,5,840,928,954,400,339,721,403,991,110,1,68,500,945,688,804,18.3 (20620.2.4.11.5),150,41,818,5,840,820,942,300,26,243,398,738,833,1,864,0,220,635,751,-,151,41,111,5,449,740,909,300,10,197,443,738,110,1,57,0,220,554,0
2025-03-09,134.0.6998.35,985,759,944,906,956,904,998,1000,821,696,847,911,1000,986,963,500,985,918,90,134.0.3124.51,963,768,944,893,492,813,998,1000,821,637,847,911,1000,986,902,500,985,918,90,136.0,151,578,111,5,840,928,959,400,339,812,403,991,110,1,68,500,945,736,804,18.3 (20620.2.4.11.5),150,46,824,5,855,820,942,300,17,330,398,738,833,1,866,0,220,587,751,-,151,46,111,5,463,740,914,300,10,284,443,738,110,1,57,0,220,554,0
2025-03-11,134.0.6998.88,985,759,944,906,956,904,998,1000,821,696,847,911,1000,986,970,500,985,918,90,134.0.3124.51,963,768,944,895,492,813,998,1000,821,637,847,911,1000,986,921,500,985,918,90,136.0,151,578,111,5,840,928,959,400,339,812,403,991,110,1,68,500,945,736,804,18.3 (20620.2.4.11.5),150,46,824,5,855,820,942,300,26,330,398,738,833,1,862,0,220,587,751,-,151,46,111,5,463,740,914,300,10,284,443,738,110,1,53,0,220,554,0
2025-03-16,134.0.6998.88,985,759,944,906,956,904,998,1000,821,696,847,911,1000,986,970,500,985,920,90,134.0.3124.72,963,768,944,893,492,813,998,1000,821,637,847,911,1000,986,902,500,985,920,90,136.0.1,151,578,111,5,840,928,959,400,339,812,403,991,110,1,68,500,945,739,804,18.3 (20620.2.4.11.5),150,46,824,5,855,820,942,300,26,330,398,738,833,1,866,0,220,587,751,-,151,46,111,5,463,740,913,300,10,284,432,738,110,1,49,0,220,556,0
2025-03-17,134.0.6998.88,985,759,944,906,956,904,998,1000,821,696,847,911,1000,986,970,500,985,920,90,134.0.3124.72,963,768,944,895,492,813,998,1000,821,637,847,911,1000,986,910,500,985,920,90,136.0.1,151,586,111,5,840,928,959,400,339,812,403,991,110,1,68,500,945,739,804,18.3 (20620.2.4.11.5),150,46,818,5,855,820,942,300,26,330,398,738,833,1,866,0,220,587,751,-,151,46,111,5,463,740,914,300,10,284,432,738,110,1,53,0,220,556,0
2025-03-21,134.0.6998.90,985,759,944,906,956,904,997,1000,1000,696,847,911,1000,984,963,500,985,920,0,134.0.3124.72,963,768,944,890,492,813,997,1000,1000,637,847,911,1000,984,913,500,985,920,90,136.0.2,151,578,111,5,840,928,958,400,410,812,403,991,110,1,68,500,951,739,804,18.3 (20620.2.4.11.5),150,46,824,5,855,820,942,300,17,330,398,738,833,1,862,0,220,587,751,-,151,46,111,5,463,740,913,300,8,284,432,738,110,1,53,0,220,556,0
2025-03-23,134.0.6998.165,973,759,944,906,956,904,997,1000,1000,696,847,911,1000,984,970,500,985,920,90,134.0.3124.83,951,768,944,893,492,813,997,1000,1000,637,847,911,1000,984,913,500,985,920,90,136.0.2,154,578,111,5,840,928,958,400,410,808,403,991,110,1,68,500,951,727,804,18.3 (20620.2.4.11.5),153,46,818,5,855,820,942,300,17,330,398,738,833,1,862,0,220,587,751,-,154,46,111,5,463,740,913,300,8,284,432,738,110,1,53,0,220,556,0
2025-03-24,134.0.6998.165,973,759,944,906,956,904,997,1000,1000,696,847,911,1000,984,967,500,985,920,90,134.0.3124.83,951,768,944,895,492,813,997,1000,1000,637,847,911,1000,984,910,500,985,920,90,136.0.2,154,578,111,5,840,928,958,400,410,812,403,991,110,1,68,500,951,727,804,18.3 (20620.2.4.11.5),153,46,818,5,855,820,943,300,26,330,398,738,833,1,866,0,220,587,751,-,154,46,111,5,463,740,914,300,8,284,432,738,110,1,57,0,220,556,0
2025-04-02,135.0.7049.42,967,759,944,992,956,904,997,1000,1000,696,847,911,1000,977,974,500,1000,926,90,134.0.3124.93,900,768,944,895,492,813,962,1000,1000,637,847,911,1000,977,864,500,842,920,90,137.0,150,578,144,5,840,928,959,400,928,812,403,1000,110,1,68,500,976,739,804,18.4 (20621.1.15.11.10),149,46,851,5,855,820,944,300,26,330,599,738,845,1,875,0,722,649,751,-,150,46,111,5,463,740,882,300,26,284,463,738,110,1,49,0,620,558,0
2025-04-07,135.0.7049.42,967,759,944,992,956,904,997,1000,1000,696,842,911,1000,977,970,500,1000,926,90,135.0.3179.54,903,768,944,981,623,813,962,1000,1000,637,842,911,1000,977,890,500,856,926,90,137.0,150,578,144,5,840,928,959,400,928,812,424,1000,110,1,68,500,976,739,804,18.4 (20621.1.15.11.10),149,46,851,5,855,820,944,300,26,330,598,738,845,1,879,0,722,649,751,-,150,46,111,5,550,740,882,300,26,284,488,738,110,1,53,0,620,564,0
2025-04-09,135.0.7049.84,967,742,944,992,956,904,997,1000,1000,696,842,911,1000,977,974,500,1000,926,90,135.0.3179.54,903,768,944,978,623,813,962,1000,1000,637,842,911,1000,977,890,500,856,926,90,137.0.1,150,595,144,5,840,928,959,400,928,812,424,1000,110,1,68,500,976,739,804,18.4 (20621.1.15.11.10),149,46,858,5,855,820,944,300,17,330,598,738,845,1,879,0,722,649,751,-,149,46,111,5,550,740,882,300,17,284,488,738,110,1,53,0,620,564,0
2025-04-12,135.0.7049.84,967,759,944,992,956,904,997,1000,1000,696,842,911,1000,977,974,500,1000,926,90,135.0.3179.73,903,768,944,981,623,813,962,1000,1000,637,842,911,1000,977,883,500,856,926,90,137.0.1,150,595,144,5,840,928,959,400,928,808,424,1000,110,1,68,500,976,739,804,18.4 (20621.1.15.11.10),149,46,851,5,855,820,944,300,26,330,598,738,845,1,879,0,722,649,751,-,149,46,111,5,550,740,882,300,26,284,488,738,110,1,49,0,620,564,0
2025-04-13,135.0.7049.84,967,759,944,992,956,904,997,1000,1000,696,842,911,1000,977,969,500,1000,926,90,135.0.3179.73,903,768,944,978,623,813,962,1000,1000,637,842,911,1000,977,883,500,856,926,90,137.0.1,150,595,144,5,840,928,959,400,928,812,424,1000,110,1,68,500,976,739,804,18.4 (20621.1.15.11.10),149,46,851,5,855,820,944,300,26,330,598,738,845,1,879,0,722,649,751,-,149,46,111,5,550,740,882,300,26,284,488,738,110,1,53,0,620,564,0
2025-04-16,135.0.7049.95,967,759,944,992,956,904,997,1000,1000,696,842,911,1000,977,970,500,1000,926,90,135.0.3179.73,903,768,944,981,623,813,962,1000,1000,607,842,911,1000,977,890,500,856,926,90,137.0.2,150,595,144,5,840,928,959,400,928,812,424,1000,110,1,68,500,976,739,804,18.4 (20621.1.15.11.10),149,46,851,5,855,820,944,300,17,330,598,738,845,1,879,0,722,649,751,-,149,46,111,5,550,740,882,300,17,284,488,738,110,1,53,0,620,564,0
2025-04-18,135.0.7049.95,967,759,944,992,956,904,997,1000,1000,696,842,911,1000,977,974,500,1000,926,90,135.0.3179.85,903,768,944,984,623,813,962,1000,1000,607,842,911,1000,977,894,500,856,926,90,137.0.2,150,595,144,5,840,928,959,400,928,812,424,1000,110,1,68,500,976,739,804,18.4 (20621.1.15.11.10),149,46,858,5,855,820,944,300,26,330,598,738,845,1,875,0,722,649,751,-,149,46,111,5,550,740,882,300,26,284,488,738,110,1,49,0,620,564,0
2025-04-22,135.0.7049.95,967,751,944,992,956,904,997,1000,1000,696,842,911,1000,977,978,500,1000,926,90,135.0.3179.85,903,768,944,981,623,813,962,1000,1000,607,842,911,1000,977,894,500,856,926,90,137.0.2,150,595,144,5,840,928,959,400,928,812,424,1000,110,1,68,500,976,727,804,18.4 (20621.1.15.11.10),149,46,858,5,855,820,944,300,26,330,598,738,845,1,879,0,722,649,751,-,149,46,111,5,550,740,882,300,26,284,488,738,110,1,53,0,620,564,0
2025-04-24,135.0.7049.114,966,759,944,992,956,904,997,1000,1000,696,842,911,1000,977,978,500,1000,926,90,135.0.3179.85,902,768,944,978,623,813,962,1000,1000,607,842,911,1000,977,890,500,856,926,90,137.0.2,150,595,144,5,840,928,959,400,928,812,424,1000,110,1,68,500,976,739,804,18.4 (20621.1.15.11.10),149,46,851,5,855,820,944,300,26,330,598,738,845,1,879,0,722,649,751,-,149,46,111,5,550,740,882,300,26,284,488,738,110,1,53,0,620,564,0
2025-04-27,135.0.7049.114,966,759,944,992,956,904,997,1000,1000,696,842,911,1000,977,974,500,1000,926,90,135.0.3179.98,902,768,944,984,623,813,962,1000,1000,607,842,911,1000,977,894,500,856,926,90,137.0.2,150,595,144,5,840,928,959,400,928,812,424,1000,110,1,68,500,976,739,796,18.4 (20621.1.15.11.10),149,46,851,5,855,796,944,300,26,330,598,738,845,1,875,0,722,649,774,-,149,46,111,5,550,716,882,300,26,284,488,738,110,1,49,0,620,564,0
2025-05-13,136.0.7103.92,977,759,944,992,956,928,999,1000,1000,696,869,911,1000,977,982,500,1000,975,90,136.0.3240.64,913,768,944,981,623,869,963,1000,1000,607,869,911,1000,977,902,500,856,926,90,138.0.1,150,603,1000,5,840,904,958,400,928,812,424,1000,110,1,45,500,982,873,796,18.4 (20621.1.15.11.10),149,46,851,5,855,796,944,300,26,330,598,738,845,1,887,0,722,649,774,-,149,46,796,5,550,748,882,300,26,284,488,738,110,1,41,0,626,613,0
2025-05-15,136.0.7103.94,977,751,944,992,956,928,999,1000,1000,696,869,911,1000,977,986,500,1000,975,0,136.0.3240.64,913,768,944,978,623,869,963,1000,1000,637,869,911,1000,977,902,500,856,926,90,138.0.3,150,603,1000,5,840,904,958,400,928,812,424,1000,110,1,45,500,982,873,796,18.5 (20621.2.5.11.8),149,46,851,5,855,796,944,300,17,330,598,738,845,1,887,0,722,649,774,-,149,46,796,5,550,748,882,300,17,284,488,738,110,1,41,0,626,613,0
2025-05-17,136.0.7103.94,977,759,944,992,956,928,999,1000,1000,696,869,911,1000,977,970,500,1000,975,90,136.0.3240.76,913,768,944,984,623,869,963,1000,1000,637,869,911,1000,977,906,500,856,926,90,138.0.3,150,603,1000,5,840,904,958,400,928,812,424,1000,110,1,45,500,982,873,796,18.5 (20621.2.5.11.8),149,46,851,5,855,796,944,300,26,330,598,738,845,1,898,0,722,649,765,-,149,46,796,5,550,748,882,300,26,284,488,738,110,1,41,0,626,613,0
2025-05-22,136.0.7103.113,977,751,944,992,956,928,999,1000,1000,696,869,911,1000,977,986,500,1000,975,90,136.0.3240.76,981,999,944,981,840,928,999,1000,1000,637,869,911,1000,977,979,500,1000,926,798,138.0.4,150,603,1000,5,840,904,958,400,928,808,424,1000,110,1,45,500,982,873,796,18.5 (20621.2.5.11.8),149,46,851,5,855,772,944,300,26,330,598,738,845,1,894,0,728,649,765,-,149,46,796,5,753,724,914,300,26,284,488,738,110,1,38,0,728,613,0
2025-05-25,136.0.7103.113,977,759,944,992,956,928,999,1000,1000,696,869,911,1000,977,978,500,1000,975,90,136.0.3240.92,981,999,944,978,840,928,999,1000,1000,637,869,911,1000,977,972,500,1000,926,798,138.0.4,150,612,1000,5,840,881,958,400,928,812,424,1000,110,1,45,500,982,873,796,18.5 (20621.2.5.11.8),149,46,851,5,855,796,944,300,26,330,598,738,845,1,894,0,728,649,765,-,149,46,796,5,753,748,914,300,26,284,488,738,110,1,38,0,728,613,0
2025-05-26,136.0.7103.113,977,759,944,992,956,928,999,1000,1000,696,869,911,1000,977,982,500,1000,975,90,136.0.3240.92,981,999,944,976,840,928,999,1000,1000,637,869,911,1000,977,972,500,1000,926,798,138.0.4,150,603,1000,5,840,881,958,400,928,812,424,1000,110,1,45,500,982,873,796,18.5 (20621.2.5.11.8),149,46,851,5,855,796,944,300,17,330,598,738,845,1,894,0,728,649,765,-,149,46,796,5,753,748,914,300,17,284,488,738,110,1,34,0,728,613,0
2025-06-01,137.0.7151.55,977,759,943,992,956,928,999,1000,1000,696,869,911,1000,977,971,500,1000,963,90,137.0.3296.52,981,999,943,984,840,928,999,1000,1000,637,869,911,1000,977,964,500,1000,914,798,139.0.1,150,603,986,5,840,904,960,400,928,812,652,1000,110,1,45,500,1000,861,796,18.5 (20621.2.5.11.8),149,46,849,5,855,772,944,300,26,330,598,738,845,1,894,0,728,637,765,-,149,46,787,5,753,748,915,300,26,284,488,738,110,1,34,0,728,600,0
2025-06-07,137.0.7151.68,977,759,943,992,956,928,999,1000,1000,696,869,911,1000,977,987,500,1000,963,90,137.0.3296.68,981,999,943,981,840,928,999,1000,1000,637,869,911,1000,977,972,500,1000,914,798,139.0.1,150,603,986,5,840,904,960,400,928,808,652,1000,110,1,45,500,1000,861,796,18.5 (20621.2.5.11.8),149,46,843,5,855,772,944,300,17,330,598,738,845,1,898,0,728,637,765,-,149,46,780,5,753,748,915,300,17,284,488,738,110,1,38,0,728,600,0
2025-06-14,137.0.7151.70,977,751,943,989,956,928,999,1000,1000,696,869,911,1000,977,990,500,1000,963,90,137.0.3296.83,981,999,943,976,840,928,999,1000,1000,637,869,911,1000,977,979,500,1000,914,798,139.0.4,150,603,986,5,840,904,960,400,928,812,652,1000,110,1,45,500,1000,861,796,18.5 (20621.2.5.11.8),149,46,843,5,855,796,944,300,26,330,598,738,845,1,898,0,728,637,765,-,149,46,780,5,753,771,915,300,26,284,488,738,110,1,38,0,728,600,0
2025-06-15,137.0.7151.70,977,759,943,989,956,928,999,1000,1000,696,869,911,1000,977,986,500,1000,963,90,137.0.3296.83,981,999,943,973,840,928,999,1000,1000,637,869,911,1000,977,968,500,1000,914,798,139.0.4,150,603,986,5,840,904,960,400,928,812,652,1000,110,1,45,500,1000,861,796,18.5 (20621.2.5.11.8),149,46,843,5,855,796,944,300,17,330,598,738,845,1,898,0,728,637,765,-,149,46,780,5,753,771,915,300,17,284,488,738,110,1,38,0,728,600,0
2025-06-16,137.0.7151.70,977,751,943,989,956,928,999,1000,1000,696,869,911,1000,977,975,500,1000,963,90,137.0.3296.83,981,999,943,976,840,928,999,1000,1000,637,869,911,1000,977,979,500,1000,914,798,139.0.4,150,612,986,5,840,904,960,400,928,808,652,1000,110,1,45,500,1000,861,796,18.5 (20621.2.5.11.8),149,46,849,5,855,796,944,300,26,330,598,738,845,1,898,0,728,637,765,-,149,46,787,5,753,771,915,300,26,284,488,738,110,1,38,0,728,600,0
2025-06-17,137.0.7151.70,981,759,943,989,956,928,999,1000,1000,696,869,911,1000,977,986,500,1000,963,90,137.0.3296.83,981,999,943,978,840,928,999,1000,1000,637,869,911,1000,977,972,500,1000,914,798,139.0.4,150,603,986,5,840,881,960,400,928,812,652,1000,110,1,45,500,1000,861,796,18.5 (20621.2.5.11.8),149,46,849,5,855,796,944,300,17,330,598,738,845,1,902,0,728,637,765,-,149,46,787,5,753,748,915,300,17,284,488,738,110,1,41,0,728,600,0
2025-06-20,137.0.7151.119,981,751,943,989,956,928,999,1000,1000,696,869,911,1000,977,990,500,1000,963,90,137.0.3296.93,981,999,943,978,840,928,999,1000,1000,637,869,911,1000,977,972,500,1000,914,783,139.0.4,150,603,986,5,840,904,960,400,928,812,652,1000,110,1,45,500,1000,861,780,18.5 (20621.2.5.11.8),149,46,849,5,855,772,944,300,17,330,598,738,845,1,898,0,728,637,749,-,149,46,787,5,753,748,915,300,17,284,488,738,110,1,38,0,728,600,0
2025-06-24,137.0.7151.119,981,759,943,989,956,928,999,1000,1000,696,869,911,1000,977,979,500,1000,963,90,137.0.3296.93,981,999,943,978,840,928,999,1000,1000,637,869,911,1000,977,979,500,1000,914,783,139.0.4,150,603,986,5,840,904,962,400,928,812,652,1000,110,1,45,500,1000,861,780,18.5 (20621.2.5.11.8),149,46,843,5,855,748,945,300,26,330,598,738,845,1,906,0,728,637,749,-,149,46,780,5,753,724,917,300,26,284,488,738,110,1,41,0,728,600,0
2025-06-25,138.0.7204.49,987,759,943,989,985,928,999,1000,1000,696,869,911,1000,977,976,500,1000,963,90,137.0.3296.93,981,999,943,981,840,928,999,1000,1000,637,869,911,1000,977,968,500,1000,914,783,140.0,150,774,991,5,840,998,971,1000,928,812,652,1000,110,1,45,500,1000,861,780,18.5 (20621.2.5.11.8),149,46,849,5,855,736,945,300,26,330,598,738,845,1,891,0,728,637,749,-,149,46,792,5,753,712,921,300,26,284,488,738,110,1,38,0,728,600,0
2025-06-28,138.0.7204.49,987,759,943,989,985,928,999,1000,1000,696,869,911,1000,977,975,500,1000,963,90,138.0.3351.55,987,999,943,981,869,928,999,1000,1000,637,869,911,1000,977,980,500,997,926,783,140.0.2,150,774,991,5,840,998,971,1000,928,812,652,1000,110,1,45,500,1000,861,780,18.5 (20621.2.5.11.8),149,38,843,5,855,796,945,300,26,330,598,738,845,1,897,0,728,637,749,-,149,38,786,5,753,771,921,300,26,284,488,738,110,1,38,0,726,600,0
2025-06-30,138.0.7204.49,987,759,943,989,985,928,999,1000,1000,696,869,911,1000,977,964,500,1000,963,90,138.0.3351.55,987,999,943,981,869,928,999,1000,1000,637,869,911,1000,977,976,500,997,926,783,140.0.2,150,774,991,5,840,998,971,1000,928,812,652,1000,110,1,45,500,1000,861,780,18.5 (20621.2.5.11.8),149,38,849,5,855,772,945,300,26,330,598,738,845,1,897,0,728,637,749,-,149,38,792,5,753,748,921,300,26,284,488,738,110,1,34,0,726,600,0
2025-07-04,138.0.7204.92,987,759,943,989,985,952,999,1000,1000,696,869,911,1000,977,979,500,1000,963,90,138.0.3351.65,987,999,943,978,884,952,999,1000,1000,637,869,911,1000,977,980,500,997,926,783,140.0.2,150,774,991,5,840,975,971,1000,1000,808,652,1000,110,1,45,500,1000,873,780,18.5 (20621.2.5.11.8),149,38,843,5,869,796,945,300,26,330,598,738,845,1,901,0,728,637,749,-,149,38,786,5,753,771,921,300,26,284,488,738,110,1,41,0,726,600,0
2025-07-05,138.0.7204.92,987,751,943,989,985,952,999,1000,1000,696,869,911,1000,977,979,500,1000,963,0,138.0.3351.65,987,999,943,976,884,952,999,1000,1000,637,869,911,1000,977,984,500,997,926,783,140.0.2,150,774,991,5,840,975,971,1000,1000,812,652,1000,110,1,45,500,1000,873,780,18.5 (20621.2.5.11.8),149,38,849,5,869,796,945,300,26,330,598,738,845,1,897,0,728,637,749,-,149,38,792,5,753,771,921,300,26,284,488,738,110,1,41,0,726,600,0
2025-07-10,138.0.7204.94,987,751,943,989,985,928,999,1000,1000,696,869,911,1000,977,964,500,1000,963,90,138.0.3351.77,984,999,943,978,884,928,999,1000,1000,637,869,911,1000,977,984,500,997,926,783,140.0.4,150,774,991,5,840,998,971,1000,1000,812,652,1000,110,1,45,500,1000,873,780,18.5 (20621.2.5.11.8),149,38,843,5,869,796,945,300,26,330,598,738,845,1,897,0,728,637,749,-,149,38,786,5,753,771,921,300,26,284,488,738,110,1,41,0,726,600,0
2025-07-13,138.0.7204.94,987,759,943,989,971,928,999,1000,1000,696,869,911,1000,977,975,500,1000,963,90,138.0.3351.83,986,999,943,981,869,928,999,1000,1000,637,869,911,1000,977,984,500,997,926,783,140.0.4,150,774,991,5,840,998,971,1000,1000,812,652,1000,110,1,45,500,1000,873,780,18.5 (20621.2.5.11.8),149,38,843,5,913,772,945,300,26,330,598,738,845,1,901,0,728,637,749,-,149,38,786,5,768,748,921,300,26,284,488,738,110,1,45,0,726,600,0
2025-07-14,138.0.7204.94,987,759,943,989,971,928,999,1000,1000,696,869,911,1000,977,975,500,1000,963,90,138.0.3351.83,984,999,943,976,869,928,999,1000,1000,637,869,911,1000,977,984,500,997,926,783,140.0.4,150,774,991,5,840,998,971,1000,1000,808,652,1000,110,1,45,500,1000,873,780,18.5 (20621.2.5.11.8),149,38,843,5,913,796,945,300,17,330,598,738,845,1,897,0,728,637,749,-,149,38,786,5,768,771,921,300,17,284,488,738,110,1,41,0,726,600,0
2025-07-15,138.0.7204.94,987,759,943,989,971,928,999,1000,1000,696,869,911,1000,977,972,500,1000,963,90,138.0.3351.83,984,999,943,978,869,928,999,1000,1000,637,869,911,1000,977,980,500,997,926,783,140.0.4,150,774,991,5,840,998,971,1000,1000,812,652,1000,110,1,45,500,1000,873,780,18.5 (20621.2.5.11.8),149,38,843,5,913,772,945,300,17,330,598,738,845,1,897,0,728,637,749,-,149,38,786,5,768,748,921,300,17,284,488,738,110,1,41,0,726,600,0
2025-07-20,138.0.7204.157,987,759,943,989,971,928,999,1000,1000,696,891,911,1000,977,979,500,1000,963,90,138.0.3351.95,986,999,943,976,869,928,999,1000,1000,637,891,911,1000,977,984,500,997,926,783,140.0.4,150,774,991,5,855,998,971,1000,1000,812,673,1000,110,1,45,500,1000,873,780,18.5 (20621.2.5.11.8),149,38,843,5,913,796,945,300,26,330,598,738,845,1,897,0,728,637,749,-,149,38,786,5,768,771,921,300,26,284,476,738,110,1,41,0,726,600,0
2025-07-21,138.0.7204.157,987,759,943,989,971,928,999,1000,1000,696,891,911,1000,977,983,500,1000,963,90,138.0.3351.95,984,999,943,981,869,928,999,1000,1000,637,891,911,1000,977,984,500,997,926,783,140.0.4,150,774,991,5,855,998,971,1000,1000,812,673,1000,110,1,45,500,1000,873,780,18.5 (20621.2.5.11.8),149,38,849,5,913,796,945,300,26,330,598,738,845,1,897,0,728,637,749,-,149,38,792,5,768,771,921,300,26,284,476,738,110,1,41,0,726,600,0
2025-07-28,138.0.7204.168,987,759,943,989,966,928,999,1000,1000,696,891,908,1000,977,983,500,1000,963,90,138.0.3351.109,984,999,943,976,869,928,999,1000,1000,637,891,908,1000,977,984,500,997,926,783,141.0,150,809,1000,5,855,999,971,1000,1000,951,673,996,110,1,45,500,1000,995,818,18.5 (20621.2.5.11.8),149,38,849,5,913,766,945,300,26,330,598,741,845,1,901,0,722,637,749,-,149,38,792,5,763,742,921,300,26,284,476,741,110,1,45,0,722,613,0
2025-08-03,138.0.7204.183,971,759,943,981,971,928,999,1000,1000,696,891,903,1000,977,975,500,1000,963,90,138.0.3351.121,970,999,943,970,869,928,999,1000,1000,637,891,903,1000,977,984,500,997,926,768,141.0,150,809,1000,5,855,999,971,1000,1000,954,673,957,110,1,45,500,1000,995,766,18.5 (20621.2.5.11.8),149,38,849,5,913,796,945,300,26,330,598,750,845,1,901,0,722,637,734,-,149,38,792,5,768,771,921,300,26,284,424,745,110,1,45,0,720,613,0
2025-09-12,140.0.7339.82,962,751,947,986,985,952,1000,1000,857,696,891,959,993,971,996,500,1000,1000,90,140.0.3485.66,962,1000,947,978,869,952,999,1000,1000,592,891,959,993,971,988,500,1000,1000,768,142.0.1,150,809,1000,5,1000,999,974,1000,1000,954,673,959,108,966,41,500,1000,995,766,18.6 (20621.3.11.11.3),149,38,800,5,913,820,945,300,26,330,598,750,841,1,901,0,770,636,734,-,149,38,800,5,869,795,923,300,26,273,424,750,108,1,41,0,770,636,0
2025-09-17,140.0.7339.82,962,759,947,986,985,952,1000,1000,857,696,891,959,993,971,992,500,1000,1000,90,140.0.3485.66,962,1000,947,976,869,952,999,1000,1000,637,891,959,993,971,984,500,1000,1000,768,143.0,150,818,1000,5,1000,999,986,1000,1000,951,1000,1000,108,966,41,500,1000,995,766,18.6 (20621.3.11.11.3),150,38,793,5,913,820,945,300,26,330,598,750,842,1,897,0,770,636,734,-,151,38,793,5,869,795,935,300,26,284,598,750,108,1,41,0,770,636,0
2025-09-23,140.0.7339.185,947,759,947,992,985,952,1000,1000,1000,696,891,959,993,971,992,500,1000,1000,90,140.0.3485.81,947,1000,947,981,869,952,999,1000,1000,637,891,959,993,971,984,500,1000,1000,768,143.0.1,150,809,1000,5,1000,999,986,1000,1000,954,1000,1000,108,966,41,500,1000,995,766,26.0 (21622.1.22.11.14),800,38,793,5,985,814,954,1000,17,443,598,795,882,1000,916,0,786,697,951,-,151,38,793,5,869,789,944,1000,17,376,598,795,108,966,41,0,786,697,0
2025-09-27,140.0.7339.207,937,759,947,992,985,952,1000,1000,1000,696,891,959,993,971,992,500,1000,1000,90,140.0.3485.94,937,1000,947,978,884,952,999,1000,1000,592,891,959,993,971,984,500,1000,1000,768,143.0.1,150,809,1000,5,1000,999,986,1000,1000,951,1000,1000,108,966,41,500,1000,995,766,26.0 (21622.1.22.11.14),797,38,800,5,985,820,954,1000,17,443,598,795,882,1000,949,0,786,697,951,-,151,38,800,5,869,795,944,1000,17,342,598,795,108,966,41,0,786,697,0
2025-09-29,140.0.7339.207,937,751,947,992,985,952,1000,1000,1000,696,891,959,993,971,992,500,1000,1000,90,140.0.3485.94,937,1000,947,984,884,952,999,1000,1000,637,891,959,993,888,984,500,1000,1000,768,143.0.1,150,827,1000,5,1000,999,986,1000,1000,1000,1000,1000,108,966,41,500,1000,995,766,26.0 (21622.1.22.11.14),797,38,793,5,985,820,954,1000,26,443,598,795,882,1000,945,0,786,697,951,-,151,38,793,5,869,795,944,1000,26,376,598,795,108,882,41,0,786,697,0
2025-10-03,141.0.7390.54,966,759,947,992,985,952,1000,1000,1000,696,1000,1000,993,1000,992,500,1000,1000,893,141.0.3537.57,966,1000,913,976,884,952,999,1000,1000,637,1000,1000,993,1000,977,500,1000,1000,909,143.0.3,150,818,1000,5,1000,999,986,1000,1000,1000,1000,1000,108,966,41,500,1000,995,766,26.0 (21622.1.22.11.14),797,38,800,5,985,820,955,1000,17,443,598,795,882,1000,954,0,786,697,951,-,151,38,766,5,869,795,945,1000,17,376,598,795,108,966,38,0,786,697,696
2025-10-04,141.0.7390.54,962,759,947,992,985,952,1000,1000,1000,696,1000,1000,993,1000,992,500,1000,1000,818,141.0.3537.57,962,1000,947,970,884,952,999,1000,1000,637,1000,1000,993,1000,984,500,1000,1000,909,143.0.4,150,818,1000,5,1000,999,986,1000,1000,1000,1000,1000,108,966,41,500,1000,995,766,26.0 (21622.1.22.11.14),792,38,800,5,985,820,955,1000,26,443,598,795,882,1000,953,0,786,697,951,-,151,38,800,5,869,795,945,1000,26,376,598,795,108,966,41,0,786,697,696
2025-10-05,141.0.7390.54,962,742,947,992,985,952,1000,1000,1000,696,1000,1000,993,1000,992,500,1000,1000,909,141.0.3537.57,962,1000,947,981,884,952,999,1000,1000,637,1000,1000,993,1000,984,500,1000,1000,909,143.0.4,150,809,1000,5,1000,999,986,1000,1000,1000,1000,1000,108,966,41,500,1000,995,766,26.0 (21622.1.22.11.14),792,38,793,5,985,820,955,1000,26,443,598,795,882,1000,953,0,786,697,951,-,151,38,793,5,869,795,945,1000,26,376,598,795,108,966,41,0,786,697,696
2025-10-07,141.0.7390.54,962,759,947,992,985,952,1000,1000,1000,696,1000,1000,993,1000,992,500,1000,1000,909,141.0.3537.57,962,1000,947,986,884,952,999,1000,1000,637,1000,1000,993,1000,984,500,1000,1000,909,143.0.4,150,809,1000,5,1000,999,986,1000,1000,1000,1000,1000,108,966,41,500,1000,995,766,26.0 (21622.1.22.11.14),792,38,793,5,985,820,955,1000,17,443,598,795,882,1000,953,0,786,697,951,-,151,38,793,5,869,795,945,1000,17,376,598,795,108,966,41,0,786,697,696
2025-10-08,141.0.7390.65,962,759,947,992,985,952,1000,1000,1000,696,1000,1000,993,1000,992,500,1000,1000,909,141.0.3537.57,962,1000,947,976,884,928,999,1000,1000,637,1000,1000,993,1000,984,500,1000,1000,909,143.0.4,150,818,1000,5,1000,999,986,1000,1000,1000,1000,1000,108,966,41,500,1000,995,766,26.0 (21622.1.22.11.14),792,38,793,5,985,820,955,1000,26,443,598,795,882,1000,953,0,786,697,951,-,151,38,793,5,869,771,945,1000,26,376,598,795,108,966,41,0,786,697,696
2025-10-09,141.0.7390.65,962,759,947,984,985,952,1000,1000,1000,696,1000,1000,991,1000,992,500,1000,1000,909,141.0.3537.57,962,1000,947,976,884,952,999,1000,1000,637,1000,1000,991,1000,980,500,1000,1000,909,143.0.4,150,818,1000,5,1000,999,986,1000,1000,1000,1000,1000,108,966,41,500,1000,995,766,26.0 (21622.1.22.11.14),792,38,800,5,985,820,955,1000,26,443,598,795,883,1000,956,0,786,697,951,-,151,38,800,5,869,795,945,1000,26,376,598,795,108,966,41,0,786,697,696
2025-10-10,141.0.7390.76,962,751,947,984,985,952,1000,1000,1000,696,1000,1000,991,1000,992,500,1000,1000,890,141.0.3537.71,962,991,947,976,884,952,999,1000,1000,637,1000,1000,991,1000,977,500,1000,1000,909,143.0.4,150,818,1000,5,1000,999,986,1000,1000,1000,1000,1000,108,966,41,500,1000,995,766,26.0 (21622.1.22.11.14),792,38,793,5,985,820,955,1000,26,443,598,795,883,1000,956,0,786,697,951,-,151,38,793,5,869,795,945,1000,26,376,598,795,108,966,38,0,786,697,678
2025-10-11,141.0.7390.76,962,760,947,984,985,952,1000,1000,1000,696,1000,1000,991,1000,992,500,1000,1000,909,141.0.3537.71,962,1000,947,970,884,928,999,1000,1000,637,1000,1000,991,1000,984,500,1000,1000,909,143.0.4,150,793,1000,5,1000,999,986,1000,1000,1000,1000,1000,108,966,41,500,1000,995,766,26.0 (21622.1.22.11.14),792,38,793,5,985,820,955,1000,26,443,598,795,883,1000,956,0,786,697,951,-,151,38,793,5,869,771,945,1000,26,376,598,795,108,966,41,0,786,697,696
2025-10-12,141.0.7390.76,962,751,947,984,985,952,1000,1000,1000,696,1000,1000,991,1000,992,500,1000,1000,909,141.0.3537.71,962,982,947,965,884,952,999,1000,1000,637,1000,1000,991,1000,984,500,1000,1000,909,143.0.4,150,818,1000,5,1000,999,986,1000,1000,1000,1000,1000,108,966,41,500,1000,995,766,26.0 (21622.1.22.11.14),792,38,793,5,985,820,955,1000,26,443,598,795,883,1000,956,0,786,697,951,-,151,38,793,5,869,795,945,1000,26,376,598,795,108,966,41,0,786,697,696
2025-10-13,141.0.7390.76,962,760,947,984,985,952,1000,1000,1000,696,1000,1000,991,1000,992,500,1000,1000,909,141.0.3537.71,962,1000,947,973,884,952,999,1000,1000,637,1000,1000,991,1000,984,500,1000,1000,909,143.0.4,150,818,1000,5,1000,999,986,1000,1000,1000,1000,1000,108,966,41,500,1000,995,766,26.0 (21622.1.22.11.14),792,38,793,5,1000,820,955,1000,17,443,598,795,883,1000,958,0,786,697,951,-,151,38,793,5,884,795,945,1000,17,376,598,795,108,966,41,0,786,697,696
2025-10-14,141.0.7390.76,962,760,947,984,985,952,1000,1000,1000,696,1000,1000,991,1000,992,500,1000,1000,909,141.0.3537.71,962,1000,947,968,884,952,999,1000,1000,637,1000,1000,991,1000,984,500,1000,1000,909,143.0.4,150,818,1000,5,1000,999,986,1000,1000,1000,1000,1000,108,966,41,500,1000,995,766,26.0 (21622.1.22.11.14),792,38,793,5,1000,790,955,1000,26,420,598,795,883,1000,956,0,780,697,951,-,151,38,793,5,884,766,945,1000,26,353,598,795,108,966,41,0,780,697,696
2025-10-16,141.0.7390.78,962,751,947,984,985,952,1000,1000,1000,696,1000,1000,991,1000,992,500,1000,1000,890,141.0.3537.71,962,1000,947,970,884,952,999,1000,1000,637,1000,1000,991,1000,984,500,1000,1000,909,144.0,150,990,1000,5,1000,1000,987,1000,1000,996,1000,1000,108,966,874,500,1000,995,909,26.0 (21622.1.22.11.14),792,38,793,5,1000,820,955,1000,26,443,598,795,866,1000,954,0,786,697,951,-,151,38,793,5,884,796,945,1000,26,376,598,795,108,966,839,0,786,697,769
2025-10-19,141.0.7390.78,962,760,947,984,985,952,1000,1000,1000,696,1000,1000,991,1000,992,500,1000,1000,909,141.0.3537.85,962,1000,947,970,884,952,999,1000,1000,637,1000,1000,991,1000,984,500,1000,1000,909,144.0,150,990,1000,5,1000,1000,987,1000,1000,1000,1000,1000,108,966,874,500,1000,995,909,26.0 (21622.1.22.11.14),792,38,793,5,1000,820,955,1000,17,443,598,795,883,1000,958,0,786,697,951,-,151,38,793,5,884,796,945,1000,17,376,598,795,108,966,839,0,786,697,787
2025-10-20,141.0.7390.78,962,760,947,984,985,952,1000,1000,1000,696,1000,1000,991,1000,992,500,1000,1000,909,141.0.3537.85,962,1000,947,970,884,952,999,1000,1000,637,1000,1000,991,1000,984,500,1000,1000,909,144.0,150,982,1000,5,1000,1000,987,1000,1000,1000,1000,1000,108,966,874,500,1000,995,909,26.0 (21622.1.22.11.14),792,38,793,5,1000,820,955,1000,17,443,598,795,883,1000,956,0,786,697,951,-,151,38,793,5,884,796,945,1000,17,376,598,795,108,966,838,0,786,697,787
2025-10-21,141.0.7390.78,962,760,947,984,985,952,1000,1000,1000,696,1000,1000,991,1000,992,500,1000,1000,909,141.0.3537.92,962,1000,947,970,884,928,999,1000,1000,637,1000,1000,991,1000,984,500,1000,1000,909,144.0,150,999,1000,5,1000,1000,987,1000,1000,996,1000,1000,108,966,874,500,1000,995,909,26.0 (21622.1.22.11.14),792,38,800,5,1000,820,955,1000,17,443,598,795,883,1000,956,0,786,697,951,-,151,38,800,5,884,772,945,1000,17,376,598,795,108,966,838,0,786,697,787
2025-10-23,141.0.7390.122,962,751,947,984,985,952,1000,1000,1000,696,1000,1000,991,1000,992,500,1000,1000,909,141.0.3537.92,962,982,947,962,884,952,999,1000,1000,637,1000,1000,991,1000,984,500,1000,1000,909,144.0,150,990,1000,5,1000,1000,987,1000,1000,1000,1000,1000,108,966,874,500,1000,995,909,26.0 (21622.1.22.11.14),792,38,793,5,1000,820,955,1000,17,443,598,795,883,1000,956,0,786,697,951,-,151,29,793,5,884,796,945,1000,17,376,598,795,108,966,838,0,786,697,787
2025-10-26,141.0.7390.122,957,751,947,984,971,952,1000,1000,1000,674,1000,1000,991,1000,992,500,1000,1000,909,141.0.3537.99,957,982,947,973,869,952,999,1000,1000,615,1000,1000,991,1000,984,500,1000,1000,818,144.0,149,998,1000,5,985,1000,987,1000,1000,1000,1000,1000,108,966,874,500,1000,995,909,26.0 (21622.1.22.11.14),787,38,793,5,1000,820,955,1000,17,443,598,795,883,1000,956,0,786,697,951,-,150,38,793,5,869,796,945,1000,17,376,598,795,108,966,838,0,786,697,696
2025-10-28,141.0.7390.122,957,742,947,984,971,952,1000,1000,1000,696,1000,1000,991,1000,992,500,1000,1000,909,141.0.3537.99,957,991,947,978,869,928,999,1000,1000,637,1000,1000,991,833,984,500,1000,1000,909,144.0,149,981,1000,5,985,1000,987,1000,1000,1000,1000,1000,108,966,874,500,1000,995,909,26.0 (21622.1.22.11.14),787,38,793,5,1000,820,955,1000,17,443,598,795,882,1000,956,0,786,697,951,-,150,38,793,5,869,772,945,1000,17,376,598,795,108,807,838,0,786,697,787
2025-10-29,142.0.7444.59,957,742,1000,984,1000,988,1000,1000,1000,637,1000,1000,991,1000,996,500,1000,1000,909,141.0.3537.99,957,991,947,970,869,928,999,1000,1000,637,1000,1000,991,1000,984,500,1000,1000,909,144.0.2,149,981,1000,2,985,1000,987,1000,1000,1000,1000,1000,108,966,874,500,1000,995,909,26.0 (21622.1.22.11.14),787,38,793,2,1000,820,955,1000,17,443,598,795,882,1000,956,0,786,697,951,-,150,38,793,2,869,772,945,1000,17,376,598,795,108,966,838,0,786,697,787
2025-11-01,142.0.7444.59,953,751,1000,984,1000,988,1000,1000,1000,863,1000,1000,991,1000,996,500,1000,1000,909,142.0.3595.53,953,991,1000,962,884,988,999,1000,1000,863,1000,1000,991,1000,988,500,1000,1000,909,144.0.2,152,981,1000,2,985,1000,987,1000,1000,1000,1000,1000,108,966,874,500,1000,995,909,26.0 (21622.1.22.11.14),783,38,793,2,1000,820,955,1000,26,443,598,795,882,1000,956,0,786,697,951,-,151,38,793,2,869,820,945,1000,26,397,598,795,108,966,838,0,786,697,787
2025-11-02,142.0.7444.59,953,742,1000,984,1000,988,1000,1000,1000,863,1000,1000,991,1000,996,500,1000,1000,909,142.0.3595.53,953,991,1000,973,884,988,999,1000,1000,863,1000,1000,991,1000,988,500,1000,1000,727,144.0.2,152,998,1000,2,985,1000,987,1000,1000,1000,1000,1000,108,966,874,500,1000,995,909,26.0 (21622.1.22.11.14),783,38,793,2,1000,820,955,1000,17,443,598,795,882,1000,958,0,786,697,951,-,151,38,793,2,869,820,945,1000,17,397,598,795,108,966,839,0,786,697,606
2025-11-03,142.0.7444.59,953,742,1000,984,1000,988,1000,1000,1000,863,1000,1000,991,1000,996,500,1000,1000,909,142.0.3595.53,953,991,1000,968,884,988,999,1000,1000,863,1000,1000,991,1000,992,500,1000,1000,909,144.0.2,152,990,1000,2,985,1000,987,1000,1000,996,1000,1000,108,966,874,500,1000,995,909,26.0 (21622.1.22.11.14),783,38,793,2,1000,820,955,1000,26,443,598,795,882,1000,958,0,786,697,951,-,151,38,793,2,869,820,945,1000,26,397,598,795,108,966,843,0,786,697,787
2025-11-04,142.0.7444.59,953,742,1000,984,1000,988,1000,1000,1000,863,1000,1000,991,1000,996,500,1000,1000,818,142.0.3595.53,953,991,1000,965,884,988,999,1000,1000,863,1000,1000,991,1000,992,500,1000,1000,909,144.0.2,152,981,1000,2,985,1000,987,1000,1000,1000,1000,1000,108,966,874,500,1000,996,909,26.0 (21622.1.22.11.14),783,38,793,2,1000,820,955,1000,17,443,598,795,882,1000,958,0,786,697,951,-,151,38,793,2,869,820,945,1000,17,397,598,795,108,966,843,0,786,697,696
2025-11-05,142.0.7444.59,953,751,1000,981,1000,988,1000,1000,1000,863,1000,1000,991,1000,996,500,1000,1000,909,142.0.3595.53,953,991,1000,962,884,988,999,1000,1000,863,1000,1000,991,1000,988,500,1000,1000,909,144.0.2,152,981,1000,2,985,1000,987,1000,1000,1000,1000,1000,108,966,874,500,1000,996,909,26.1 (21622.2.11.11.9),896,38,793,2,1000,820,955,1000,17,443,598,795,882,1000,975,0,786,697,951,-,151,38,793,2,869,820,945,1000,17,397,598,795,108,966,849,0,786,697,787
2025-11-06,142.0.7444.61,953,734,1000,981,1000,988,1000,1000,1000,863,1000,1000,991,1000,996,500,1000,1000,909,142.0.3595.53,953,991,1000,973,884,988,999,1000,1000,818,1000,1000,991,1000,992,500,1000,1000,909,144.0.2,152,981,1000,2,985,1000,987,1000,1000,1000,1000,1000,108,966,874,500,1000,996,909,26.1 (21622.2.11.11.9),896,38,793,2,1000,820,955,1000,26,443,598,795,882,1000,975,0,786,697,951,-,151,38,793,2,869,820,945,1000,26,363,598,795,108,966,853,0,786,697,787
2025-11-07,142.0.7444.61,953,734,1000,976,1000,988,1000,1000,1000,863,1000,1000,991,1000,996,500,1000,1000,909,142.0.3595.65,953,991,1000,968,884,964,999,1000,1000,818,1000,1000,991,1000,988,500,1000,1000,909,144.0.2,152,990,1000,2,985,1000,987,1000,1000,1000,1000,1000,108,957,874,500,1000,996,909,26.1 (21622.2.11.11.9),896,38,800,2,1000,820,955,1000,17,443,598,795,882,1000,975,0,786,697,951,-,151,38,800,2,869,808,945,1000,17,386,598,795,108,957,849,0,786,697,787
2025-11-09,142.0.7444.61,953,742,1000,976,1000,988,1000,1000,1000,863,1000,1000,991,1000,996,500,1000,1000,818,142.0.3595.69,953,991,1000,965,884,988,999,1000,1000,863,1000,1000,991,1000,988,500,1000,1000,909,144.0.2,152,990,1000,2,985,1000,987,1000,1000,996,1000,1000,108,957,874,500,1000,996,909,26.1 (21622.2.11.11.9),896,38,793,2,1000,820,955,1000,26,443,598,795,882,1000,975,0,786,697,951,-,151,38,793,2,869,820,945,1000,26,397,598,795,108,957,849,0,786,697,696
2025-11-19,142.0.7444.175,953,742,1000,976,1000,988,1000,1000,1000,863,1000,1000,991,1000,996,500,1000,1000,890,142.0.3595.90,953,991,1000,970,884,964,999,1000,1000,863,1000,1000,991,1000,988,500,1000,1000,818,145.0.1,152,998,1000,2,985,1000,986,1000,1000,996,1000,1000,108,998,904,1000,1000,996,1000,26.1 (21622.2.11.11.9),896,38,800,2,1000,820,955,1000,26,443,598,795,882,1000,975,0,786,697,951,-,151,38,800,2,869,796,944,1000,26,397,598,795,108,998,880,0,786,697,769
2025-11-20,142.0.7444.175,952,734,1000,976,1000,988,1000,1000,1000,863,1000,1000,991,1000,996,500,1000,1000,909,142.0.3595.90,952,991,1000,960,884,988,999,1000,1000,863,1000,1000,991,1000,988,500,1000,1000,909,145.0.1,152,973,1000,2,985,1000,986,1000,1000,1000,1000,1000,108,998,904,1000,1000,996,1000,26.1 (21622.2.11.11.9),896,38,800,2,1000,820,955,1000,17,443,598,795,882,1000,975,0,786,697,951,-,151,38,800,2,869,820,944,1000,17,397,598,795,108,998,880,0,786,697,878
2025-11-23,142.0.7444.175,952,734,1000,976,1000,988,1000,1000,1000,863,1000,1000,991,1000,996,500,1000,1000,909,142.0.3595.94,952,991,1000,965,884,988,999,1000,1000,818,1000,1000,991,1000,988,500,1000,1000,909,145.0.1,152,998,1000,2,985,1000,986,1000,1000,1000,1000,1000,108,998,904,1000,1000,996,1000,26.1 (21622.2.11.11.9),896,38,793,2,1000,820,955,1000,26,443,598,795,882,1000,975,0,786,697,951,-,151,38,793,2,869,820,944,1000,26,382,598,795,108,998,880,0,786,697,878
2025-11-24,142.0.7444.175,952,734,1000,976,1000,988,1000,1000,1000,863,1000,1000,991,1000,996,500,1000,1000,909,142.0.3595.94,952,991,1000,962,884,988,999,1000,1000,863,1000,1000,991,1000,988,500,1000,1000,909,145.0.1,152,998,1000,2,985,1000,986,1000,1000,1000,1000,1000,108,998,904,1000,1000,996,1000,26.1 (21622.2.11.11.9),896,38,800,2,1000,820,955,1000,26,443,598,795,882,1000,975,0,786,697,951,-,151,38,800,2,869,820,944,1000,26,397,598,795,108,998,880,0,786,697,878
2025-11-25,142.0.7444.175,952,751,1000,976,1000,988,1000,1000,1000,863,1000,1000,991,1000,996,500,1000,1000,909,142.0.3595.94,952,991,1000,952,884,988,999,1000,1000,863,1000,1000,991,1000,988,500,1000,1000,909,145.0.1,152,990,1000,2,985,1000,986,1000,1000,1000,1000,1000,108,998,904,1000,1000,996,1000,26.1 (21622.2.11.11.9),896,38,793,2,1000,820,955,1000,26,443,598,795,882,1000,975,0,786,697,951,-,151,38,793,2,869,820,944,1000,26,397,598,795,108,998,880,0,786,697,878
2025-12-04,143.0.7499.40,961,742,1000,976,1000,1000,1000,1000,1000,863,1000,1000,1000,1000,996,500,1000,1000,909,142.0.3595.94,952,982,1000,965,884,988,999,1000,1000,863,1000,1000,991,1000,988,500,1000,1000,909,145.0.2,152,998,1000,2,985,1000,986,1000,1000,1000,1000,1000,108,998,904,1000,1000,996,1000,26.1 (21622.2.11.11.9),898,38,793,2,1000,820,955,1000,26,443,598,795,882,1000,975,0,786,697,951,-,151,29,793,2,869,820,944,1000,26,397,598,795,108,998,880,0,786,697,878
2025-12-05,143.0.7499.40,961,742,1000,976,1000,1000,1000,1000,1000,863,1000,1000,1000,1000,996,500,1000,1000,890,143.0.3650.66,961,991,1000,965,1000,1000,999,1000,1000,818,1000,1000,1000,1000,988,500,1000,1000,909,145.0.2,152,998,1000,2,985,1000,986,1000,1000,1000,1000,1000,108,998,904,1000,1000,996,1000,26.1 (21622.2.11.11.9),898,38,793,2,1000,820,955,1000,26,443,598,795,882,1000,975,0,786,697,951,-,151,38,793,2,985,820,944,1000,26,386,598,795,108,998,880,0,786,697,860
2025-12-07,143.0.7499.40,961,734,1000,976,1000,1000,1000,1000,1000,863,1000,1000,1000,1000,996,500,1000,1000,909,143.0.3650.66,961,991,1000,965,1000,1000,999,1000,1000,863,1000,1000,1000,1000,988,500,1000,1000,909,145.0.2,152,998,1000,2,985,1000,986,1000,1000,1000,1000,1000,108,998,901,1000,1000,996,1000,26.1 (21622.2.11.11.9),898,38,793,2,1000,796,955,1000,17,443,598,795,882,1000,975,0,786,697,951,-,151,38,793,2,985,796,944,1000,17,397,598,795,108,998,876,0,786,697,878
2025-12-18,143.0.7499.146,961,742,1000,976,1000,1000,999,1000,1000,863,1000,1000,1000,1000,996,500,1000,1000,909,143.0.3650.80,961,1000,1000,970,1000,1000,999,1000,1000,863,1000,1000,1000,1000,992,500,1000,1000,909,146.0,152,998,1000,2,985,1000,986,1000,1000,1000,1000,1000,1000,998,904,1000,1000,996,1000,26.2 (21623.1.14.11.9),991,999,1000,989,1000,957,964,1000,1000,977,1000,1000,1000,1000,984,1000,1000,816,1000,-,151,741,1000,2,985,957,953,1000,1000,840,1000,1000,1000,998,893,500,1000,813,909
2025-12-19,143.0.7499.169,961,751,1000,976,1000,1000,1000,1000,1000,863,1000,1000,1000,1000,996,500,1000,1000,909,143.0.3650.96,961,1000,1000,965,1000,1000,999,1000,1000,863,1000,1000,1000,1000,988,500,1000,1000,909,146.0.1,152,998,1000,2,985,1000,986,1000,1000,1000,1000,1000,1000,998,904,1000,1000,996,1000,26.2 (21623.1.14.11.9),991,999,993,989,1000,957,963,1000,1000,977,1000,1000,1000,1000,984,1000,1000,816,1000,-,151,750,993,2,985,957,953,1000,1000,840,1000,1000,1000,998,889,500,1000,813,909
2025-12-20,143.0.7499.169,961,742,1000,976,1000,1000,1000,1000,1000,863,1000,1000,1000,1000,996,500,1000,1000,909,143.0.3650.96,961,1000,1000,962,1000,1000,999,1000,1000,818,1000,1000,1000,1000,984,500,1000,1000,909,146.0.1,152,990,1000,2,985,1000,986,1000,1000,1000,1000,1000,1000,996,904,1000,1000,996,1000,26.2 (21623.1.14.11.9),991,999,993,989,1000,957,964,1000,1000,977,1000,1000,1000,1000,984,1000,1000,816,1000,-,151,733,993,2,985,957,953,1000,1000,795,1000,1000,1000,996,885,500,1000,813,909
2025-12-21,143.0.7499.169,961,751,1000,976,1000,1000,1000,1000,1000,863,1000,1000,1000,1000,996,500,1000,1000,909,143.0.3650.96,961,1000,1000,968,1000,976,999,1000,1000,863,1000,1000,1000,1000,988,500,1000,1000,909,146.0.1,152,990,1000,2,985,1000,986,1000,1000,996,1000,1000,1000,996,904,1000,1000,996,1000,26.2 (21623.1.14.11.9),991,999,1000,989,1000,957,964,1000,991,977,1000,1000,1000,1000,984,1000,1000,816,1000,-,151,741,1000,2,985,933,953,1000,991,837,1000,1000,1000,996,889,500,1000,813,909
2025-12-22,143.0.7499.169,961,751,1000,976,1000,1000,1000,1000,1000,863,1000,1000,1000,1000,996,500,1000,1000,818,143.0.3650.96,961,1000,1000,968,1000,1000,999,1000,1000,863,1000,1000,1000,1000,988,500,1000,1000,909,146.0.1,152,998,1000,2,985,1000,986,1000,1000,1000,1000,1000,1000,996,904,1000,1000,996,1000,26.2 (21623.1.14.11.9),991,999,1000,989,1000,957,964,1000,1000,977,1000,1000,1000,1000,984,1000,1000,816,1000,-,151,750,1000,2,985,957,953,1000,1000,840,1000,1000,1000,996,889,500,1000,813,818
2025-12-23,143.0.7499.169,961,751,1000,976,1000,1000,1000,1000,1000,863,1000,1000,1000,1000,996,500,1000,1000,909,143.0.3650.96,961,991,1000,965,1000,976,999,1000,1000,863,1000,1000,1000,1000,988,500,1000,1000,909,146.0.1,152,998,1000,2,985,1000,986,1000,1000,1000,1000,1000,1000,996,904,1000,1000,996,1000,26.2 (21623.1.14.11.9),991,999,993,989,1000,957,964,1000,991,977,1000,1000,1000,1000,984,1000,1000,816,1000,-,151,750,993,2,985,933,953,1000,991,840,1000,1000,1000,996,889,500,1000,813,909
2025-12-24,143.0.7499.169,961,751,1000,976,1000,1000,1000,1000,1000,863,1000,1000,1000,1000,996,500,1000,1000,909,143.0.3650.96,961,1000,1000,968,1000,1000,999,1000,1000,863,1000,1000,1000,1000,988,500,1000,1000,909,146.0.1,152,998,1000,2,985,1000,986,1000,1000,1000,1000,1000,1000,996,904,1000,1000,996,1000,26.2 (21623.1.14.11.9),991,999,993,989,1000,957,964,1000,1000,977,1000,1000,1000,1000,984,1000,1000,816,1000,-,151,750,993,2,985,957,953,1000,1000,840,1000,1000,1000,996,889,500,1000,813,909
2025-12-25,143.0.7499.169,961,751,1000,976,1000,1000,1000,1000,1000,863,1000,1000,1000,1000,996,500,1000,1000,909,143.0.3650.96,961,1000,1000,968,1000,1000,999,1000,1000,863,1000,1000,1000,1000,988,416,1000,1000,909,146.0.1,152,998,1000,2,985,1000,986,1000,1000,1000,1000,1000,1000,996,904,1000,1000,996,1000,26.2 (21623.1.14.11.9),991,999,1000,989,1000,957,964,1000,991,977,1000,1000,1000,1000,984,1000,1000,816,1000,-,151,750,1000,2,985,957,953,1000,991,840,1000,1000,1000,996,889,416,1000,813,909
2025-12-27,143.0.7499.169,961,751,1000,976,1000,1000,1000,1000,1000,863,1000,1000,1000,1000,996,500,1000,1000,909,143.0.3650.96,961,1000,1000,957,1000,976,999,1000,1000,863,1000,1000,1000,1000,988,500,1000,1000,818,146.0.1,152,998,1000,2,985,1000,986,1000,1000,1000,1000,1000,1000,996,904,1000,1000,996,1000,26.2 (21623.1.14.11.9),991,999,1000,989,1000,957,964,1000,1000,977,1000,1000,1000,1000,984,1000,1000,816,1000,-,151,750,1000,2,985,933,953,1000,1000,840,1000,1000,1000,996,889,500,1000,813,818
2025-12-28,143.0.7499.169,961,734,1000,976,1000,1000,1000,1000,1000,863,1000,1000,1000,1000,996,500,1000,1000,909,143.0.3650.96,961,1000,1000,955,1000,1000,999,1000,1000,863,1000,1000,1000,1000,988,500,1000,1000,909,146.0.1,152,998,1000,2,985,1000,986,1000,1000,1000,1000,1000,1000,996,904,1000,1000,996,1000,26.2 (21623.1.14.11.9),991,999,1000,989,1000,957,964,1000,1000,977,1000,1000,1000,1000,984,1000,1000,816,1000,-,151,733,1000,2,985,957,953,1000,1000,840,1000,1000,1000,996,889,500,1000,813,909
2025-12-29,143.0.7499.169,961,751,1000,976,1000,1000,1000,1000,1000,863,1000,1000,1000,1000,996,500,1000,1000,909,143.0.3650.96,961,1000,1000,960,1000,1000,999,1000,1000,863,1000,1000,1000,1000,988,500,1000,1000,909,146.0.1,152,998,1000,2,985,1000,986,1000,1000,1000,1000,1000,1000,996,904,1000,1000,996,1000,26.2 (21623.1.14.11.9),991,999,1000,989,1000,957,964,1000,991,977,1000,1000,1000,1000,984,1000,1000,816,1000,-,151,750,1000,2,985,957,953,1000,991,840,1000,1000,1000,996,889,500,1000,813,909
2025-12-30,143.0.7499.169,961,751,1000,976,1000,1000,1000,1000,1000,863,1000,1000,1000,1000,996,500,1000,1000,909,143.0.3650.96,961,1000,1000,970,1000,1000,999,1000,1000,863,1000,1000,1000,1000,992,500,1000,1000,909,146.0.1,152,998,1000,2,985,1000,986,1000,1000,996,1000,1000,1000,996,904,1000,1000,996,1000,26.2 (21623.1.14.11.9),991,999,1000,989,1000,957,964,1000,1000,977,1000,1000,1000,1000,984,1000,1000,816,1000,-,151,750,1000,2,985,957,953,1000,1000,837,1000,1000,1000,996,893,500,1000,813,909
2025-12-31,143.0.7499.169,961,751,1000,976,1000,1000,1000,1000,1000,863,1000,1000,1000,1000,992,500,1000,1000,909,143.0.3650.96,961,1000,1000,968,1000,1000,999,1000,1000,863,1000,1000,1000,1000,988,500,1000,1000,727,146.0.1,152,990,1000,2,985,1000,986,1000,1000,1000,1000,1000,1000,996,904,1000,1000,996,1000,26.2 (21623.1.14.11.9),991,999,1000,989,1000,957,964,1000,1000,977,1000,1000,1000,1000,984,1000,1000,816,1000,-,151,741,1000,2,985,957,953,1000,1000,840,1000,1000,1000,996,885,500,1000,813,727
2026-01-01,143.0.7499.169,961,751,1000,976,1000,1000,1000,1000,1000,863,1000,1000,1000,1000,996,500,1000,1000,909,143.0.3650.96,961,1000,1000,968,1000,952,999,1000,1000,863,1000,1000,1000,1000,988,500,1000,1000,909,146.0.1,152,990,1000,2,985,1000,986,1000,1000,1000,1000,1000,1000,996,904,1000,1000,996,1000,26.2 (21623.1.14.11.9),991,999,993,989,1000,957,964,1000,1000,977,1000,1000,1000,1000,984,1000,1000,816,1000,-,151,741,993,2,985,909,953,1000,1000,840,1000,1000,1000,996,889,500,1000,813,909
2026-01-02,143.0.7499.169,961,742,1000,976,1000,1000,1000,1000,1000,863,1000,1000,1000,1000,996,500,1000,1000,909,143.0.3650.96,961,1000,1000,957,1000,1000,999,1000,1000,863,1000,1000,1000,1000,984,500,1000,1000,909,146.0.1,152,998,1000,2,985,1000,986,1000,1000,996,1000,1000,1000,996,904,1000,1000,996,1000,26.2 (21623.1.14.11.9),991,999,1000,989,1000,957,964,1000,1000,977,1000,1000,1000,1000,984,1000,1000,816,1000,-,151,741,1000,2,985,957,953,1000,1000,837,1000,1000,1000,996,885,500,1000,813,909
2026-01-04,143.0.7499.169,961,742,1000,976,1000,1000,1000,1000,1000,863,1000,1000,1000,1000,996,500,1000,1000,909,143.0.3650.96,961,1000,1000,962,1000,1000,999,1000,1000,863,1000,1000,1000,1000,988,500,1000,1000,909,146.0.1,152,998,1000,2,985,1000,986,1000,1000,1000,1000,1000,1000,996,904,1000,1000,996,1000,26.2 (21623.1.14.11.9),991,999,1000,989,1000,957,964,1000,991,977,1000,1000,1000,1000,984,1000,1000,816,1000,-,151,741,1000,2,985,957,953,1000,991,840,1000,1000,1000,996,889,500,1000,813,909
2026-01-05,143.0.7499.169,961,751,1000,976,1000,1000,1000,1000,1000,863,1000,1000,1000,1000,996,500,1000,1000,909,143.0.3650.96,961,1000,1000,970,1000,1000,999,1000,1000,863,1000,1000,1000,1000,988,500,1000,1000,909,146.0.1,152,998,1000,2,985,1000,986,1000,1000,1000,1000,1000,1000,996,904,1000,1000,996,1000,26.2 (21623.1.14.11.9),991,999,1000,989,1000,957,964,1000,1000,977,1000,1000,1000,1000,984,1000,1000,816,1000,-,151,750,1000,2,985,957,953,1000,1000,840,1000,1000,1000,996,889,500,1000,813,909
2026-01-06,143.0.7499.169,961,742,1000,976,1000,1000,1000,1000,1000,863,1000,1000,1000,1000,996,500,1000,1000,818,143.0.3650.96,961,1000,1000,970,1000,1000,999,1000,1000,863,1000,1000,1000,1000,984,500,1000,1000,909,146.0.1,152,990,1000,2,985,1000,986,1000,1000,1000,1000,1000,1000,996,904,1000,1000,996,1000,26.2 (21623.1.14.11.9),991,999,1000,989,1000,957,964,1000,1000,977,1000,1000,1000,1000,984,1000,1000,816,1000,-,151,733,1000,2,985,957,953,1000,1000,840,1000,1000,1000,996,885,500,1000,813,818
2026-01-07,143.0.7499.192,961,742,1000,976,1000,1000,1000,1000,1000,863,1000,1000,1000,1000,996,500,1000,1000,909,143.0.3650.96,961,1000,1000,968,1000,1000,999,1000,1000,863,1000,1000,1000,1000,992,500,1000,1000,909,146.0.1,152,998,1000,2,985,1000,986,1000,1000,1000,1000,1000,1000,996,904,1000,1000,996,1000,26.2 (21623.1.14.11.9),991,999,993,989,1000,957,964,1000,991,977,1000,1000,1000,1000,984,1000,1000,816,1000,-,151,741,993,2,985,957,953,1000,991,840,1000,1000,1000,996,893,500,1000,813,909
2026-01-09,143.0.7499.192,961,742,1000,976,1000,1000,1000,1000,1000,863,1000,1000,1000,1000,996,500,1000,1000,909,143.0.3650.139,961,991,1000,968,1000,1000,999,1000,964,818,1000,1000,1000,1000,988,500,1000,1000,909,146.0.1,152,990,1000,2,985,1000,986,1000,1000,1000,1000,1000,1000,996,904,1000,1000,996,1000,26.2 (21623.1.14.11.9),991,999,1000,989,1000,957,964,1000,1000,977,1000,1000,1000,1000,984,1000,1000,816,1000,-,151,724,1000,2,985,957,953,1000,964,795,1000,1000,1000,996,889,500,1000,813,909
2026-01-10,143.0.7499.192,961,751,1000,976,1000,1000,1000,1000,1000,863,1000,1000,1000,1000,996,500,1000,1000,909,143.0.3650.139,961,1000,1000,970,1000,976,999,1000,1000,863,1000,1000,1000,1000,988,500,1000,1000,909,146.0.1,152,998,1000,2,985,1000,986,1000,1000,1000,1000,1000,1000,996,904,1000,1000,996,1000,26.2 (21623.1.14.11.9),991,999,1000,989,1000,957,964,1000,1000,977,1000,1000,1000,1000,984,1000,1000,816,1000,-,151,750,1000,2,985,933,953,1000,1000,840,1000,1000,1000,996,889,500,1000,813,909
2026-01-11,143.0.7499.192,961,751,1000,976,1000,1000,1000,1000,1000,863,1000,1000,1000,1000,996,500,1000,1000,909,143.0.3650.139,961,1000,1000,970,1000,1000,999,1000,1000,863,1000,1000,1000,1000,988,500,1000,1000,909,146.0.1,152,990,1000,2,985,1000,986,1000,1000,1000,1000,1000,1000,996,904,1000,1000,996,1000,26.2 (21623.1.14.11.9),991,999,993,989,1000,957,964,1000,991,977,1000,1000,1000,1000,984,1000,1000,816,1000,-,151,741,993,2,985,957,953,1000,991,840,1000,1000,1000,996,889,500,1000,813,909
2026-01-12,143.0.7499.192,961,751,1000,976,1000,1000,1000,1000,1000,863,1000,1000,1000,1000,996,500,1000,1000,890,143.0.3650.139,961,1000,1000,968,1000,976,999,1000,1000,863,1000,1000,1000,1000,988,500,1000,1000,909,146.0.1,152,990,1000,2,985,1000,986,1000,1000,996,1000,1000,1000,996,904,1000,1000,996,1000,26.2 (21623.1.14.11.9),991,999,1000,989,1000,957,964,1000,991,977,1000,1000,1000,1000,984,1000,1000,816,1000,-,151,741,1000,2,985,933,953,1000,991,837,1000,1000,1000,996,889,500,1000,813,890
2026-01-16,143.0.7499.192,961,751,1000,976,1000,1000,1000,1000,1000,863,1000,1000,1000,1000,996,500,1000,1000,909,143.0.3650.139,961,1000,1000,965,1000,1000,999,1000,1000,863,1000,1000,1000,1000,988,500,1000,1000,909,147.0,828,981,1000,917,1000,990,987,1000,1000,1000,1000,1000,1000,996,904,1000,1000,996,1000,26.2 (21623.1.14.11.9),991,999,1000,989,1000,957,963,1000,991,977,1000,1000,1000,1000,984,1000,1000,816,1000,-,823,733,1000,890,1000,947,954,1000,991,840,1000,1000,1000,996,889,500,1000,813,909
2026-01-17,143.0.7499.192,961,751,1000,976,1000,1000,1000,1000,1000,863,1000,1000,1000,1000,996,500,1000,1000,909,144.0.3719.82,991,1000,1000,984,1000,1000,999,1000,1000,863,1000,1000,1000,1000,988,1000,1000,1000,909,147.0.1,828,990,1000,920,1000,1000,987,1000,1000,1000,1000,1000,1000,996,904,1000,1000,996,1000,26.2 (21623.1.14.11.9),991,999,993,989,1000,957,964,1000,1000,977,1000,1000,1000,1000,984,1000,1000,816,1000,-,823,741,993,890,1000,957,954,1000,1000,840,1000,1000,1000,996,889,500,1000,813,909
2026-01-18,143.0.7499.192,961,751,1000,976,1000,1000,1000,1000,1000,863,1000,1000,1000,1000,996,500,1000,1000,909,144.0.3719.82,991,1000,1000,981,1000,1000,999,1000,1000,863,1000,1000,1000,1000,988,1000,1000,1000,909,147.0.1,828,990,1000,920,1000,1000,987,1000,1000,1000,1000,1000,1000,996,904,1000,1000,996,1000,26.2 (21623.1.14.11.9),991,999,1000,989,1000,957,964,1000,1000,977,1000,1000,1000,1000,984,1000,1000,816,1000,-,823,741,1000,890,1000,957,954,1000,1000,840,1000,1000,1000,996,889,500,1000,813,909
2026-01-19,143.0.7499.192,961,751,1000,976,1000,1000,1000,1000,1000,863,1000,1000,1000,1000,996,500,1000,1000,909,144.0.3719.82,991,1000,1000,989,1000,976,999,1000,1000,863,1000,1000,1000,1000,992,1000,1000,1000,909,147.0.1,828,998,1000,920,1000,1000,987,1000,1000,1000,1000,1000,1000,996,904,1000,1000,996,1000,26.2 (21623.1.14.11.9),991,999,1000,989,1000,957,964,1000,1000,977,1000,1000,1000,1000,984,1000,1000,816,1000,-,823,750,1000,896,1000,933,954,1000,1000,840,1000,1000,1000,996,893,500,1000,813,909
2026-01-21,144.0.7559.96,991,777,1000,992,1000,1000,1000,1000,1000,954,1000,1000,1000,1000,996,1000,1000,1000,909,144.0.3719.82,991,794,966,968,1000,1000,999,1000,1000,863,1000,1000,1000,1000,992,1000,1000,1000,909,147.0.1,828,998,1000,917,1000,1000,987,1000,1000,996,1000,1000,1000,996,904,1000,1000,996,1000,26.2 (21623.1.14.11.9),991,991,1000,989,1000,957,964,1000,1000,977,1000,1000,1000,1000,984,1000,1000,816,1000,-,832,768,966,890,1000,957,953,1000,1000,837,1000,1000,1000,996,893,1000,1000,813,909
2026-01-22,144.0.7559.96,991,777,1000,992,1000,1000,1000,1000,1000,954,1000,1000,1000,1000,996,1000,1000,1000,890,144.0.3719.82,991,794,1000,989,1000,976,999,1000,1000,863,1000,1000,1000,1000,988,1000,1000,1000,909,147.0.1,828,998,1000,920,1000,1000,987,1000,1000,996,1000,1000,1000,996,904,1000,1000,996,1000,26.2 (21623.1.14.11.9),991,999,993,989,1000,957,964,1000,1000,977,1000,1000,1000,1000,984,1000,1000,816,1000,-,832,776,993,912,1000,939,953,1000,1000,837,1000,1000,1000,996,889,1000,1000,813,890
2026-01-23,144.0.7559.96,991,777,1000,992,1000,1000,1000,1000,1000,954,1000,1000,1000,1000,996,1000,1000,1000,909,144.0.3719.82,991,794,1000,989,1000,1000,999,1000,1000,863,1000,1000,1000,1000,988,1000,1000,1000,773,147.0.1,828,998,1000,920,1000,1000,987,1000,1000,996,1000,1000,1000,996,904,1000,1000,996,1000,26.2 (21623.1.14.11.9),991,999,1000,989,1000,957,964,1000,1000,977,1000,1000,1000,1000,984,1000,1000,816,1000,-,832,776,1000,912,1000,957,954,1000,1000,837,1000,1000,1000,996,889,1000,1000,813,773
2026-01-25,144.0.7559.96,991,777,1000,992,1000,1000,1000,1000,1000,954,1000,1000,1000,1000,996,1000,1000,1000,909,144.0.3719.92,991,794,1000,986,1000,1000,999,1000,1000,863,1000,1000,1000,1000,988,1000,1000,1000,909,147.0.1,828,981,1000,920,1000,1000,987,1000,1000,1000,1000,1000,1000,996,912,1000,1000,996,1000,26.2 (21623.1.14.11.9),991,999,993,989,1000,933,964,1000,1000,977,1000,1000,1000,1000,984,1000,1000,816,1000,-,832,759,993,909,1000,933,954,1000,1000,840,1000,1000,1000,996,896,1000,1000,813,909
2026-01-26,144.0.7559.96,991,777,1000,992,1000,1000,1000,1000,1000,954,1000,1000,1000,1000,996,1000,1000,1000,909,144.0.3719.92,991,794,1000,986,1000,1000,999,1000,1000,863,1000,1000,1000,1000,992,1000,1000,1000,909,147.0.1,828,998,1000,920,1000,1000,987,1000,1000,996,1000,1000,1000,996,912,1000,1000,996,1000,26.2 (21623.1.14.11.9),991,999,1000,989,1000,957,964,1000,991,977,1000,1000,1000,1000,984,1000,1000,816,1000,-,832,776,1000,909,1000,957,954,1000,991,837,1000,1000,1000,996,900,1000,1000,813,909
2026-01-27,144.0.7559.96,991,768,1000,992,1000,1000,1000,1000,1000,954,1000,1000,1000,1000,996,1000,1000,1000,909,144.0.3719.92,991,794,1000,986,1000,1000,999,1000,1000,863,1000,1000,1000,1000,988,1000,1000,1000,909,147.0.1,828,998,1000,920,1000,1000,987,1000,1000,1000,1000,1000,1000,996,920,1000,1000,996,1000,26.2 (21623.1.14.11.9),991,999,1000,989,1000,957,964,1000,1000,977,1000,1000,1000,1000,984,1000,1000,816,1000,-,832,768,1000,909,1000,957,954,1000,1000,840,1000,1000,1000,996,904,1000,1000,813,909
2026-01-28,144.0.7559.109,991,768,1000,992,1000,1000,1000,1000,1000,954,1000,1000,1000,1000,996,1000,1000,1000,890,144.0.3719.92,991,794,1000,986,1000,1000,999,1000,1000,863,1000,1000,1000,916,988,1000,1000,1000,857,147.0.2,828,998,1000,917,1000,1000,987,1000,1000,1000,1000,1000,1000,996,923,1000,1000,996,1000,26.2 (21623.1.14.11.9),991,999,1000,989,1000,957,964,1000,1000,977,1000,1000,1000,1000,984,1000,1000,816,1000,-,832,768,1000,906,1000,957,954,1000,1000,840,1000,1000,1000,913,908,1000,1000,813,839
2026-02-01,145.0.7632.26,991,982,1000,992,1000,1000,1000,1000,1000,954,1000,1000,1000,1000,996,1000,1000,1000,909,144.0.3719.104,991,794,1000,989,1000,1000,999,1000,1000,863,1000,1000,1000,1000,988,1000,1000,1000,852,147.0.2,829,998,1000,920,1000,1000,987,1000,1000,1000,1000,1000,1000,996,923,1000,1000,996,1000,26.2 (21623.1.14.11.9),991,999,1000,989,1000,957,964,1000,1000,977,1000,1000,1000,1000,984,1000,1000,816,1000,-,832,776,1000,912,1000,957,954,1000,1000,840,1000,1000,1000,996,908,1000,1000,813,852
2026-02-02,145.0.7632.26,991,982,1000,992,1000,1000,1000,1000,1000,954,1000,1000,1000,1000,996,1000,1000,1000,909,144.0.3719.104,991,786,1000,989,1000,1000,999,1000,1000,863,1000,1000,1000,1000,988,1000,1000,1000,909,147.0.2,829,998,1000,920,1000,1000,987,1000,1000,996,1000,1000,1000,996,923,1000,1000,996,1000,26.2 (21623.1.14.11.9),991,999,1000,986,1000,957,964,1000,991,977,1000,1000,1000,1000,984,1000,1000,816,1000,-,832,768,1000,909,1000,957,954,1000,991,837,1000,1000,1000,996,908,1000,1000,813,909
2026-02-03,145.0.7632.26,991,974,1000,992,1000,1000,1000,1000,1000,954,1000,1000,1000,1000,996,1000,1000,1000,909,144.0.3719.104,991,794,1000,976,1000,976,999,1000,1000,863,1000,1000,1000,1000,988,1000,1000,1000,859,147.0.2,829,998,1000,920,1000,1000,987,1000,1000,1000,1000,1000,1000,996,923,1000,1000,996,1000,26.2 (21623.1.14.11.9),991,999,993,989,1000,957,964,1000,1000,977,1000,1000,1000,1000,984,1000,1000,816,1000,-,832,768,993,898,1000,933,954,1000,1000,840,1000,1000,1000,996,908,1000,1000,813,859
2026-02-04,144.0.7559.133,991,777,1000,992,1000,1000,1000,1000,1000,954,1000,1000,1000,1000,996,1000,1000,1000,909,144.0.3719.104,991,794,1000,986,1000,1000,999,1000,1000,863,1000,1000,1000,1000,988,1000,1000,1000,909,147.0.2,829,998,1000,917,1000,1000,987,1000,1000,1000,1000,1000,1000,996,923,1000,1000,996,1000,26.2 (21623.1.14.11.9),991,999,993,989,1000,957,964,1000,1000,977,1000,1000,1000,1000,984,1000,1000,816,1000,-,832,776,993,906,1000,957,954,1000,1000,840,1000,1000,1000,996,908,1000,1000,813,909
2026-02-05,145.0.7632.46,991,982,1000,992,1000,1000,1000,1000,1000,954,1000,1000,1000,1000,996,1000,1000,1000,909,144.0.3719.104,991,794,1000,986,1000,1000,999,1000,1000,863,1000,1000,1000,1000,992,1000,1000,1000,909,147.0.3,919,998,1000,931,1000,1000,988,1000,1000,1000,1000,1000,1000,998,923,1000,1000,996,1000,26.2 (21623.1.14.11.9),991,999,1000,989,1000,957,964,1000,1000,977,1000,1000,1000,1000,984,1000,1000,816,1000,-,923,776,1000,920,1000,957,955,1000,1000,840,1000,1000,1000,998,912,1000,1000,813,909
2026-02-06,145.0.7632.46,991,982,1000,992,1000,1000,1000,1000,1000,954,1000,1000,1000,1000,996,1000,1000,1000,909,144.0.3719.115,991,794,1000,989,1000,1000,999,1000,1000,863,1000,1000,1000,1000,988,1000,1000,1000,909,147.0.3,919,998,1000,928,1000,1000,988,1000,1000,996,1000,1000,1000,998,923,1000,1000,996,1000,26.2 (21623.1.14.11.9),991,999,993,989,1000,957,964,1000,1000,977,1000,1000,1000,1000,984,1000,1000,816,1000,-,923,776,993,920,1000,957,955,1000,1000,837,1000,1000,1000,998,908,1000,1000,813,909
2026-02-07,145.0.7632.46,991,982,1000,992,1000,1000,1000,1000,1000,954,1000,1000,1000,1000,996,1000,1000,1000,909,144.0.3719.115,991,794,1000,989,1000,1000,999,1000,1000,863,1000,1000,1000,1000,988,1000,1000,1000,909,147.0.3,919,998,1000,928,1000,1000,988,1000,1000,1000,1000,1000,994,998,923,1000,1000,996,1000,26.2 (21623.1.14.11.9),991,999,993,989,1000,957,964,1000,1000,977,1000,1000,1000,1000,984,1000,1000,816,1000,-,923,776,993,920,1000,957,955,1000,1000,840,1000,1000,994,998,908,1000,1000,813,909
2026-02-08,145.0.7632.46,991,982,1000,992,1000,1000,1000,1000,1000,954,1000,1000,1000,1000,996,1000,1000,1000,909,144.0.3719.115,991,786,1000,989,1000,1000,999,1000,1000,863,1000,1000,1000,1000,992,1000,1000,1000,909,147.0.3,919,998,1000,931,1000,1000,988,1000,1000,996,1000,1000,994,998,923,1000,1000,996,1000,26.2 (21623.1.14.11.9),982,999,1000,989,1000,957,940,1000,991,977,1000,1000,1000,1000,984,1000,1000,816,1000,-,919,768,1000,922,1000,957,931,1000,991,837,1000,1000,994,998,912,1000,1000,813,909
2026-02-09,145.0.7632.46,991,982,1000,992,1000,1000,1000,1000,1000,954,1000,1000,1000,1000,996,1000,1000,1000,909,144.0.3719.115,991,794,1000,989,1000,976,999,1000,1000,863,1000,1000,1000,1000,992,1000,1000,1000,909,147.0.3,919,998,1000,931,1000,1000,988,1000,1000,1000,1000,1000,994,998,923,1000,1000,996,1000,26.2 (21623.1.14.11.9),991,999,993,989,1000,957,964,1000,1000,977,1000,1000,1000,1000,984,1000,1000,816,1000,-,923,776,993,922,1000,933,955,1000,1000,840,1000,1000,994,998,912,1000,1000,813,909
2026-02-10,145.0.7632.46,991,982,1000,992,1000,1000,1000,1000,1000,954,1000,1000,1000,1000,996,1000,1000,1000,909,144.0.3719.115,991,794,1000,984,1000,1000,999,1000,1000,863,1000,1000,1000,1000,988,1000,1000,1000,909,147.0.3,919,998,1000,931,1000,1000,988,1000,1000,1000,1000,1000,994,998,923,1000,1000,996,1000,26.2 (21623.1.14.11.9),991,999,1000,989,1000,957,964,1000,991,977,1000,1000,1000,1000,984,1000,1000,816,1000,-,923,776,1000,917,1000,957,955,1000,991,840,1000,1000,994,998,908,1000,1000,813,909
2026-02-12,145.0.7632.46,991,982,1000,992,1000,1000,1000,1000,1000,954,1000,1000,1000,1000,996,1000,1000,1000,909,144.0.3719.115,991,794,1000,989,1000,976,999,1000,1000,863,1000,1000,1000,1000,988,1000,1000,1000,909,147.0.3,919,998,1000,931,1000,1000,988,1000,1000,996,1000,1000,994,998,923,1000,1000,996,1000,26.2 (21623.1.14.11.9),991,999,1000,989,1000,957,964,1000,1000,977,1000,1000,1000,1000,984,1000,1000,816,1000,-,923,776,1000,922,1000,933,955,1000,1000,837,1000,1000,994,998,908,1000,1000,813,909
2026-02-13,145.0.7632.67,991,982,1000,992,1000,1000,1000,1000,1000,954,1000,1000,1000,1000,996,1000,1000,1000,909,144.0.3719.115,991,794,1000,989,1000,1000,999,1000,1000,863,1000,1000,1000,1000,988,1000,1000,1000,909,147.0.3,919,998,1000,931,1000,1000,988,1000,1000,996,1000,1000,994,998,923,1000,1000,996,1000,26.2 (21623.1.14.11.9),991,999,1000,989,1000,957,964,1000,1000,977,1000,1000,1000,1000,984,1000,1000,816,1000,-,923,776,1000,922,1000,957,955,1000,1000,837,1000,1000,994,998,908,1000,1000,813,909
2026-02-15,145.0.7632.76,991,991,1000,992,1000,1000,1000,1000,1000,954,1000,1000,1000,1000,996,1000,1000,1000,909,145.0.3800.58,991,999,1000,986,1000,1000,1000,1000,1000,863,1000,1000,1000,1000,988,1000,1000,1000,727,147.0.3,919,990,1000,931,1000,1000,988,1000,1000,1000,1000,1000,994,998,923,1000,1000,996,1000,26.2 (21623.1.14.11.9),991,999,1000,989,1000,957,964,1000,1000,977,1000,1000,1000,1000,984,1000,1000,816,1000,-,923,981,1000,920,1000,957,955,1000,1000,840,1000,1000,994,998,908,1000,1000,813,727
2026-02-16,145.0.7632.76,991,982,1000,992,1000,1000,1000,1000,1000,954,1000,1000,1000,1000,996,1000,1000,1000,909,145.0.3800.58,991,999,1000,989,1000,1000,1000,1000,1000,863,1000,1000,1000,1000,988,1000,1000,1000,909,147.0.3,919,990,1000,928,1000,1000,988,1000,1000,1000,1000,1000,994,998,923,1000,1000,996,1000,26.2 (21623.1.14.11.9),991,999,1000,989,1000,957,964,1000,1000,977,1000,1000,1000,1000,984,1000,1000,816,1000,-,923,973,1000,920,1000,957,955,1000,1000,840,1000,1000,994,998,908,1000,1000,813,909
2026-02-17,145.0.7632.76,987,991,1000,992,1000,1000,1000,1000,1000,954,1000,1000,1000,999,996,1000,1000,1000,909,145.0.3800.58,991,999,1000,981,1000,1000,1000,1000,1000,863,1000,1000,1000,1000,988,1000,1000,1000,909,147.0.4,919,990,1000,931,1000,1000,988,1000,1000,1000,1000,1000,994,998,923,1000,1000,996,1000,26.3 (21623.2.7.11.6),991,999,993,989,1000,957,964,1000,1000,977,1000,1000,1000,1000,984,1000,1000,816,1000,-,919,981,993,914,1000,957,955,1000,1000,840,1000,1000,994,998,908,1000,1000,813,909
2026-02-18,145.0.7632.76,991,991,1000,992,1000,1000,1000,1000,1000,954,1000,958,1000,1000,996,1000,1000,1000,909,145.0.3800.65,991,999,1000,986,1000,1000,1000,1000,1000,840,1000,958,1000,1000,988,1000,1000,1000,909,147.0.4,919,990,1000,928,1000,1000,988,1000,1000,1000,1000,1000,994,998,923,1000,1000,996,1000,26.3 (21623.2.7.11.6),991,999,1000,989,1000,957,964,1000,1000,977,1000,1000,1000,1000,984,1000,1000,816,1000,-,923,981,1000,917,1000,957,955,1000,1000,818,1000,958,994,998,908,1000,1000,813,909
2026-02-20,145.0.7632.77,991,991,1000,992,1000,1000,1000,1000,1000,954,1000,958,1000,1000,996,1000,1000,1000,909,145.0.3800.65,991,999,1000,986,1000,1000,1000,1000,1000,863,1000,958,1000,1000,988,1000,1000,1000,909,147.0.4,919,990,1000,931,1000,1000,988,1000,1000,1000,1000,1000,994,998,923,1000,1000,996,1000,26.3 (21623.2.7.11.6),991,999,1000,989,1000,957,964,1000,1000,977,1000,1000,1000,1000,984,1000,1000,816,1000,-,923,981,1000,920,1000,957,955,1000,1000,840,1000,958,994,998,908,1000,1000,813,909
2026-02-21,145.0.7632.77,991,991,1000,992,1000,1000,1000,1000,1000,954,1000,958,1000,1000,996,1000,1000,1000,909,145.0.3800.70,991,999,1000,989,1000,1000,1000,1000,1000,818,1000,958,1000,1000,988,1000,1000,1000,909,147.0.4,919,990,1000,931,1000,1000,988,1000,1000,1000,1000,1000,994,996,923,1000,1000,996,1000,26.3 (21623.2.7.11.6),991,999,993,989,1000,957,964,1000,1000,977,1000,1000,1000,1000,984,1000,1000,816,1000,-,923,981,993,922,1000,957,955,1000,1000,795,1000,958,994,996,908,1000,1000,813,909
2026-02-22,145.0.7632.77,991,991,1000,992,995,1000,1000,1000,1000,954,1000,958,1000,1000,996,1000,1000,1000,909,145.0.3800.70,991,999,1000,986,1000,976,1000,1000,1000,863,1000,958,1000,1000,988,1000,1000,1000,909,147.0.4,919,990,1000,928,1000,1000,988,1000,1000,996,1000,1000,994,996,923,1000,1000,996,1000,26.3 (21623.2.7.11.6),991,999,993,989,1000,957,964,1000,1000,977,1000,1000,1000,1000,984,1000,1000,816,1000,-,923,981,993,917,995,933,955,1000,1000,837,1000,958,994,996,908,1000,1000,813,909
2026-02-23,145.0.7632.77,991,991,1000,992,1000,1000,1000,1000,1000,954,1000,958,1000,1000,996,1000,1000,1000,909,145.0.3800.70,991,999,1000,989,1000,1000,1000,1000,1000,863,1000,958,1000,1000,988,1000,1000,1000,909,147.0.4,919,990,1000,931,1000,1000,988,1000,1000,1000,1000,1000,994,996,923,1000,1000,996,1000,26.3 (21623.2.7.11.6),991,999,993,989,1000,957,964,1000,1000,977,1000,1000,1000,1000,984,1000,1000,816,1000,-,923,981,993,922,1000,957,955,1000,1000,840,1000,958,994,996,908,1000,1000,813,909
2026-02-24,145.0.7632.117,991,991,1000,992,1000,1000,1000,1000,1000,954,1000,958,1000,1000,996,1000,1000,1000,909,145.0.3800.70,991,999,1000,989,1000,1000,1000,1000,1000,863,1000,958,1000,1000,988,1000,1000,1000,909,147.0.4,919,990,1000,931,1000,1000,988,1000,1000,996,1000,1000,994,996,923,1000,1000,996,1000,26.3 (21623.2.7.11.6),991,999,1000,989,1000,957,964,1000,1000,977,1000,1000,1000,1000,984,1000,1000,816,1000,-,923,981,1000,922,1000,957,955,1000,1000,837,1000,958,994,996,908,1000,1000,813,909
2026-02-25,145.0.7632.117,991,991,1000,992,1000,1000,1000,1000,1000,954,1000,958,1000,1000,996,1000,1000,1000,909,145.0.3800.70,991,999,1000,989,1000,1000,1000,1000,1000,863,1000,958,1000,1000,988,1000,1000,1000,909,148.0,921,990,1000,931,1000,999,988,1000,1000,1000,1000,1000,994,996,923,1000,1000,996,1000,26.3 (21623.2.7.11.6),991,999,993,989,1000,957,964,1000,1000,977,1000,1000,1000,1000,984,1000,1000,816,1000,-,925,981,993,922,1000,957,955,1000,1000,840,1000,958,994,996,908,1000,1000,813,909
2026-02-26,146.0.7680.31,991,991,1000,992,1000,1000,1000,1000,1000,954,1000,958,1000,1000,996,1000,1000,1000,909,145.0.3800.70,991,999,1000,986,1000,1000,1000,1000,1000,863,1000,958,1000,1000,988,916,1000,1000,909,148.0,921,990,1000,931,1000,999,988,1000,1000,1000,1000,1000,994,996,923,1000,1000,996,1000,26.3 (21623.2.7.11.6),991,999,993,989,1000,957,964,1000,1000,977,1000,1000,1000,1000,984,1000,1000,816,1000,-,925,981,993,922,1000,957,955,1000,1000,840,1000,958,994,996,908,916,1000,813,909
2026-02-27,146.0.7680.31,995,991,1000,992,1000,1000,1000,1000,1000,954,1000,958,1000,1000,996,1000,1000,1000,909,145.0.3800.82,995,999,1000,989,1000,1000,1000,1000,1000,863,1000,958,1000,1000,988,1000,1000,1000,909,148.0,925,990,1000,933,1000,999,988,1000,1000,1000,1000,1000,994,996,923,1000,1000,996,1000,26.3 (21623.2.7.11.6),995,999,1000,989,1000,957,963,1000,1000,977,1000,1000,1000,1000,984,1000,1000,816,1000,-,925,981,1000,925,1000,957,955,1000,1000,840,1000,958,994,996,908,1000,1000,813,909
2026-02-28,146.0.7680.31,995,991,1000,992,1000,1000,1000,1000,1000,954,1000,958,1000,1000,996,1000,1000,1000,909,145.0.3800.82,995,999,1000,984,1000,1000,1000,1000,1000,863,1000,958,1000,1000,988,1000,1000,1000,909,148.0,925,990,1000,931,1000,999,988,1000,1000,1000,1000,1000,994,996,923,1000,1000,996,1000,26.3 (21623.2.7.11.6),995,999,1000,989,1000,957,964,1000,1000,977,1000,1000,1000,1000,984,1000,1000,816,1000,-,925,981,1000,917,1000,957,955,1000,1000,840,1000,958,994,996,908,1000,1000,813,909
2026-03-01,146.0.7680.31,995,991,1000,992,1000,1000,1000,1000,1000,954,1000,958,1000,1000,996,1000,1000,1000,890,145.0.3800.82,995,999,1000,986,1000,1000,1000,1000,1000,863,1000,958,1000,1000,988,1000,1000,1000,909,148.0,925,990,1000,933,1000,999,988,1000,1000,996,1000,1000,994,996,923,1000,1000,996,909,26.3 (21623.2.7.11.6),995,999,1000,989,1000,957,964,1000,982,977,1000,1000,1000,1000,984,1000,1000,816,1000,-,925,981,1000,922,1000,957,955,1000,982,837,1000,958,994,996,908,1000,1000,813,800
2026-03-04,146.0.7680.31,995,991,1000,992,1000,1000,1000,1000,1000,954,1000,958,1000,1000,996,1000,1000,1000,909,145.0.3800.82,995,999,1000,989,1000,1000,1000,1000,1000,863,1000,958,1000,1000,988,1000,1000,1000,909,148.0,925,990,1000,933,1000,999,988,1000,1000,1000,1000,1000,994,996,923,1000,1000,996,909,26.3 (21623.2.7.11.6),995,991,993,989,1000,957,964,1000,991,977,1000,1000,1000,1000,984,1000,1000,816,1000,-,925,973,993,925,1000,957,955,1000,991,840,1000,958,994,996,908,1000,1000,813,818
2026-03-05,146.0.7680.31,995,991,1000,992,1000,1000,1000,1000,1000,954,1000,958,1000,1000,996,1000,1000,1000,909,145.0.3800.82,995,999,1000,989,1000,1000,1000,1000,1000,863,1000,958,1000,1000,988,1000,1000,1000,909,148.0,925,990,1000,933,1000,999,988,1000,1000,996,1000,1000,994,996,923,1000,1000,996,1000,26.3 (21623.2.7.11.6),995,991,1000,989,1000,957,964,1000,1000,977,1000,1000,1000,1000,984,1000,1000,816,1000,-,925,973,1000,925,1000,957,955,1000,1000,837,1000,958,994,996,908,1000,1000,813,909
2026-03-06,146.0.7680.66,995,991,1000,992,1000,1000,999,1000,1000,954,1000,958,1000,1000,996,1000,1000,1000,909,145.0.3800.82,995,999,1000,986,1000,1000,1000,1000,1000,863,1000,958,1000,1000,988,1000,1000,1000,909,148.0,925,990,1000,933,1000,999,988,1000,1000,996,1000,1000,994,996,923,1000,1000,996,1000,26.3 (21623.2.7.11.6),995,991,1000,989,1000,957,964,1000,1000,977,1000,1000,1000,1000,984,1000,1000,816,1000,-,925,973,1000,922,1000,957,954,1000,1000,837,1000,958,994,996,908,1000,1000,813,909
2026-03-07,146.0.7680.66,995,991,1000,992,1000,1000,1000,1000,1000,954,1000,958,1000,1000,996,1000,1000,1000,909,145.0.3800.97,995,999,1000,989,1000,1000,1000,1000,1000,863,1000,958,1000,1000,988,1000,1000,1000,909,148.0,925,990,1000,933,1000,999,988,1000,1000,1000,1000,1000,994,996,923,1000,1000,996,1000,26.3 (21623.2.7.11.6),995,999,1000,989,1000,957,964,1000,1000,977,1000,1000,1000,1000,984,1000,1000,816,1000,-,925,981,1000,925,1000,957,955,1000,1000,840,1000,958,994,996,908,1000,1000,813,909
2026-03-08,146.0.7680.66,995,991,1000,992,1000,1000,1000,1000,1000,954,1000,958,1000,1000,996,1000,1000,1000,909,145.0.3800.97,995,999,1000,989,1000,1000,1000,1000,1000,863,1000,958,1000,1000,988,1000,1000,1000,909,148.0,925,990,1000,933,1000,999,988,1000,1000,1000,1000,1000,994,996,923,1000,1000,996,1000,26.3 (21623.2.7.11.6),995,999,993,989,1000,957,964,1000,1000,977,1000,1000,1000,1000,984,1000,1000,816,1000,-,925,981,993,925,1000,957,955,1000,1000,840,1000,958,994,996,908,1000,1000,813,909
2026-03-09,146.0.7680.66,995,991,1000,992,1000,1000,1000,1000,1000,954,1000,958,1000,1000,996,1000,1000,1000,909,145.0.3800.97,995,999,966,989,1000,1000,1000,1000,1000,863,1000,958,1000,1000,988,1000,1000,1000,909,148.0,925,990,1000,933,1000,999,988,1000,1000,1000,1000,1000,994,996,923,1000,1000,996,1000,26.3 (21623.2.7.11.6),995,999,1000,989,1000,957,964,1000,1000,977,1000,1000,1000,1000,984,1000,1000,816,1000,-,925,981,966,925,1000,957,955,1000,1000,840,1000,958,994,996,908,1000,1000,813,909
2026-03-10,146.0.7680.66,995,991,1000,992,1000,1000,1000,1000,1000,954,1000,958,1000,1000,996,1000,1000,1000,909,145.0.3800.97,995,999,1000,989,1000,1000,1000,1000,1000,863,1000,958,1000,916,988,1000,1000,1000,909,148.0,925,990,1000,933,1000,999,988,1000,1000,1000,1000,1000,994,996,923,1000,1000,996,1000,26.3 (21623.2.7.11.6),995,991,1000,989,1000,957,964,1000,991,977,1000,1000,1000,1000,984,1000,1000,816,1000,-,925,973,1000,925,1000,957,955,1000,991,840,1000,958,994,913,908,1000,1000,813,909
2026-03-11,146.0.7680.72,995,991,1000,992,1000,1000,1000,1000,1000,954,1000,958,1000,1000,996,1000,1000,1000,909,145.0.3800.97,995,991,1000,989,1000,1000,1000,1000,1000,863,1000,958,1000,1000,988,1000,1000,1000,909,148.0.2,925,990,1000,933,1000,999,988,1000,1000,1000,1000,1000,994,996,923,1000,1000,996,1000,26.3 (21623.2.7.11.6),995,999,1000,989,1000,957,964,1000,1000,977,1000,1000,1000,1000,984,1000,1000,816,1000,-,925,973,1000,925,1000,957,955,1000,1000,840,1000,958,994,996,908,1000,1000,813,909
2026-03-13,146.0.7680.76,995,991,1000,992,1000,1000,1000,1000,1000,954,1000,958,1000,1000,996,1000,1000,1000,909,145.0.3800.97,995,999,1000,986,1000,1000,1000,1000,1000,863,1000,958,1000,1000,988,1000,1000,1000,909,148.0.2,925,990,1000,933,1000,999,988,1000,1000,1000,1000,1000,994,996,923,1000,1000,996,1000,26.3 (21623.2.7.11.6),995,999,1000,989,1000,957,964,1000,991,977,1000,1000,1000,1000,984,1000,1000,816,1000,-,925,981,1000,925,1000,957,955,1000,991,840,1000,958,994,996,908,1000,1000,813,909
2026-03-14,146.0.7680.80,995,991,1000,992,1000,1000,999,1000,1000,954,1000,958,1000,1000,996,1000,1000,1000,909,146.0.3856.59,995,991,1000,986,1000,1000,1000,1000,1000,863,1000,958,1000,1000,988,1000,1000,1000,909,148.0.2,925,990,1000,933,1000,999,988,1000,1000,996,1000,1000,994,996,923,1000,1000,996,1000,26.3 (21623.2.7.11.6),995,999,993,989,1000,957,964,1000,1000,977,1000,1000,1000,1000,984,1000,1000,816,1000,-,925,981,993,925,1000,957,955,1000,1000,837,1000,958,994,996,908,1000,1000,813,909
2026-03-27,147.0.7727.24,1000,991,1000,992,985,1000,1000,1000,1000,954,1000,958,1000,1000,996,1000,998,1000,909,146.0.3856.84,1000,991,1000,986,1000,1000,1000,1000,1000,863,1000,958,1000,1000,984,1000,998,1000,909,149.0,949,990,1000,939,1000,999,988,1000,1000,1000,1000,1000,1000,333,923,1000,998,996,1000,26.4 (21624.1.16.11.4),994,999,1000,989,1000,957,964,1000,991,977,1000,1000,1000,416,988,1000,998,984,1000,-,947,981,1000,930,985,957,955,1000,991,840,1000,958,1000,333,908,1000,998,982,909
2026-03-28,147.0.7727.24,1000,991,1000,992,1000,1000,1000,1000,1000,954,1000,958,1000,1000,996,1000,998,1000,909,146.0.3856.84,1000,991,1000,986,1000,1000,1000,1000,1000,863,1000,958,1000,1000,984,1000,998,1000,909,149.0,949,990,1000,936,1000,999,988,1000,1000,996,1000,1000,1000,333,923,1000,998,996,1000,26.4 (21624.1.16.11.4),994,999,993,989,1000,957,964,1000,1000,977,1000,1000,1000,416,988,1000,998,972,1000,-,947,981,993,928,1000,957,955,1000,1000,837,1000,958,1000,333,908,1000,998,970,909
2026-03-29,147.0.7727.24,1000,991,1000,992,1000,1000,1000,1000,1000,954,1000,958,1000,1000,996,1000,998,1000,909,146.0.3856.84,1000,991,1000,986,1000,1000,1000,1000,1000,863,1000,958,1000,1000,988,1000,998,1000,909,149.0,949,990,1000,939,1000,999,988,1000,1000,996,1000,1000,1000,333,923,1000,998,996,1000,26.4 (21624.1.16.11.4),994,999,1000,989,1000,957,964,1000,1000,977,1000,1000,1000,416,988,1000,998,972,1000,-,947,981,1000,930,1000,957,955,1000,1000,837,1000,958,1000,333,912,1000,998,970,909
2026-03-30,147.0.7727.24,1000,982,1000,992,1000,1000,1000,1000,1000,954,1000,958,1000,1000,996,1000,998,1000,909,146.0.3856.84,1000,991,1000,986,1000,1000,1000,1000,1000,863,1000,958,1000,1000,988,1000,998,1000,909,149.0,949,990,1000,939,1000,999,988,1000,1000,1000,1000,1000,1000,333,923,1000,998,996,1000,26.4 (21624.1.16.11.4),994,999,1000,989,1000,957,964,1000,991,977,1000,1000,1000,333,988,1000,998,972,1000,-,947,973,1000,930,1000,957,955,1000,991,840,1000,958,1000,333,912,1000,998,970,909
2026-03-31,147.0.7727.24,1000,991,1000,992,1000,1000,1000,1000,1000,954,1000,958,1000,1000,996,1000,998,1000,909,146.0.3856.84,1000,991,1000,978,1000,1000,1000,1000,1000,818,1000,958,1000,916,988,1000,998,1000,909,149.0,949,990,1000,936,1000,999,988,1000,1000,1000,934,1000,1000,333,923,966,998,996,1000,26.4 (21624.1.16.11.4),994,999,993,989,1000,957,964,1000,1000,977,1000,1000,1000,333,988,1000,998,984,1000,-,947,981,993,920,1000,957,955,1000,1000,795,934,958,1000,333,912,966,998,982,909
2026-04-01,147.0.7727.24,1000,991,1000,992,1000,1000,1000,1000,1000,954,1000,958,1000,1000,996,1000,998,1000,909,146.0.3856.84,1000,991,1000,976,1000,1000,1000,1000,1000,863,1000,958,1000,1000,988,1000,998,1000,909,149.0,949,990,1000,939,1000,999,988,1000,1000,1000,956,1000,1000,333,923,966,998,996,1000,26.4 (21624.1.16.11.4),994,974,1000,989,1000,909,964,1000,1000,833,1000,1000,1000,416,988,1000,992,972,1000,-,947,956,1000,920,1000,909,955,1000,1000,697,956,958,1000,333,912,966,992,970,909
2026-04-02,147.0.7727.50,1000,991,1000,992,1000,1000,1000,1000,1000,954,1000,958,1000,1000,996,1000,998,1000,909,146.0.3856.97,1000,991,1000,986,1000,1000,1000,1000,1000,863,1000,958,1000,1000,988,1000,998,1000,909,149.0,949,990,1000,939,1000,999,988,1000,1000,1000,934,1000,1000,333,923,966,998,996,1000,26.4 (21624.1.16.11.4),994,999,993,989,1000,957,964,1000,1000,977,1000,1000,1000,416,988,1000,998,972,1000,-,947,981,993,930,1000,957,955,1000,1000,840,934,958,1000,333,912,966,998,970,909
2026-04-03,147.0.7727.50,1000,991,1000,992,1000,1000,1000,1000,1000,954,1000,958,1000,1000,996,1000,998,1000,909,146.0.3856.97,1000,991,1000,986,1000,1000,1000,1000,1000,863,1000,958,1000,1000,988,1000,998,1000,909,149.0,949,990,1000,939,1000,999,988,1000,1000,1000,956,1000,1000,333,923,966,998,996,1000,26.4 (21624.1.16.11.4),994,956,993,984,1000,862,964,1000,991,818,1000,1000,1000,416,988,1000,998,972,1000,-,947,939,993,925,1000,862,955,1000,991,750,956,958,1000,333,912,966,998,970,909
2026-04-04,147.0.7727.50,1000,991,1000,992,1000,1000,1000,1000,1000,954,1000,958,1000,1000,996,1000,998,1000,909,146.0.3856.97,1000,982,1000,984,1000,1000,1000,1000,1000,863,1000,958,1000,1000,988,1000,998,1000,909,149.0,949,990,1000,939,1000,999,988,1000,1000,1000,956,1000,1000,333,923,966,998,996,1000,26.4 (21624.1.16.11.4),994,999,1000,989,1000,957,964,1000,1000,977,1000,1000,1000,333,988,1000,998,984,1000,-,947,973,1000,928,1000,957,955,1000,1000,840,956,958,1000,333,912,966,998,982,909
2026-04-05,147.0.7727.50,1000,991,1000,992,1000,1000,1000,1000,1000,954,1000,958,1000,1000,996,1000,998,1000,909,146.0.3856.97,1000,991,1000,986,1000,1000,1000,1000,1000,863,1000,958,1000,1000,988,1000,998,1000,909,149.0,949,990,1000,936,1000,999,988,1000,1000,1000,956,1000,1000,333,923,966,998,996,1000,26.4 (21624.1.16.11.4),994,956,993,989,1000,957,964,1000,991,977,978,1000,965,333,984,1000,998,972,1000,-,947,939,993,928,1000,957,955,1000,991,840,934,958,965,333,912,966,998,970,909
2026-04-06,147.0.7727.50,1000,991,1000,992,1000,1000,1000,1000,1000,954,1000,958,1000,1000,996,1000,998,1000,890,146.0.3856.97,1000,991,1000,986,1000,1000,1000,1000,1000,863,1000,958,1000,1000,988,1000,998,1000,909,149.0,949,990,1000,939,1000,999,988,1000,1000,1000,934,1000,1000,333,923,966,998,996,1000,26.4 (21624.1.16.11.4),994,999,1000,989,1000,957,964,1000,1000,977,1000,1000,1000,333,988,1000,998,972,1000,-,947,981,1000,930,1000,957,955,1000,1000,840,934,958,1000,333,912,966,998,970,890
2026-04-08,147.0.7727.56,1000,991,1000,992,1000,1000,1000,1000,1000,954,1000,958,1000,1000,996,1000,998,1000,909,146.0.3856.109,1000,982,1000,984,1000,1000,1000,1000,1000,863,1000,958,1000,1000,984,1000,998,1000,909,149.0.2,949,990,1000,939,1000,999,988,1000,1000,996,934,1000,1000,333,923,966,998,996,1000,26.4 (21624.1.16.11.4),994,999,993,989,1000,957,964,1000,1000,977,1000,1000,1000,333,988,1000,998,972,1000,-,947,973,993,928,1000,957,955,1000,1000,837,934,958,1000,333,908,966,998,970,909
2026-04-09,147.0.7727.56,1000,991,1000,992,1000,1000,1000,1000,1000,954,1000,958,1000,1000,996,1000,998,1000,909,146.0.3856.109,1000,991,1000,973,1000,1000,1000,1000,1000,863,1000,958,1000,1000,984,1000,998,1000,909,149.0.2,949,990,1000,939,1000,999,988,1000,1000,996,934,1000,1000,333,923,966,998,996,1000,26.4 (21624.1.16.11.4),994,999,993,989,1000,957,964,1000,1000,977,1000,1000,1000,333,988,1000,998,972,1000,-,947,981,993,917,1000,957,955,1000,1000,837,934,958,1000,333,908,966,998,970,909
2026-04-10,147.0.7727.56,1000,991,1000,992,1000,1000,1000,1000,1000,954,1000,958,1000,1000,996,1000,998,1000,909,146.0.3856.109,1000,991,1000,986,1000,1000,1000,1000,1000,863,1000,958,1000,1000,988,1000,998,1000,909,149.0.2,949,990,1000,939,1000,999,988,1000,1000,1000,934,1000,1000,333,923,966,998,996,1000,26.4 (21624.1.16.11.4),994,999,993,989,1000,957,964,1000,991,977,1000,1000,1000,416,988,1000,998,972,1000,-,947,981,993,930,1000,957,955,1000,991,840,934,958,1000,333,912,966,998,970,909
2026-04-11,147.0.7727.56,1000,991,1000,992,1000,1000,1000,1000,1000,954,1000,958,1000,1000,996,1000,998,1000,909,147.0.3912.60,1000,991,1000,984,1000,1000,1000,1000,1000,863,1000,958,1000,1000,988,1000,998,1000,909,149.0.2,949,990,1000,939,1000,999,988,1000,1000,1000,934,1000,1000,333,923,966,998,996,1000,26.4 (21624.1.16.11.4),994,999,993,989,1000,957,964,1000,991,977,1000,1000,1000,333,988,1000,998,972,1000,-,947,981,993,928,1000,957,955,1000,991,840,934,958,1000,333,912,966,998,970,909
2026-04-12,147.0.7727.56,1000,991,1000,992,1000,1000,1000,1000,1000,954,1000,958,1000,1000,996,1000,998,1000,909,147.0.3912.60,1000,991,1000,986,1000,1000,1000,1000,1000,863,1000,958,1000,1000,988,1000,998,1000,909,149.0.2,949,990,1000,939,1000,999,988,1000,1000,1000,956,1000,1000,333,923,966,998,996,1000,26.4 (21624.1.16.11.4),994,999,1000,989,1000,957,964,1000,1000,977,1000,1000,1000,499,988,1000,998,972,1000,-,947,981,1000,930,1000,957,955,1000,1000,840,956,958,1000,333,912,966,998,970,909
2026-04-13,147.0.7727.56,1000,991,1000,992,1000,1000,1000,1000,1000,954,1000,958,1000,1000,996,1000,998,1000,909,147.0.3912.60,1000,991,1000,984,1000,1000,1000,1000,1000,863,1000,958,1000,1000,988,1000,998,1000,909,149.0.2,949,990,1000,939,1000,999,988,1000,1000,1000,956,1000,1000,333,923,966,998,996,1000,26.4 (21624.1.16.11.4),994,999,1000,989,1000,957,964,1000,1000,977,1000,1000,1000,416,988,1000,998,972,1000,-,947,981,1000,928,1000,957,955,1000,1000,840,956,958,1000,333,912,966,998,970,909
2026-04-14,147.0.7727.56,1000,991,1000,992,1000,1000,1000,1000,1000,954,1000,958,1000,1000,996,1000,998,1000,909,147.0.3912.60,1000,991,1000,984,1000,1000,1000,1000,1000,863,1000,958,1000,1000,988,1000,998,1000,909,149.0.2,949,990,1000,939,1000,999,988,1000,1000,1000,934,1000,1000,333,923,966,998,996,1000,26.4 (21624.1.16.11.4),994,999,993,989,1000,957,964,1000,1000,977,1000,1000,1000,333,988,1000,998,972,1000,-,947,981,993,928,1000,957,955,1000,1000,840,934,958,1000,333,912,966,998,970,909
2026-04-15,147.0.7727.56,1000,991,1000,992,1000,1000,999,1000,1000,954,1000,958,1000,1000,996,1000,998,1000,909,147.0.3912.60,1000,991,1000,978,1000,1000,1000,1000,1000,863,1000,958,1000,1000,984,1000,998,1000,909,149.0.2,949,990,1000,939,1000,999,988,1000,1000,996,934,1000,1000,333,923,966,998,996,1000,26.4 (21624.1.16.11.4),994,999,1000,989,1000,957,964,1000,1000,977,1000,1000,1000,416,988,1000,998,972,1000,-,947,981,1000,925,1000,957,955,1000,1000,837,934,958,1000,333,908,966,998,970,909
2026-05-01,148.0.7778.97,999,991,1000,992,1000,1000,1000,1000,1000,954,1000,1000,1000,1000,996,1000,998,1000,909,147.0.3912.98,999,999,1000,984,1000,1000,1000,1000,1000,863,1000,958,1000,1000,988,1000,998,1000,909,150.0.1,953,990,1000,949,1000,999,988,1000,1000,1000,1000,1000,1000,1000,931,966,998,1000,1000,26.4 (21624.1.16.11.4),994,999,1000,989,1000,957,964,1000,982,977,1000,1000,1000,333,988,1000,998,972,1000,-,952,981,1000,936,1000,957,955,1000,982,840,1000,958,1000,333,919,966,998,972,909
2026-05-02,148.0.7778.97,999,991,1000,992,1000,1000,1000,1000,1000,954,1000,1000,1000,1000,996,1000,998,1000,909,147.0.3912.98,999,999,1000,978,1000,976,1000,1000,1000,863,1000,958,1000,1000,988,1000,998,1000,909,150.0.1,953,990,1000,952,1000,999,988,1000,1000,1000,1000,1000,1000,1000,931,966,998,1000,1000,26.4 (21624.1.16.11.4),994,999,993,989,1000,957,964,1000,991,977,1000,1000,1000,333,988,1000,998,972,1000,-,952,981,993,936,1000,933,955,1000,991,840,1000,958,1000,333,919,966,998,972,909
2026-05-03,148.0.7778.97,999,991,1000,992,1000,1000,1000,1000,1000,954,1000,1000,1000,1000,996,1000,998,1000,909,147.0.3912.98,999,999,1000,986,1000,976,1000,1000,1000,863,1000,958,1000,1000,988,1000,998,1000,909,150.0.1,953,990,1000,952,1000,999,988,1000,1000,1000,1000,1000,1000,1000,931,966,998,1000,1000,26.4 (21624.1.16.11.4),994,931,1000,989,1000,909,964,1000,1000,833,1000,1000,1000,416,988,1000,992,972,1000,-,952,913,1000,941,1000,885,955,1000,1000,697,1000,958,1000,416,919,966,992,972,909
2026-05-06,148.0.7778.97,999,991,1000,968,1000,1000,1000,1000,1000,954,1000,1000,1000,1000,996,1000,998,1000,909,147.0.3912.98,999,999,1000,962,1000,1000,1000,1000,1000,863,1000,958,1000,1000,988,1000,998,1000,909,150.0.1,953,990,1000,923,1000,999,988,1000,1000,1000,1000,1000,1000,1000,931,966,998,1000,1000,26.4 (21624.1.16.11.4),994,999,1000,965,1000,957,964,1000,1000,977,1000,1000,1000,333,988,1000,998,984,1000,-,952,981,1000,907,1000,957,955,1000,1000,840,1000,958,1000,333,919,966,998,984,909
2026-05-07,148.0.7778.97,999,991,1000,968,1000,1000,1000,1000,1000,954,1000,1000,1000,1000,996,1000,998,1000,909,147.0.3912.98,999,999,1000,962,1000,952,1000,1000,1000,863,1000,958,1000,1000,984,1000,998,1000,909,150.0.1,953,990,1000,928,1000,999,988,1000,1000,1000,1000,1000,1000,1000,931,966,998,1000,1000,26.4 (21624.1.16.11.4),994,999,1000,965,1000,957,964,1000,1000,977,1000,1000,1000,416,988,1000,998,972,1000,-,952,981,1000,912,1000,909,955,1000,1000,840,1000,958,1000,416,916,966,998,972,909
2026-05-08,148.0.7778.97,999,991,1000,968,1000,1000,1000,1000,1000,954,1000,1000,1000,1000,996,1000,998,1000,909,148.0.3967.54,999,999,1000,952,1000,1000,1000,1000,1000,863,1000,1000,1000,1000,984,1000,998,987,909,150.0.2,953,990,1000,928,1000,999,988,1000,1000,996,1000,1000,1000,1000,931,966,998,1000,1000,26.4 (21624.1.16.11.4),994,956,1000,965,1000,957,964,1000,982,977,1000,1000,1000,416,988,1000,998,972,1000,-,952,939,1000,902,1000,957,956,1000,982,837,1000,1000,1000,416,916,966,998,960,909
2026-05-10,148.0.7778.97,999,991,1000,968,1000,1000,1000,1000,1000,954,1000,1000,1000,1000,996,1000,998,1000,909,148.0.3967.54,999,999,1000,960,1000,1000,1000,1000,1000,863,1000,1000,1000,1000,988,1000,998,1000,909,150.0.2,953,990,1000,928,1000,999,988,1000,1000,996,1000,1000,1000,1000,931,966,998,1000,1000,26.4 (21624.1.16.11.4),994,999,1000,965,1000,957,964,1000,1000,977,1000,1000,1000,333,988,1000,998,984,1000,-,952,981,1000,910,1000,957,956,1000,1000,837,1000,1000,1000,333,919,966,998,984,909
2026-05-12,148.0.7778.97,999,991,1000,968,1000,1000,999,1000,1000,954,1000,1000,1000,1000,996,1000,998,1000,909,148.0.3967.54,999,999,1000,955,1000,1000,999,1000,1000,863,1000,1000,1000,1000,988,1000,998,1000,909,150.0.2,953,990,1000,928,1000,999,988,1000,1000,1000,1000,1000,1000,1000,931,966,998,1000,1000,26.5 (21624.2.5.11.4),989,999,993,965,1000,957,964,1000,1000,977,1000,1000,1000,416,988,1000,998,974,1000,-,952,981,993,907,1000,957,956,1000,1000,840,1000,1000,1000,416,919,966,998,974,909
2026-05-13,148.0.7778.167,999,991,1000,968,1000,1000,999,1000,1000,954,1000,1000,1000,1000,996,1000,998,1000,909,148.0.3967.54,999,999,1000,960,1000,1000,999,1000,1000,863,1000,1000,1000,1000,988,1000,998,1000,909,150.0.3,953,990,1000,928,1000,999,988,1000,1000,1000,1000,1000,1000,1000,931,966,998,1000,1000,26.5 (21624.2.5.11.4),989,999,1000,965,1000,957,964,1000,1000,977,1000,1000,1000,333,988,1000,998,974,1000,-,952,981,1000,910,1000,957,956,1000,1000,840,1000,1000,1000,333,919,966,998,974,909
2026-05-14,148.0.7778.167,999,991,1000,968,1000,1000,999,1000,1000,954,1000,1000,1000,1000,996,1000,998,1000,909,148.0.3967.54,999,999,1000,960,1000,1000,999,1000,1000,863,1000,1000,1000,1000,988,1000,998,1000,727,150.0.3,953,990,1000,928,1000,999,988,1000,1000,1000,1000,1000,1000,1000,931,966,998,1000,1000,26.5 (21624.2.5.11.4),989,999,1000,965,1000,957,964,1000,991,977,1000,1000,1000,333,988,1000,998,974,1000,-,952,981,1000,910,1000,957,956,1000,991,840,1000,1000,1000,333,919,966,998,974,727
2026-05-16,148.0.7778.167,999,991,1000,968,1000,1000,999,1000,1000,954,1000,1000,1000,1000,996,1000,998,1000,909,148.0.3967.70,999,999,1000,965,1000,952,999,1000,1000,863,1000,1000,1000,1000,984,1000,998,1000,909,150.0.3,953,990,1000,925,1000,999,988,1000,1000,996,1000,1000,1000,1000,931,966,998,1000,1000,26.5 (21624.2.5.11.4),989,999,1000,965,1000,957,954,1000,1000,977,1000,1000,1000,416,988,1000,998,986,1000,-,952,981,1000,912,1000,933,946,1000,1000,837,1000,1000,1000,416,916,966,998,986,909
2026-05-17,148.0.7778.167,999,991,1000,968,1000,1000,999,1000,1000,954,1000,1000,1000,1000,996,1000,998,1000,909,148.0.3967.70,999,991,1000,965,1000,1000,999,1000,1000,863,1000,1000,1000,1000,988,1000,998,1000,909,150.0.3,953,990,1000,925,1000,999,988,1000,1000,1000,1000,1000,1000,1000,931,966,998,1000,1000,26.5 (21624.2.5.11.4),989,999,1000,965,1000,957,964,1000,1000,977,1000,1000,1000,416,988,1000,998,974,1000,-,952,973,1000,912,1000,957,956,1000,1000,840,1000,1000,1000,416,919,966,998,974,909
2026-05-20,148.0.7778.178,999,991,1000,968,1000,1000,999,1000,1000,954,1000,1000,1000,1000,996,1000,998,1000,909,148.0.3967.70,999,999,1000,965,1000,1000,999,1000,1000,863,1000,1000,1000,1000,988,1000,998,1000,909,151.0,987,990,1000,957,1000,999,988,1000,1000,1000,1000,1000,1000,1000,935,1000,998,1000,1000,26.5 (21624.2.5.11.4),989,999,1000,965,1000,957,964,1000,1000,977,1000,1000,1000,416,988,1000,998,974,1000,-,981,981,1000,915,1000,957,956,1000,1000,840,1000,1000,1000,416,923,1000,998,974,909
2026-05-22,149.0.7827.22,999,991,1000,965,1000,1000,999,1000,1000,954,1000,1000,1000,1000,996,1000,998,1000,909,148.0.3967.83,999,991,1000,962,1000,1000,999,1000,1000,863,1000,1000,1000,1000,988,1000,998,1000,909,151.0.1,987,990,1000,960,1000,999,988,1000,1000,996,1000,1000,1000,1000,935,1000,998,1000,1000,26.5 (21624.2.5.11.4),989,974,993,962,1000,909,964,1000,1000,833,1000,1000,1000,333,988,1000,992,986,1000,-,981,947,993,915,1000,909,956,1000,1000,697,1000,1000,1000,333,923,1000,992,986,909
2026-05-23,149.0.7827.22,999,982,1000,965,1000,1000,999,1000,1000,954,1000,1000,1000,1000,996,1000,998,1000,909,148.0.3967.83,999,999,1000,962,1000,1000,999,1000,1000,863,1000,1000,1000,1000,988,1000,998,1000,909,151.0.1,987,990,1000,960,1000,999,988,1000,1000,1000,1000,1000,1000,1000,935,1000,998,1000,1000,26.5 (21624.2.5.11.4),989,999,1000,962,1000,957,964,1000,1000,977,1000,1000,1000,333,988,1000,998,974,1000,-,981,973,1000,915,1000,957,956,1000,1000,840,1000,1000,1000,333,923,1000,998,974,909
2026-05-24,149.0.7827.22,999,991,1000,965,1000,1000,999,1000,1000,954,1000,1000,1000,1000,996,1000,998,1000,909,148.0.3967.83,999,999,1000,962,1000,1000,999,1000,1000,863,1000,1000,1000,1000,988,1000,998,1000,909,151.0.1,987,990,1000,957,1000,999,988,1000,1000,1000,1000,1000,1000,1000,935,1000,998,1000,1000,26.5 (21624.2.5.11.4),989,999,993,962,1000,957,964,1000,1000,977,1000,1000,1000,333,988,1000,998,974,1000,-,981,981,993,912,1000,957,956,1000,1000,840,1000,1000,1000,333,923,1000,998,974,909
2026-05-26,149.0.7827.22,999,991,1000,965,1000,1000,999,1000,1000,954,1000,1000,1000,1000,996,1000,998,1000,909,148.0.3967.83,999,999,1000,962,1000,1000,999,1000,1000,863,1000,1000,1000,1000,988,1000,998,1000,909,151.0.1,987,990,1000,960,1000,999,988,1000,1000,996,1000,1000,1000,1000,935,1000,998,1000,1000,26.5 (21624.2.5.11.4),989,956,993,962,1000,957,964,1000,1000,977,1000,1000,1000,333,988,1000,998,986,1000,-,981,939,993,915,1000,957,956,1000,1000,837,1000,1000,1000,333,923,1000,998,986,909
2026-06-02,149.0.7827.54,999,991,1000,962,1000,999,999,1000,1000,954,1000,1000,1000,1000,996,1000,998,1000,905,148.0.3967.96,999,999,1000,957,1000,999,999,1000,1000,818,1000,1000,1000,1000,988,1000,998,1000,905,151.0.2,987,990,1000,960,1000,999,988,1000,1000,996,1000,1000,1000,1000,935,1000,998,1000,974,26.5 (21624.2.5.11.4),989,999,1000,960,1000,957,964,1000,1000,977,1000,1000,1000,416,988,1000,998,974,970,-,981,981,1000,910,1000,957,956,1000,1000,791,1000,1000,1000,416,923,1000,998,974,880
2026-06-03,149.0.7827.54,999,991,1000,962,1000,999,999,1000,1000,954,1000,1000,1000,1000,996,1000,998,1000,905,148.0.3967.96,999,999,1000,957,1000,999,999,1000,1000,863,1000,1000,1000,1000,988,1000,998,1000,905,151.0.3,987,990,1000,962,1000,999,988,1000,1000,996,1000,1000,1000,1000,935,1000,998,1000,974,26.5 (21624.2.5.11.4),989,999,993,960,1000,957,951,1000,1000,977,1000,1000,1000,333,988,1000,998,974,970,-,981,981,993,912,1000,957,944,1000,1000,837,1000,1000,1000,333,923,1000,998,974,880
2026-06-10,149.0.7827.55,999,991,1000,962,1000,999,999,1000,1000,954,1000,1000,1000,1000,996,1000,998,1000,905,149.0.4022.62,999,999,1000,955,1000,999,999,1000,1000,863,1000,1000,1000,1000,988,1000,998,1000,905,151.0.4,987,990,1000,960,1000,999,988,1000,1000,1000,1000,1000,1000,1000,935,1000,998,1000,974,26.5 (21624.2.5.11.4),989,956,1000,955,1000,861,964,1000,991,818,1000,1000,1000,333,988,1000,998,986,970,-,981,939,1000,902,1000,861,956,1000,991,750,1000,1000,1000,333,923,1000,998,986,880
2026-06-11,149.0.7827.55,999,991,1000,962,1000,999,999,1000,1000,954,1000,1000,1000,1000,996,1000,998,1000,905,149.0.4022.62,999,999,1000,955,1000,999,999,1000,1000,863,1000,1000,1000,1000,988,1000,998,1000,905,151.0.4,987,990,1000,962,1000,999,988,1000,1000,1000,1000,1000,1000,1000,935,1000,998,1000,883,26.5 (21624.2.5.11.4),989,999,1000,960,1000,957,964,1000,1000,977,1000,1000,1000,416,988,1000,998,974,970,-,981,981,1000,910,1000,957,956,1000,1000,840,1000,1000,1000,416,923,1000,998,974,789
2026-06-12,149.0.7827.115,999,991,1000,962,1000,999,999,1000,1000,954,1000,1000,1000,1000,996,1000,998,1000,905,149.0.4022.62,961,991,933,910,942,904,945,1000,1000,863,978,1000,965,1000,912,833,963,939,905,151.0.4,987,990,1000,962,1000,999,988,1000,1000,1000,1000,1000,1000,1000,935,1000,998,1000,974,26.5 (21624.2.5.11.4),981,999,993,960,1000,957,946,1000,1000,977,1000,1000,1000,333,988,1000,998,974,970,-,935,974,926,865,942,861,888,1000,1000,840,978,1000,965,333,847,833,963,913,880
2026-06-13,149.0.7827.115,999,991,1000,962,1000,999,999,1000,1000,954,1000,1000,1000,333,996,1000,998,1000,905,149.0.4022.69,999,999,1000,957,1000,999,999,1000,1000,863,1000,1000,1000,333,988,1000,998,1000,905,151.0.4,987,990,1000,962,1000,999,988,1000,1000,1000,1000,1000,1000,1000,935,1000,998,1000,974,26.5 (21624.2.5.11.4),985,948,1000,960,1000,933,964,1000,1000,909,978,1000,965,416,988,1000,998,974,970,-,977,939,1000,912,1000,933,956,1000,1000,772,978,1000,965,333,923,1000,998,974,880
2026-06-16,149.0.7827.115,999,991,1000,962,1000,999,999,1000,1000,954,1000,1000,1000,333,996,1000,998,1000,905,149.0.4022.69,999,999,1000,960,1000,999,999,1000,1000,863,1000,1000,1000,333,988,1000,998,1000,905,151.0.4,987,990,1000,962,1000,999,988,1000,1000,1000,1000,1000,1000,1000,935,1000,998,1000,974,26.5 (21624.2.5.11.4),989,974,1000,960,1000,909,964,1000,1000,833,1000,1000,1000,333,988,1000,992,974,970,-,981,956,1000,915,1000,909,956,1000,1000,697,1000,1000,1000,333,923,1000,992,974,880
2026-06-18,150.0.7871.24,999,999,1000,991,1000,999,1000,1000,1000,954,1000,1000,1000,333,996,1000,998,1000,905,149.0.4022.69,999,999,1000,955,1000,999,999,1000,1000,863,1000,1000,1000,333,988,1000,998,1000,905,152.0,993,990,1000,962,1000,999,988,1000,1000,1000,1000,1000,1000,1000,935,1000,998,1000,981,26.5 (21624.2.5.11.4),989,999,1000,960,1000,957,964,1000,1000,977,1000,1000,1000,333,988,1000,998,986,970,-,987,990,1000,912,1000,957,956,1000,1000,840,1000,1000,1000,333,923,1000,998,986,880
2026-06-24,150.0.7871.24,999,991,1000,991,1000,999,1000,1000,1000,954,1000,1000,1000,333,996,1000,998,1000,905,149.0.4022.80,999,999,1000,957,1000,999,999,1000,1000,863,1000,1000,1000,333,988,1000,998,1000,905,152.0.2,993,990,1000,960,1000,999,988,1000,1000,1000,1000,1000,1000,1000,935,1000,998,1000,981,26.5 (21624.2.5.11.4),989,999,993,960,1000,957,964,1000,991,977,1000,1000,1000,416,988,1000,998,986,970,-,987,981,993,912,1000,957,956,1000,991,840,1000,1000,1000,333,923,1000,998,986,880
2026-06-25,150.0.7871.24,999,999,1000,991,1000,999,1000,1000,1000,954,1000,1000,1000,333,996,1000,998,1000,905,149.0.4022.80,999,999,1000,957,1000,999,999,1000,1000,863,1000,1000,1000,333,988,1000,998,1000,905,152.0.2,993,990,1000,962,1000,999,988,1000,1000,1000,1000,1000,1000,1000,935,1000,998,1000,981,26.5 (21624.2.5.11.4),989,999,1000,960,1000,957,964,1000,1000,977,1000,1000,1000,333,988,1000,998,974,970,-,987,990,1000,915,1000,957,956,1000,1000,840,1000,1000,1000,333,923,1000,998,974,880
2026-06-26,150.0.7871.24,999,999,1000,991,1000,999,1000,1000,1000,954,1000,1000,1000,333,996,1000,998,1000,905,149.0.4022.96,999,999,1000,960,1000,999,999,1000,1000,863,1000,1000,1000,1000,988,1000,998,1000,905,152.0.3,993,990,1000,962,1000,999,988,1000,1000,996,1000,1000,1000,1000,935,1000,998,1000,981,26.5 (21624.2.5.11.4),989,999,1000,960,1000,957,964,1000,1000,977,1000,1000,1000,333,988,1000,998,974,970,-,987,990,1000,917,1000,957,956,1000,1000,837,1000,1000,1000,333,923,1000,998,974,880
2026-06-28,150.0.7871.24,999,999,1000,991,1000,999,1000,1000,1000,954,1000,1000,1000,333,996,1000,998,1000,905,149.0.4022.98,999,999,1000,960,1000,999,999,1000,1000,863,1000,1000,1000,1000,988,1000,998,1000,905,152.0.3,993,990,1000,962,1000,999,988,1000,1000,1000,1000,1000,1000,1000,935,1000,998,1000,981,26.5 (21624.2.5.11.4),989,956,1000,960,1000,940,964,1000,1000,977,1000,1000,1000,416,984,1000,998,974,970,-,987,947,1000,917,1000,940,956,1000,1000,840,1000,1000,1000,333,919,1000,998,974,880
2026-07-01,150.0.7871.46,999,999,1000,991,1000,999,1000,1000,1000,954,1000,1000,1000,1000,996,1000,998,1000,905,149.0.4022.98,995,999,1000,955,1000,999,999,1000,1000,863,1000,1000,1000,1000,988,1000,998,1000,905,152.0.4,993,990,1000,962,1000,999,988,1000,1000,1000,1000,1000,1000,1000,935,1000,998,1000,981,26.5 (21624.2.5.11.4),989,999,993,960,1000,957,964,1000,1000,977,1000,1000,1000,416,988,1000,998,974,970,-,983,990,993,912,1000,957,956,1000,1000,840,1000,1000,1000,416,923,1000,998,974,880
2026-07-02,150.0.7871.46,999,999,1000,991,1000,999,1000,1000,1000,954,1000,1000,1000,1000,996,1000,998,1000,905,149.0.4022.98,999,999,1000,960,1000,999,999,1000,1000,863,1000,1000,1000,1000,988,1000,998,1000,905,152.0.4,993,990,1000,962,1000,999,988,1000,1000,1000,1000,1000,1000,1000,935,1000,998,1000,981,26.5 (21624.2.5.11.4),989,999,1000,960,1000,957,964,1000,1000,977,1000,1000,1000,416,988,1000,998,974,970,-,987,990,1000,917,1000,957,956,1000,1000,840,1000,1000,1000,416,923,1000,998,974,880
2026-07-03,150.0.7871.46,999,991,1000,991,1000,999,1000,1000,1000,954,1000,1000,1000,1000,996,1000,998,1000,905,150.0.4078.48,999,999,1000,986,1000,999,1000,1000,1000,863,1000,1000,1000,1000,988,1000,998,1000,905,152.0.4,993,990,1000,960,1000,999,988,1000,1000,1000,1000,1000,1000,1000,935,1000,998,1000,981,26.5 (21624.2.5.11.4),989,956,1000,960,1000,940,964,1000,1000,977,1000,1000,1000,416,984,1000,998,974,970,-,987,939,1000,915,1000,940,956,1000,1000,840,1000,1000,1000,416,919,1000,998,974,880
2026-07-04,150.0.7871.46,999,999,1000,988,1000,999,1000,1000,1000,954,1000,1000,1000,1000,996,1000,998,1000,905,150.0.4078.48,999,999,1000,986,1000,999,1000,1000,1000,863,1000,1000,1000,1000,988,1000,998,1000,905,152.0.4,993,990,1000,962,1000,999,988,1000,1000,996,1000,1000,1000,1000,935,1000,998,1000,981,26.5 (21624.2.5.11.4),989,956,1000,960,1000,957,964,1000,1000,977,1000,1000,1000,333,988,1000,998,974,970,-,987,947,1000,915,1000,957,956,1000,1000,837,1000,1000,1000,333,923,1000,998,974,880
2026-07-05,150.0.7871.46,999,999,1000,991,1000,999,1000,1000,1000,954,1000,1000,1000,1000,996,1000,998,1000,905,150.0.4078.48,999,999,1000,986,1000,999,1000,1000,1000,863,1000,1000,1000,1000,988,1000,998,1000,905,152.0.4,993,990,1000,962,1000,999,988,1000,1000,1000,1000,1000,1000,1000,935,1000,998,1000,981,26.5 (21624.2.5.11.4),985,948,1000,960,1000,933,964,1000,1000,909,978,1000,965,333,988,1000,998,974,970,-,983,939,1000,917,1000,933,956,1000,1000,772,978,1000,965,333,923,1000,998,974,880
2026-07-08,150.0.7871.49,999,999,1000,991,1000,999,1000,1000,1000,954,1000,1000,1000,1000,996,1000,998,1000,905,150.0.4078.48,999,999,1000,986,1000,999,1000,1000,1000,863,1000,1000,1000,1000,988,1000,998,1000,905,152.0.5,993,990,1000,962,1000,999,988,1000,1000,996,1000,1000,1000,1000,935,1000,998,1000,981,26.5.2 (21624.2.5.11.8),989,999,1000,960,1000,957,964,1000,1000,977,1000,1000,1000,333,988,1000,998,986,970,-,987,990,1000,917,1000,957,956,1000,1000,837,1000,1000,1000,333,923,1000,998,986,880
2026-07-09,150.0.7871.115,999,999,1000,991,1000,999,1000,1000,1000,954,1000,1000,1000,1000,996,1000,998,1000,905,150.0.4078.48,999,999,1000,983,1000,999,1000,1000,1000,863,1000,1000,1000,1000,988,1000,998,1000,905,152.0.5,993,990,1000,962,1000,999,988,1000,1000,996,1000,1000,1000,1000,935,1000,998,1000,981,26.5.2 (21624.2.5.11.8),989,999,1000,960,1000,957,964,1000,1000,977,1000,1000,1000,333,988,1000,998,986,970,-,987,990,1000,915,1000,957,956,1000,1000,837,1000,1000,1000,333,923,1000,998,986,880
2026-07-10,150.0.7871.115,999,999,1000,991,1000,999,1000,1000,1000,954,1000,1000,1000,1000,996,1000,998,1000,905,150.0.4078.65,999,999,1000,986,1000,999,1000,1000,1000,863,1000,1000,1000,1000,988,1000,992,1000,905,152.0.5,993,990,1000,960,1000,999,988,1000,1000,1000,1000,1000,1000,1000,935,1000,998,1000,981,26.5.2 (21624.2.5.11.8),985,948,1000,960,1000,933,964,1000,1000,909,978,1000,965,416,988,1000,998,974,970,-,983,939,1000,915,1000,933,956,1000,1000,772,978,1000,965,416,923,1000,992,974,880
2026-07-11,150.0.7871.115,999,999,1000,991,1000,999,1000,1000,1000,954,1000,1000,1000,1000,996,1000,998,1000,814,150.0.4078.65,999,999,1000,983,1000,999,1000,1000,1000,863,1000,1000,1000,1000,988,1000,998,1000,905,152.0.5,993,990,1000,962,1000,999,988,1000,1000,996,1000,1000,1000,1000,935,1000,998,1000,981,26.5.2 (21624.2.5.11.8),985,905,1000,960,1000,933,964,1000,991,909,978,1000,965,333,988,1000,998,974,970,-,983,896,1000,917,1000,933,956,1000,991,769,978,1000,965,333,923,1000,998,974,789
2026-07-12,150.0.7871.115,999,999,1000,991,1000,999,1000,1000,1000,954,1000,1000,1000,1000,996,1000,998,1000,905,150.0.4078.65,999,999,1000,986,1000,999,1000,1000,1000,863,1000,1000,1000,1000,988,1000,998,1000,905,152.0.5,993,990,1000,960,1000,999,988,1000,1000,996,1000,1000,1000,1000,935,1000,998,1000,981,26.5.2 (21624.2.5.11.8),989,956,1000,960,1000,957,964,1000,991,977,978,1000,965,333,988,1000,998,974,970,-,987,947,1000,915,1000,957,956,1000,991,837,978,1000,965,333,923,1000,998,974,880
2026-07-14,150.0.7871.115,999,999,1000,991,1000,999,1000,1000,1000,954,1000,1000,1000,1000,996,1000,998,1000,905,150.0.4078.65,999,999,1000,986,1000,999,1000,1000,1000,863,1000,1000,1000,1000,988,1000,998,1000,905,152.0.5,993,990,1000,960,1000,999,988,1000,1000,1000,1000,1000,1000,1000,935,1000,998,1000,981,26.5.2 (21624.2.5.11.8),989,999,1000,960,1000,957,964,1000,991,977,1000,1000,1000,333,988,1000,998,974,970,-,987,990,1000,915,1000,957,956,1000,991,840,1000,1000,1000,333,923,1000,998,974,880
2026-07-15,150.0.7871.124,999,999,1000,991,1000,999,1000,1000,1000,954,1000,1000,1000,1000,996,1000,998,1000,905,150.0.4078.65,999,991,1000,986,1000,999,1000,1000,1000,863,1000,1000,1000,1000,988,1000,998,1000,905,152.0.6,993,990,1000,960,1000,999,988,1000,1000,1000,1000,1000,1000,1000,935,1000,998,1000,981,26.5.2 (21624.2.5.11.8),989,956,1000,960,1000,869,964,1000,1000,848,1000,1000,1000,333,988,1000,998,986,970,-,987,939,1000,915,1000,869,956,1000,1000,757,1000,1000,1000,333,923,1000,998,986,880
2026-07-16,151.0.7922.34,1000,999,962,993,1000,1000,1000,1000,1000,954,1000,1000,1000,1000,996,1000,998,1000,905,150.0.4078.65,999,999,962,986,1000,999,1000,1000,1000,863,1000,1000,1000,1000,988,1000,998,1000,905,152.0.6,993,990,962,962,1000,999,988,1000,1000,1000,1000,1000,1000,1000,935,1000,998,1000,981,26.5.2 (21624.2.5.11.8),989,999,962,960,1000,957,964,1000,991,977,1000,1000,1000,333,988,1000,998,974,970,-,987,990,962,915,1000,957,956,1000,991,840,1000,1000,1000,333,923,1000,998,974,880
2026-07-17,151.0.7922.34,1000,999,962,996,1000,1000,1000,1000,1000,954,1000,1000,1000,1000,996,1000,998,1000,905,150.0.4078.65,999,999,962,986,1000,999,1000,1000,1000,863,1000,1000,1000,1000,988,1000,998,1000,905,152.0.6,993,990,962,960,1000,999,988,1000,1000,1000,1000,1000,1000,1000,935,1000,998,1000,981,26.5.2 (21624.2.5.11.8),989,982,962,960,1000,957,964,1000,1000,977,1000,1000,1000,333,988,1000,998,974,970,-,987,973,962,915,1000,957,956,1000,1000,840,1000,1000,1000,333,923,1000,998,974,880
2026-07-18,151.0.7922.34,1000,999,962,996,1000,1000,1000,1000,1000,954,1000,1000,1000,1000,996,1000,998,1000,905,150.0.4078.83,999,999,962,986,1000,999,1000,1000,1000,863,1000,1000,1000,1000,988,1000,998,1000,905,152.0.6,993,990,962,960,1000,999,988,1000,1000,1000,1000,1000,1000,1000,935,1000,998,1000,981,26.5.2 (21624.2.5.11.8),989,999,962,960,1000,957,964,1000,1000,977,1000,1000,1000,333,988,1000,998,986,970,-,987,990,962,915,1000,957,956,1000,1000,840,1000,1000,1000,333,923,1000,998,986,880
2026-07-19,151.0.7922.34,1000,999,962,996,1000,1000,1000,1000,1000,954,1000,1000,1000,1000,996,1000,998,1000,905,150.0.4078.83,999,999,929,986,1000,999,1000,1000,1000,863,1000,1000,1000,1000,988,1000,998,1000,905,152.0.6,993,990,962,960,1000,999,988,1000,1000,1000,1000,1000,1000,1000,935,1000,998,1000,981,26.5.2 (21624.2.5.11.8),989,999,958,960,1000,957,964,1000,1000,977,1000,1000,1000,333,988,1000,998,974,970,-,987,990,925,915,1000,957,956,1000,1000,840,1000,1000,1000,333,923,1000,998,974,880
2026-07-22,151.0.7922.34,1000,999,962,996,1000,1000,1000,1000,1000,954,1000,1000,1000,1000,992,1000,998,1000,905,150.0.4078.83,999,999,962,986,1000,999,1000,1000,1000,863,1000,1000,1000,1000,988,1000,998,1000,905,153.0,995,990,962,962,1000,999,988,1000,1000,996,1000,1000,1000,1000,935,1000,998,1000,981,26.5.2 (21624.2.5.11.8),989,999,962,960,1000,957,964,1000,1000,977,1000,1000,1000,416,988,1000,998,974,970,-,989,990,962,917,1000,957,956,1000,1000,837,1000,1000,1000,416,923,1000,998,974,880
2026-07-24,151.0.7922.47,1000,999,962,996,1000,1000,1000,1000,1000,954,1000,1000,1000,1000,996,1000,998,1000,905,150.0.4078.96,999,999,962,983,1000,999,1000,1000,1000,863,1000,1000,1000,1000,988,1000,998,1000,905,153.0,995,990,962,962,1000,999,988,1000,1000,1000,1000,1000,1000,1000,935,1000,998,1000,981,26.5.2 (21624.2.5.11.8),989,897,958,957,1000,766,964,1000,1000,901,956,1000,1000,333,988,1000,998,974,970,-,989,887,958,912,1000,766,956,1000,1000,765,956,1000,1000,333,923,1000,998,974,880
2026-07-25,151.0.7922.47,1000,999,962,996,1000,1000,1000,1000,1000,954,1000,1000,1000,1000,996,1000,998,1000,905,150.0.4078.99,999,999,962,986,1000,976,1000,1000,1000,863,1000,1000,1000,1000,988,1000,998,1000,905,153.0,995,990,962,962,1000,999,988,1000,1000,1000,1000,1000,1000,1000,935,1000,998,1000,981,26.5.2 (21624.2.5.11.8),989,999,962,960,1000,957,964,1000,1000,977,1000,1000,1000,333,988,1000,998,974,970,-,989,990,962,917,1000,933,956,1000,1000,840,1000,1000,1000,333,923,1000,998,974,880
2026-07-29,151.0.7922.47,1000,999,962,996,1000,1000,1000,1000,1000,954,1000,1000,1000,1000,996,1000,998,1000,905,150.0.4078.105,999,999,962,986,1000,999,1000,1000,1000,863,1000,1000,1000,1000,988,1000,998,1000,905,153.0.1,995,990,962,962,1000,999,988,1000,1000,1000,1000,1000,1000,1000,935,1000,998,1000,981,26.6 (21624.4.5.11.5),989,974,962,960,1000,957,964,1000,991,1000,1000,1000,1000,333,988,1000,998,974,970,-,989,964,962,917,1000,957,956,1000,991,863,1000,1000,1000,333,923,1000,998,974,880
2026-07-30,151.0.7922.71,1000,999,962,996,1000,1000,1000,1000,1000,954,1000,1000,1000,1000,996,1000,998,1000,905,150.0.4078.105,999,999,962,986,1000,999,1000,1000,1000,863,1000,1000,1000,1000,988,1000,998,1000,905,153.0.1,995,990,962,962,1000,999,988,1000,1000,996,1000,1000,1000,1000,935,1000,998,1000,981,26.6 (21624.4.5.11.5),989,999,962,960,1000,957,964,1000,1000,1000,1000,1000,1000,416,988,1000,998,974,970,-,989,990,962,917,1000,957,956,1000,1000,860,1000,1000,1000,416,923,1000,998,974,880
2026-07-31,151.0.7922.71,1000,991,962,996,1000,1000,1000,1000,1000,954,1000,1000,1000,1000,996,1000,998,1000,905,150.0.4078.105,999,999,962,986,1000,999,1000,1000,1000,863,1000,1000,1000,1000,988,1000,998,1000,905,153.0.1,995,990,962,962,1000,999,988,1000,1000,1000,1000,1000,1000,1000,935,1000,998,1000,981,26.6 (21624.4.5.11.5),989,999,962,960,1000,957,964,1000,1000,1000,1000,1000,1000,333,988,1000,998,986,970,-,989,981,962,917,1000,957,956,1000,1000,863,1000,1000,1000,333,923,1000,998,986,880
2026-08-02,151.0.7922.71,1000,999,962,996,1000,1000,1000,1000,1000,954,1000,1000,1000,1000,996,1000,998,1000,905,151.0.4129.59,1000,991,962,986,1000,1000,1000,1000,1000,863,1000,1000,1000,1000,988,1000,998,1000,905,153.0.1,995,990,962,962,1000,999,988,1000,1000,996,1000,1000,1000,1000,935,1000,998,1000,981,26.6 (21624.4.5.11.5),989,982,958,960,1000,921,964,1000,1000,1000,1000,1000,965,333,988,1000,998,974,970,-,989,964,958,912,1000,921,956,1000,1000,860,1000,1000,965,333,923,1000,998,974,880
2026-08-04,151.0.7922.71,1000,999,962,996,1000,1000,1000,1000,1000,954,1000,1000,1000,1000,996,1000,998,1000,905,151.0.4129.59,1000,991,962,988,1000,1000,1000,1000,1000,863,1000,1000,1000,1000,988,1000,998,1000,905,153.0.1,995,990,962,960,1000,999,988,1000,1000,996,1000,1000,1000,1000,935,1000,998,1000,981,26.6 (21624.4.5.11.5),989,999,962,960,1000,957,964,1000,1000,1000,1000,1000,1000,416,988,1000,998,986,970,-,989,981,962,912,1000,957,956,1000,1000,860,1000,1000,1000,416,923,1000,998,986,880
2026-08-05,151.0.7922.76,1000,999,962,996,1000,1000,1000,1000,1000,954,1000,1000,1000,1000,996,1000,998,1000,905,151.0.4129.59,1000,991,962,986,1000,1000,1000,1000,1000,863,1000,1000,1000,1000,988,1000,998,1000,905,153.0.3,995,990,962,960,1000,999,988,1000,1000,1000,1000,1000,1000,1000,935,1000,998,1000,981,26.6 (21624.4.5.11.5),989,914,958,955,1000,719,964,1000,1000,901,978,1000,1000,333,984,1000,998,974,970,-,989,896,958,904,1000,719,956,1000,1000,787,978,1000,1000,333,923,1000,998,974,880
2026-08-06,151.0.7922.76,1000,991,962,993,1000,1000,1000,1000,1000,954,1000,1000,1000,1000,996,1000,998,1000,905,151.0.4129.59,1000,991,962,988,1000,1000,1000,1000,1000,863,1000,1000,1000,1000,988,1000,998,1000,905,153.0.3,995,990,962,962,1000,999,988,1000,1000,1000,978,1000,1000,1000,935,1000,998,1000,981,26.6 (21624.4.5.11.5),989,999,962,960,1000,957,964,1000,1000,1000,1000,1000,1000,333,988,1000,998,974,970,-,989,973,962,912,1000,957,956,1000,1000,863,978,1000,1000,333,923,1000,998,974,880
2026-08-11,151.0.7922.77,1000,999,962,996,1000,1000,1000,1000,1000,954,1000,1000,1000,1000,996,1000,998,1000,905,151.0.4129.78,1000,991,962,988,1000,1000,1000,1000,1000,863,1000,1000,1000,1000,988,1000,998,1000,905,153.0.3,995,990,962,960,1000,999,988,1000,1000,1000,1000,1000,1000,1000,935,1000,998,1000,981,26.6 (21624.4.5.11.5),989,956,958,960,1000,957,964,1000,982,1000,1000,1000,997,333,988,1000,998,974,970,-,989,939,958,912,1000,957,956,1000,982,863,1000,1000,997,333,923,1000,998,974,880
2026-08-12,151.0.7922.138,1000,999,962,996,1000,1000,1000,1000,1000,954,1000,1000,1000,1000,996,1000,998,1000,905,151.0.4129.78,1000,991,962,988,1000,1000,1000,1000,1000,863,1000,1000,1000,1000,988,1000,998,1000,905,153.0.4,995,990,962,962,1000,999,988,1000,1000,1000,1000,1000,1000,1000,935,1000,998,1000,981,26.6 (21624.4.5.11.5),989,999,962,960,1000,957,964,1000,1000,1000,1000,1000,997,333,988,1000,998,974,970,-,989,981,962,915,1000,957,956,1000,1000,863,1000,1000,997,333,923,1000,998,974,880
2026-08-13,152.0.7977.42,1000,999,962,997,1000,1000,1000,1000,1000,954,1000,1000,1000,1000,996,1000,998,1000,905,151.0.4129.78,1000,991,962,988,1000,1000,1000,1000,1000,863,1000,1000,1000,1000,988,1000,998,1000,905,153.0.4,995,990,962,962,1000,999,988,1000,1000,1000,1000,1000,1000,1000,935,1000,998,1000,981,26.6 (21624.4.5.11.5),989,999,962,960,1000,957,964,1000,1000,1000,1000,1000,997,416,988,1000,998,974,970,-,989,981,962,915,1000,957,956,1000,1000,863,1000,1000,997,416,923,1000,998,974,880
2026-08-18,152.0.7977.42,1000,999,962,994,1000,1000,1000,1000,1000,954,1000,1000,1000,1000,1000,1000,998,1000,905,151.0.4129.93,1000,991,962,988,1000,1000,1000,1000,1000,863,1000,1000,1000,1000,992,1000,998,1000,905,153.0.4,995,990,962,960,1000,999,988,1000,1000,1000,1000,1000,1000,1000,939,1000,998,1000,981,26.6 (21624.4.5.11.5),989,999,962,960,1000,957,964,1000,1000,1000,1000,1000,997,333,988,1000,998,986,970,-,989,981,962,910,1000,957,956,1000,1000,863,1000,1000,997,333,920,1000,998,986,880
2026-08-19,152.0.7977.42,1000,991,962,997,1000,1000,1000,1000,1000,954,1000,1000,1000,1000,1000,1000,998,1000,905,151.0.4129.93,1000,991,962,988,1000,1000,1000,1000,1000,863,1000,1000,1000,1000,992,1000,998,1000,905,154.0,1000,990,962,965,1000,999,988,1000,1000,1000,1000,1000,1000,1000,939,1000,998,1000,981,26.6 (21624.4.5.11.5),989,999,962,960,1000,957,964,1000,1000,1000,1000,1000,997,333,988,1000,998,986,970,-,989,973,962,917,1000,957,956,1000,1000,863,1000,1000,997,333,920,1000,998,986,880
2026-08-21,152.0.7977.54,1000,991,962,997,1000,1000,1000,1000,1000,954,1000,1000,1000,1000,1000,1000,998,1000,905,151.0.4129.101,1000,991,962,983,1000,1000,1000,1000,1000,863,1000,1000,1000,1000,992,1000,998,1000,905,154.0,1000,990,962,962,1000,999,988,1000,1000,1000,1000,1000,1000,1000,935,1000,998,1000,981,26.6 (21624.4.5.11.5),989,999,958,960,1000,957,964,1000,1000,1000,1000,1000,997,333,988,1000,998,974,970,-,989,973,958,910,1000,957,956,1000,1000,863,1000,1000,997,333,916,1000,998,974,880
2026-08-22,152.0.7977.54,1000,999,962,997,1000,1000,1000,1000,1000,954,1000,1000,1000,1000,1000,1000,998,1000,905,151.0.4129.101,1000,991,962,988,1000,1000,1000,1000,1000,863,1000,1000,1000,1000,992,1000,998,1000,905,154.0,1000,990,962,965,1000,999,988,1000,1000,1000,1000,1000,1000,1000,939,1000,998,1000,981,26.6 (21624.4.5.11.5),989,999,962,960,1000,957,964,1000,1000,1000,1000,1000,997,333,988,1000,998,986,970,-,989,981,962,917,1000,957,956,1000,1000,863,1000,1000,997,333,920,1000,998,986,880
2026-08-23,152.0.7977.54,1000,999,962,997,1000,1000,1000,1000,1000,954,1000,1000,1000,1000,1000,1000,998,1000,905,151.0.4129.101,1000,991,962,988,1000,1000,1000,1000,1000,863,1000,1000,1000,1000,992,1000,998,1000,905,154.0,1000,990,962,965,1000,999,988,1000,1000,996,1000,1000,1000,1000,939,1000,998,1000,981,26.6 (21624.4.5.11.5),989,999,962,960,1000,957,964,1000,1000,1000,1000,1000,997,416,988,1000,998,974,970,-,989,981,962,917,1000,957,956,1000,1000,860,1000,1000,997,416,920,1000,998,974,880
2026-08-26,152.0.7977.64,1000,999,962,997,1000,1000,1000,1000,1000,954,1000,1000,1000,1000,1000,1000,998,1000,905,151.0.4129.107,1000,991,962,988,1000,1000,1000,1000,1000,840,1000,1000,1000,1000,992,1000,998,1000,905,154.0.1,1000,990,962,965,1000,999,988,1000,1000,996,1000,1000,1000,1000,939,1000,998,1000,981,26.6 (21624.4.5.11.5),989,956,958,960,1000,957,964,1000,982,1000,1000,1000,997,499,988,1000,998,974,970,-,989,939,958,917,1000,957,956,1000,982,837,1000,1000,997,499,920,1000,998,974,880
2026-08-27,152.0.7977.64,1000,982,962,997,1000,1000,1000,1000,1000,954,1000,1000,1000,1000,1000,1000,998,1000,905,151.0.4129.107,1000,982,962,988,1000,1000,1000,1000,1000,863,1000,1000,1000,1000,992,1000,998,1000,905,154.0.1,1000,990,962,962,1000,999,988,1000,1000,1000,1000,1000,1000,1000,939,1000,998,1000,981,26.6 (21624.4.5.11.5),989,999,962,960,1000,957,964,1000,1000,1000,1000,1000,997,333,988,1000,998,974,970,-,989,956,962,915,1000,957,956,1000,1000,863,1000,1000,997,333,920,1000,998,974,880
